vehicle_id,driver_id,driver_name,vehicle_type,timestamp,gps_latitude,gps_longitude,speed_kmh,fuel_consumption_rate,fuel_level_pct,distance_remaining_km,traffic_congestion,weather_condition,trip_progress_pct,delivery_status,delay_risk,estimated_arrival_time_min
TRK-101,DRV-801,Rajesh Sharma,Heavy Freight (Tata Prima 5530.S),2026-08-27T10:11:54.206321,28.6139,77.209,62.6,39.98,101.1,1242.38,High,Clear,0.0,High Risk,High,1785.8
TRK-101,DRV-801,Rajesh Sharma,Heavy Freight (Tata Prima 5530.S),2026-08-27T10:15:54.206321,28.13585,76.8315,83.4,34.02,98.3,1176.99,Low,Clear,5.3,In Transit,Low,840.6
TRK-101,DRV-801,Rajesh Sharma,Heavy Freight (Tata Prima 5530.S),2026-08-27T10:19:54.206321,27.65693,76.44816,82.0,32.57,90.7,1111.6,Low,Clear,10.5,In Transit,Low,815.1
TRK-101,DRV-801,Rajesh Sharma,Heavy Freight (Tata Prima 5530.S),2026-08-27T10:23:54.206321,27.19431,76.03753,69.7,37.59,85.8,1046.22,Moderate,Clear,15.8,High Risk,High,1082.1
TRK-101,DRV-801,Rajesh Sharma,Heavy Freight (Tata Prima 5530.S),2026-08-27T10:27:54.206321,26.72033,75.64603,72.9,35.17,86.6,980.83,Moderate,Clear,21.1,High Risk,High,967.4
TRK-101,DRV-801,Rajesh Sharma,Heavy Freight (Tata Prima 5530.S),2026-08-27T10:31:54.206321,26.22862,75.28438,87.4,32.81,82.0,915.44,Low,Clear,26.3,In Transit,Low,622.4
TRK-101,DRV-801,Rajesh Sharma,Heavy Freight (Tata Prima 5530.S),2026-08-27T10:35:54.206321,25.73692,74.92272,77.8,31.85,76.7,850.05,Low,Clear,31.6,In Transit,Low,653.8
TRK-101,DRV-801,Rajesh Sharma,Heavy Freight (Tata Prima 5530.S),2026-08-27T10:39:54.206321,25.26393,74.53792,56.5,40.69,70.4,784.66,High,Clear,36.8,High Risk,High,1250.8
TRK-101,DRV-801,Rajesh Sharma,Heavy Freight (Tata Prima 5530.S),2026-08-27T10:43:54.206321,24.86862,74.05702,37.4,45.37,68.4,719.27,Severe,Clear,42.1,Delayed,High,2306.7
TRK-101,DRV-801,Rajesh Sharma,Heavy Freight (Tata Prima 5530.S),2026-08-27T10:47:54.206321,24.44642,73.61103,62.4,36.66,63.1,653.89,Moderate,Clear,47.4,High Risk,High,754.5
TRK-101,DRV-801,Rajesh Sharma,Heavy Freight (Tata Prima 5530.S),2026-08-27T10:51:54.206321,23.95634,73.25322,86.3,34.24,55.6,588.5,Low,Clear,52.6,In Transit,Low,413.9
TRK-101,DRV-801,Rajesh Sharma,Heavy Freight (Tata Prima 5530.S),2026-08-27T10:55:54.206321,23.46626,72.8954,95.1,33.24,55.2,523.11,Low,Clear,57.9,In Transit,Low,330.0
TRK-101,DRV-801,Rajesh Sharma,Heavy Freight (Tata Prima 5530.S),2026-08-27T10:59:54.206321,22.97874,72.60871,60.3,38.78,52.8,457.72,Moderate,Clear,63.2,High Risk,High,545.7
TRK-101,DRV-801,Rajesh Sharma,Heavy Freight (Tata Prima 5530.S),2026-08-27T11:03:54.206321,22.51567,73.00348,55.1,39.73,48.7,392.33,High,Clear,68.4,High Risk,High,638.0
TRK-101,DRV-801,Rajesh Sharma,Heavy Freight (Tata Prima 5530.S),2026-08-27T11:07:54.206321,21.99517,73.08512,79.0,32.75,45.6,326.94,Low,Clear,73.7,In Transit,Low,250.9
TRK-101,DRV-801,Rajesh Sharma,Heavy Freight (Tata Prima 5530.S),2026-08-27T11:11:54.206321,21.42765,72.91037,65.8,35.0,39.4,261.55,Moderate,Clear,78.9,High Risk,High,286.1
TRK-101,DRV-801,Rajesh Sharma,Heavy Freight (Tata Prima 5530.S),2026-08-27T11:15:54.206321,20.84756,72.83828,76.1,30.96,35.7,196.17,Low,Clear,84.2,In Transit,Low,152.6
TRK-101,DRV-801,Rajesh Sharma,Heavy Freight (Tata Prima 5530.S),2026-08-27T11:19:54.206321,20.25704,72.85142,80.6,30.86,32.2,130.78,Low,Clear,89.5,In Transit,Low,97.1
TRK-101,DRV-801,Rajesh Sharma,Heavy Freight (Tata Prima 5530.S),2026-08-27T11:23:54.206321,19.66652,72.86456,40.2,48.78,32.1,65.39,Severe,Clear,94.7,High Risk,High,195.9
TRK-101,DRV-801,Rajesh Sharma,Heavy Freight (Tata Prima 5530.S),2026-08-27T11:27:54.206321,19.076,72.8777,57.8,43.61,25.0,0.0,High,Clear,100.0,In Transit,Moderate,2.1
TRK-101,DRV-801,Rajesh Sharma,Heavy Freight (Tata Prima 5530.S),2026-08-28T00:11:54.206321,28.6139,77.209,54.0,43.14,97.1,1242.38,Moderate,Fog,0.0,High Risk,High,2234.5
TRK-101,DRV-801,Rajesh Sharma,Heavy Freight (Tata Prima 5530.S),2026-08-28T00:15:54.206321,28.13585,76.8315,69.4,37.16,94.3,1176.99,Moderate,Fog,5.3,High Risk,High,1646.9
TRK-101,DRV-801,Rajesh Sharma,Heavy Freight (Tata Prima 5530.S),2026-08-28T00:19:54.206321,27.65693,76.44816,53.1,41.27,96.7,1111.6,High,Fog,10.5,High Risk,High,2539.4
TRK-101,DRV-801,Rajesh Sharma,Heavy Freight (Tata Prima 5530.S),2026-08-28T00:23:54.206321,27.19431,76.03753,48.5,45.48,88.9,1046.22,High,Fog,15.8,High Risk,High,2623.2
TRK-101,DRV-801,Rajesh Sharma,Heavy Freight (Tata Prima 5530.S),2026-08-28T00:27:54.206321,26.72033,75.64603,75.6,37.68,82.2,980.83,Low,Fog,21.1,High Risk,High,1050.1
TRK-101,DRV-801,Rajesh Sharma,Heavy Freight (Tata Prima 5530.S),2026-08-28T00:31:54.206321,26.22862,75.28438,57.2,41.06,79.7,915.44,Moderate,Fog,26.3,High Risk,High,1554.7
TRK-101,DRV-801,Rajesh Sharma,Heavy Freight (Tata Prima 5530.S),2026-08-28T00:35:54.206321,25.73692,74.92272,71.0,34.83,77.7,850.05,Low,Fog,31.6,High Risk,High,972.2
TRK-101,DRV-801,Rajesh Sharma,Heavy Freight (Tata Prima 5530.S),2026-08-28T00:39:54.206321,25.26393,74.53792,67.0,45.01,69.1,784.66,High,Fog,36.8,High Risk,High,1424.0
TRK-101,DRV-801,Rajesh Sharma,Heavy Freight (Tata Prima 5530.S),2026-08-28T00:43:54.206321,24.86862,74.05702,80.3,38.3,69.1,719.27,Low,Fog,42.1,High Risk,High,728.8
TRK-101,DRV-801,Rajesh Sharma,Heavy Freight (Tata Prima 5530.S),2026-08-28T00:47:54.206321,24.44642,73.61103,72.1,38.33,67.5,653.89,Low,Fog,47.4,High Risk,High,733.9
TRK-101,DRV-801,Rajesh Sharma,Heavy Freight (Tata Prima 5530.S),2026-08-28T00:51:54.206321,23.95634,73.25322,70.5,40.87,56.8,588.5,Low,Fog,52.6,High Risk,High,676.6
TRK-101,DRV-801,Rajesh Sharma,Heavy Freight (Tata Prima 5530.S),2026-08-28T00:55:54.206321,23.46626,72.8954,63.6,41.8,56.9,523.11,Moderate,Fog,57.9,High Risk,High,804.6
TRK-101,DRV-801,Rajesh Sharma,Heavy Freight (Tata Prima 5530.S),2026-08-28T00:59:54.206321,22.97874,72.60871,75.8,37.38,51.5,457.72,Low,Fog,63.2,High Risk,High,491.3
TRK-101,DRV-801,Rajesh Sharma,Heavy Freight (Tata Prima 5530.S),2026-08-28T01:03:54.206321,22.51567,73.00348,40.6,45.21,46.8,392.33,High,Fog,68.4,High Risk,High,1177.8
TRK-101,DRV-801,Rajesh Sharma,Heavy Freight (Tata Prima 5530.S),2026-08-28T01:07:54.206321,21.99517,73.08512,63.8,36.02,43.4,326.94,Moderate,Fog,73.7,High Risk,High,490.8
TRK-101,DRV-801,Rajesh Sharma,Heavy Freight (Tata Prima 5530.S),2026-08-28T01:11:54.206321,21.42765,72.91037,69.4,34.6,44.2,261.55,Low,Fog,78.9,High Risk,High,305.5
TRK-101,DRV-801,Rajesh Sharma,Heavy Freight (Tata Prima 5530.S),2026-08-28T01:15:54.206321,20.84756,72.83828,70.2,35.33,38.0,196.17,Low,Fog,84.2,High Risk,High,225.7
TRK-101,DRV-801,Rajesh Sharma,Heavy Freight (Tata Prima 5530.S),2026-08-28T01:19:54.206321,20.25704,72.85142,69.3,39.01,29.4,130.78,Low,Fog,89.5,High Risk,High,150.4
TRK-101,DRV-801,Rajesh Sharma,Heavy Freight (Tata Prima 5530.S),2026-08-28T01:23:54.206321,19.66652,72.86456,39.9,53.75,31.9,65.39,Severe,Fog,94.7,Delayed,High,262.6
TRK-101,DRV-801,Rajesh Sharma,Heavy Freight (Tata Prima 5530.S),2026-08-28T01:27:54.206321,19.076,72.8777,74.7,35.25,27.7,0.0,Low,Fog,100.0,Arrived,Low,0.5
TRK-101,DRV-801,Rajesh Sharma,Heavy Freight (Tata Prima 5530.S),2026-08-28T14:11:54.206321,28.6139,77.209,56.0,38.89,102.1,1242.38,High,Clear,0.0,High Risk,High,1990.0
TRK-101,DRV-801,Rajesh Sharma,Heavy Freight (Tata Prima 5530.S),2026-08-28T14:15:54.206321,28.13585,76.8315,74.5,35.67,94.0,1176.99,Moderate,Clear,5.3,High Risk,High,1141.6
TRK-101,DRV-801,Rajesh Sharma,Heavy Freight (Tata Prima 5530.S),2026-08-28T14:19:54.206321,27.65693,76.44816,83.4,33.46,90.3,1111.6,Low,Clear,10.5,In Transit,Low,800.7
TRK-101,DRV-801,Rajesh Sharma,Heavy Freight (Tata Prima 5530.S),2026-08-28T14:23:54.206321,27.19431,76.03753,74.4,36.7,89.3,1046.22,Moderate,Clear,15.8,High Risk,High,1014.6
TRK-101,DRV-801,Rajesh Sharma,Heavy Freight (Tata Prima 5530.S),2026-08-28T14:27:54.206321,26.72033,75.64603,90.6,31.94,85.9,980.83,Low,Clear,21.1,In Transit,Low,649.5
TRK-101,DRV-801,Rajesh Sharma,Heavy Freight (Tata Prima 5530.S),2026-08-28T14:31:54.206321,26.22862,75.28438,77.8,37.76,84.6,915.44,Moderate,Clear,26.3,High Risk,High,839.3
TRK-101,DRV-801,Rajesh Sharma,Heavy Freight (Tata Prima 5530.S),2026-08-28T14:35:54.206321,25.73692,74.92272,69.1,41.44,78.4,850.05,High,Clear,31.6,High Risk,High,1105.3
TRK-101,DRV-801,Rajesh Sharma,Heavy Freight (Tata Prima 5530.S),2026-08-28T14:39:54.206321,25.26393,74.53792,57.8,43.77,73.0,784.66,High,Clear,36.8,High Risk,High,1227.6
TRK-101,DRV-801,Rajesh Sharma,Heavy Freight (Tata Prima 5530.S),2026-08-28T14:43:54.206321,24.86862,74.05702,83.7,35.83,68.7,719.27,Low,Clear,42.1,In Transit,Low,516.9
TRK-101,DRV-801,Rajesh Sharma,Heavy Freight (Tata Prima 5530.S),2026-08-28T14:47:54.206321,24.44642,73.61103,58.4,39.85,65.1,653.89,High,Clear,47.4,High Risk,High,1008.4
TRK-101,DRV-801,Rajesh Sharma,Heavy Freight (Tata Prima 5530.S),2026-08-28T14:51:54.206321,23.95634,73.25322,72.5,37.0,62.1,588.5,Moderate,Clear,52.6,High Risk,High,589.0
TRK-101,DRV-801,Rajesh Sharma,Heavy Freight (Tata Prima 5530.S),2026-08-28T14:55:54.206321,23.46626,72.8954,85.9,31.02,55.7,523.11,Low,Clear,57.9,In Transit,Low,365.5
TRK-101,DRV-801,Rajesh Sharma,Heavy Freight (Tata Prima 5530.S),2026-08-28T14:59:54.206321,22.97874,72.60871,89.1,35.83,55.7,457.72,Low,Clear,63.2,In Transit,Low,312.8
TRK-101,DRV-801,Rajesh Sharma,Heavy Freight (Tata Prima 5530.S),2026-08-28T15:03:54.206321,22.51567,73.00348,63.0,38.29,44.6,392.33,Moderate,Clear,68.4,High Risk,High,447.0
TRK-101,DRV-801,Rajesh Sharma,Heavy Freight (Tata Prima 5530.S),2026-08-28T15:07:54.206321,21.99517,73.08512,86.9,32.87,46.9,326.94,Low,Clear,73.7,In Transit,Low,224.1
TRK-101,DRV-801,Rajesh Sharma,Heavy Freight (Tata Prima 5530.S),2026-08-28T15:11:54.206321,21.42765,72.91037,59.5,40.22,46.4,261.55,High,Clear,78.9,High Risk,High,398.9
TRK-101,DRV-801,Rajesh Sharma,Heavy Freight (Tata Prima 5530.S),2026-08-28T15:15:54.206321,20.84756,72.83828,70.6,32.7,39.4,196.17,Low,Clear,84.2,In Transit,Low,164.8
TRK-101,DRV-801,Rajesh Sharma,Heavy Freight (Tata Prima 5530.S),2026-08-28T15:19:54.206321,20.25704,72.85142,87.0,35.37,31.9,130.78,Low,Clear,89.5,In Transit,Low,92.2
TRK-101,DRV-801,Rajesh Sharma,Heavy Freight (Tata Prima 5530.S),2026-08-28T15:23:54.206321,19.66652,72.86456,89.7,31.28,32.7,65.39,Low,Clear,94.7,In Transit,Low,47.0
TRK-101,DRV-801,Rajesh Sharma,Heavy Freight (Tata Prima 5530.S),2026-08-28T15:27:54.206321,19.076,72.8777,90.7,34.47,24.7,0.0,Low,Clear,100.0,Arrived,Low,2.8
TRK-101,DRV-801,Rajesh Sharma,Heavy Freight (Tata Prima 5530.S),2026-08-29T04:11:54.206321,28.6139,77.209,55.1,44.46,95.7,1242.38,High,Clear,0.0,High Risk,High,2024.1
TRK-101,DRV-801,Rajesh Sharma,Heavy Freight (Tata Prima 5530.S),2026-08-29T04:15:54.206321,28.13585,76.8315,77.2,33.22,95.5,1176.99,Low,Clear,5.3,In Transit,Low,921.9
TRK-101,DRV-801,Rajesh Sharma,Heavy Freight (Tata Prima 5530.S),2026-08-29T04:19:54.206321,27.65693,76.44816,90.0,34.53,93.9,1111.6,Low,Clear,10.5,In Transit,Low,741.2
TRK-101,DRV-801,Rajesh Sharma,Heavy Freight (Tata Prima 5530.S),2026-08-29T04:23:54.206321,27.19431,76.03753,76.2,37.13,86.9,1046.22,Moderate,Clear,15.8,High Risk,High,990.6
TRK-101,DRV-801,Rajesh Sharma,Heavy Freight (Tata Prima 5530.S),2026-08-29T04:27:54.206321,26.72033,75.64603,45.4,42.6,85.6,980.83,High,Clear,21.1,High Risk,High,1945.8
TRK-101,DRV-801,Rajesh Sharma,Heavy Freight (Tata Prima 5530.S),2026-08-29T04:31:54.206321,26.22862,75.28438,41.0,50.06,77.3,915.44,Severe,Clear,26.3,High Risk,High,2675.0
TRK-101,DRV-801,Rajesh Sharma,Heavy Freight (Tata Prima 5530.S),2026-08-29T04:35:54.206321,25.73692,74.92272,53.6,49.35,79.6,850.05,Severe,Clear,31.6,High Risk,High,1905.0
TRK-101,DRV-801,Rajesh Sharma,Heavy Freight (Tata Prima 5530.S),2026-08-29T04:39:54.206321,25.26393,74.53792,82.9,29.75,75.6,784.66,Low,Clear,36.8,In Transit,Low,571.3
TRK-101,DRV-801,Rajesh Sharma,Heavy Freight (Tata Prima 5530.S),2026-08-29T04:43:54.206321,24.86862,74.05702,91.4,35.85,68.9,719.27,Low,Clear,42.1,In Transit,Low,473.6
TRK-101,DRV-801,Rajesh Sharma,Heavy Freight (Tata Prima 5530.S),2026-08-29T04:47:54.206321,24.44642,73.61103,87.5,35.08,62.1,653.89,Low,Clear,47.4,In Transit,Low,448.8
TRK-101,DRV-801,Rajesh Sharma,Heavy Freight (Tata Prima 5530.S),2026-08-29T04:51:54.206321,23.95634,73.25322,54.5,39.75,59.3,588.5,Moderate,Clear,52.6,High Risk,High,772.6
TRK-101,DRV-801,Rajesh Sharma,Heavy Freight (Tata Prima 5530.S),2026-08-29T04:55:54.206321,23.46626,72.8954,75.5,34.88,54.9,523.11,Low,Clear,57.9,In Transit,Low,415.6
TRK-101,DRV-801,Rajesh Sharma,Heavy Freight (Tata Prima 5530.S),2026-08-29T04:59:54.206321,22.97874,72.60871,71.8,31.89,51.4,457.72,Low,Clear,63.2,In Transit,Low,379.8
TRK-101,DRV-801,Rajesh Sharma,Heavy Freight (Tata Prima 5530.S),2026-08-29T05:03:54.206321,22.51567,73.00348,44.4,40.69,51.3,392.33,High,Clear,68.4,High Risk,High,800.9
TRK-101,DRV-801,Rajesh Sharma,Heavy Freight (Tata Prima 5530.S),2026-08-29T05:07:54.206321,21.99517,73.08512,75.2,35.43,44.9,326.94,Moderate,Clear,73.7,High Risk,High,315.0
TRK-101,DRV-801,Rajesh Sharma,Heavy Freight (Tata Prima 5530.S),2026-08-29T05:11:54.206321,21.42765,72.91037,56.3,42.31,40.1,261.55,High,Clear,78.9,High Risk,High,417.6
TRK-101,DRV-801,Rajesh Sharma,Heavy Freight (Tata Prima 5530.S),2026-08-29T05:15:54.206321,20.84756,72.83828,56.0,42.11,35.3,196.17,High,Clear,84.2,High Risk,High,310.1
TRK-101,DRV-801,Rajesh Sharma,Heavy Freight (Tata Prima 5530.S),2026-08-29T05:19:54.206321,20.25704,72.85142,87.1,32.88,32.0,130.78,Low,Clear,89.5,In Transit,Low,94.4
TRK-101,DRV-801,Rajesh Sharma,Heavy Freight (Tata Prima 5530.S),2026-08-29T05:23:54.206321,19.66652,72.86456,46.6,46.63,31.9,65.39,Severe,Clear,94.7,High Risk,High,162.0
TRK-101,DRV-801,Rajesh Sharma,Heavy Freight (Tata Prima 5530.S),2026-08-29T05:27:54.206321,19.076,72.8777,74.2,38.04,23.8,0.0,Moderate,Clear,100.0,Arrived,Low,0.9
TRK-101,DRV-801,Rajesh Sharma,Heavy Freight (Tata Prima 5530.S),2026-08-29T18:11:54.206321,28.6139,77.209,72.0,37.17,101.1,1242.38,Low,Rain,0.0,High Risk,High,1296.6
TRK-101,DRV-801,Rajesh Sharma,Heavy Freight (Tata Prima 5530.S),2026-08-29T18:15:54.206321,28.13585,76.8315,65.2,37.02,98.3,1176.99,Moderate,Rain,5.3,High Risk,High,1620.6
TRK-101,DRV-801,Rajesh Sharma,Heavy Freight (Tata Prima 5530.S),2026-08-29T18:19:54.206321,27.65693,76.44816,58.9,37.3,92.7,1111.6,Moderate,Rain,10.5,High Risk,High,1697.0
TRK-101,DRV-801,Rajesh Sharma,Heavy Freight (Tata Prima 5530.S),2026-08-29T18:23:54.206321,27.19431,76.03753,72.8,35.72,89.0,1046.22,Low,Rain,15.8,High Risk,High,1078.3
TRK-101,DRV-801,Rajesh Sharma,Heavy Freight (Tata Prima 5530.S),2026-08-29T18:27:54.206321,26.72033,75.64603,50.8,42.18,83.9,980.83,High,Rain,21.1,High Risk,High,2165.0
TRK-101,DRV-801,Rajesh Sharma,Heavy Freight (Tata Prima 5530.S),2026-08-29T18:31:54.206321,26.22862,75.28438,55.2,38.39,80.7,915.44,Moderate,Rain,26.3,High Risk,High,1492.4
TRK-101,DRV-801,Rajesh Sharma,Heavy Freight (Tata Prima 5530.S),2026-08-29T18:35:54.206321,25.73692,74.92272,72.2,37.91,75.2,850.05,Low,Rain,31.6,High Risk,High,885.9
TRK-101,DRV-801,Rajesh Sharma,Heavy Freight (Tata Prima 5530.S),2026-08-29T18:39:54.206321,25.26393,74.53792,74.6,34.66,71.4,784.66,Low,Rain,36.8,High Risk,High,787.1
TRK-101,DRV-801,Rajesh Sharma,Heavy Freight (Tata Prima 5530.S),2026-08-29T18:43:54.206321,24.86862,74.05702,70.3,37.72,70.1,719.27,Low,Rain,42.1,High Risk,High,767.2
TRK-101,DRV-801,Rajesh Sharma,Heavy Freight (Tata Prima 5530.S),2026-08-29T18:47:54.206321,24.44642,73.61103,59.2,38.3,64.7,653.89,Moderate,Rain,47.4,High Risk,High,993.8
TRK-101,DRV-801,Rajesh Sharma,Heavy Freight (Tata Prima 5530.S),2026-08-29T18:51:54.206321,23.95634,73.25322,84.3,33.78,57.3,588.5,Low,Rain,52.6,High Risk,High,527.9
TRK-101,DRV-801,Rajesh Sharma,Heavy Freight (Tata Prima 5530.S),2026-08-29T18:55:54.206321,23.46626,72.8954,65.6,34.32,55.9,523.11,Moderate,Rain,57.9,High Risk,High,718.7
TRK-101,DRV-801,Rajesh Sharma,Heavy Freight (Tata Prima 5530.S),2026-08-29T18:59:54.206321,22.97874,72.60871,70.9,37.73,56.2,457.72,Low,Rain,63.2,High Risk,High,484.3
TRK-101,DRV-801,Rajesh Sharma,Heavy Freight (Tata Prima 5530.S),2026-08-29T19:03:54.206321,22.51567,73.00348,79.2,35.57,52.1,392.33,Low,Rain,68.4,High Risk,High,372.0
TRK-101,DRV-801,Rajesh Sharma,Heavy Freight (Tata Prima 5530.S),2026-08-29T19:07:54.206321,21.99517,73.08512,69.6,34.43,40.9,326.94,Low,Rain,73.7,High Risk,High,346.8
TRK-101,DRV-801,Rajesh Sharma,Heavy Freight (Tata Prima 5530.S),2026-08-29T19:11:54.206321,21.42765,72.91037,60.0,37.29,39.6,261.55,Moderate,Rain,78.9,High Risk,High,386.8
TRK-101,DRV-801,Rajesh Sharma,Heavy Freight (Tata Prima 5530.S),2026-08-29T19:15:54.206321,20.84756,72.83828,74.7,36.1,34.9,196.17,Low,Rain,84.2,High Risk,High,196.3
TRK-101,DRV-801,Rajesh Sharma,Heavy Freight (Tata Prima 5530.S),2026-08-29T19:19:54.206321,20.25704,72.85142,43.1,51.05,37.1,130.78,Severe,Rain,89.5,High Risk,High,451.9
TRK-101,DRV-801,Rajesh Sharma,Heavy Freight (Tata Prima 5530.S),2026-08-29T19:23:54.206321,19.66652,72.86456,73.7,36.77,28.4,65.39,Low,Rain,94.7,In Transit,Low,61.9
TRK-101,DRV-801,Rajesh Sharma,Heavy Freight (Tata Prima 5530.S),2026-08-29T19:27:54.206321,19.076,72.8777,73.3,35.31,26.8,0.0,Moderate,Rain,100.0,Arrived,Low,0.6
TRK-101,DRV-801,Rajesh Sharma,Heavy Freight (Tata Prima 5530.S),2026-08-30T08:11:54.206321,28.6139,77.209,64.8,32.33,99.1,1242.38,Low,Rain,0.0,High Risk,High,1437.7
TRK-101,DRV-801,Rajesh Sharma,Heavy Freight (Tata Prima 5530.S),2026-08-30T08:15:54.206321,28.13585,76.8315,49.6,44.54,91.7,1176.99,High,Rain,5.3,High Risk,High,2669.7
TRK-101,DRV-801,Rajesh Sharma,Heavy Freight (Tata Prima 5530.S),2026-08-30T08:19:54.206321,27.65693,76.44816,62.3,40.78,94.4,1111.6,Moderate,Rain,10.5,High Risk,High,1599.8
TRK-101,DRV-801,Rajesh Sharma,Heavy Freight (Tata Prima 5530.S),2026-08-30T08:23:54.206321,27.19431,76.03753,62.1,43.26,89.0,1046.22,High,Rain,15.8,High Risk,High,1898.7
TRK-101,DRV-801,Rajesh Sharma,Heavy Freight (Tata Prima 5530.S),2026-08-30T08:27:54.206321,26.72033,75.64603,78.0,37.53,85.1,980.83,Low,Rain,21.1,High Risk,High,946.7
TRK-101,DRV-801,Rajesh Sharma,Heavy Freight (Tata Prima 5530.S),2026-08-30T08:31:54.206321,26.22862,75.28438,70.7,34.57,81.0,915.44,Low,Rain,26.3,High Risk,High,971.1
TRK-101,DRV-801,Rajesh Sharma,Heavy Freight (Tata Prima 5530.S),2026-08-30T08:35:54.206321,25.73692,74.92272,70.6,33.76,76.9,850.05,Low,Rain,31.6,High Risk,High,902.4
TRK-101,DRV-801,Rajesh Sharma,Heavy Freight (Tata Prima 5530.S),2026-08-30T08:39:54.206321,25.26393,74.53792,58.6,38.75,71.3,784.66,Moderate,Rain,36.8,High Risk,High,1204.1
TRK-101,DRV-801,Rajesh Sharma,Heavy Freight (Tata Prima 5530.S),2026-08-30T08:43:54.206321,24.86862,74.05702,62.1,37.18,71.4,719.27,Moderate,Rain,42.1,High Risk,High,1051.2
TRK-101,DRV-801,Rajesh Sharma,Heavy Freight (Tata Prima 5530.S),2026-08-30T08:47:54.206321,24.44642,73.61103,80.7,32.42,64.2,653.89,Low,Rain,47.4,High Risk,High,608.4
TRK-101,DRV-801,Rajesh Sharma,Heavy Freight (Tata Prima 5530.S),2026-08-30T08:51:54.206321,23.95634,73.25322,67.8,33.18,61.6,588.5,Low,Rain,52.6,High Risk,High,650.6
TRK-101,DRV-801,Rajesh Sharma,Heavy Freight (Tata Prima 5530.S),2026-08-30T08:55:54.206321,23.46626,72.8954,46.6,43.7,58.5,523.11,High,Rain,57.9,High Risk,High,1256.6
TRK-101,DRV-801,Rajesh Sharma,Heavy Freight (Tata Prima 5530.S),2026-08-30T08:59:54.206321,22.97874,72.60871,83.3,34.39,51.6,457.72,Low,Rain,63.2,High Risk,High,410.1
TRK-101,DRV-801,Rajesh Sharma,Heavy Freight (Tata Prima 5530.S),2026-08-30T09:03:54.206321,22.51567,73.00348,82.6,34.23,46.4,392.33,Low,Rain,68.4,High Risk,High,354.6
TRK-101,DRV-801,Rajesh Sharma,Heavy Freight (Tata Prima 5530.S),2026-08-30T09:07:54.206321,21.99517,73.08512,78.8,33.37,41.3,326.94,Low,Rain,73.7,High Risk,High,311.8
TRK-101,DRV-801,Rajesh Sharma,Heavy Freight (Tata Prima 5530.S),2026-08-30T09:11:54.206321,21.42765,72.91037,50.6,41.84,41.8,261.55,High,Rain,78.9,High Risk,High,580.1
TRK-101,DRV-801,Rajesh Sharma,Heavy Freight (Tata Prima 5530.S),2026-08-30T09:15:54.206321,20.84756,72.83828,79.0,32.86,35.9,196.17,Low,Rain,84.2,High Risk,High,190.9
TRK-101,DRV-801,Rajesh Sharma,Heavy Freight (Tata Prima 5530.S),2026-08-30T09:19:54.206321,20.25704,72.85142,64.7,35.11,35.2,130.78,Low,Rain,89.5,High Risk,High,151.7
TRK-101,DRV-801,Rajesh Sharma,Heavy Freight (Tata Prima 5530.S),2026-08-30T09:23:54.206321,19.66652,72.86456,74.8,34.88,29.4,65.39,Low,Rain,94.7,In Transit,Moderate,71.6
TRK-101,DRV-801,Rajesh Sharma,Heavy Freight (Tata Prima 5530.S),2026-08-30T09:27:54.206321,19.076,72.8777,61.3,36.71,23.0,0.0,Moderate,Rain,100.0,Arrived,Low,0.5
TRK-101,DRV-801,Rajesh Sharma,Heavy Freight (Tata Prima 5530.S),2026-08-30T22:11:54.206321,28.6139,77.209,54.3,49.46,101.6,1242.38,Severe,Clear,0.0,High Risk,High,2744.9
TRK-101,DRV-801,Rajesh Sharma,Heavy Freight (Tata Prima 5530.S),2026-08-30T22:15:54.206321,28.13585,76.8315,80.0,37.99,98.5,1176.99,Moderate,Clear,5.3,High Risk,High,1061.4
TRK-101,DRV-801,Rajesh Sharma,Heavy Freight (Tata Prima 5530.S),2026-08-30T22:19:54.206321,27.65693,76.44816,65.3,38.51,93.4,1111.6,Moderate,Clear,10.5,High Risk,High,1222.1
TRK-101,DRV-801,Rajesh Sharma,Heavy Freight (Tata Prima 5530.S),2026-08-30T22:23:54.206321,27.19431,76.03753,92.6,31.29,85.3,1046.22,Low,Clear,15.8,In Transit,Low,683.6
TRK-101,DRV-801,Rajesh Sharma,Heavy Freight (Tata Prima 5530.S),2026-08-30T22:27:54.206321,26.72033,75.64603,82.3,35.31,81.8,980.83,Low,Clear,21.1,In Transit,Low,715.9
TRK-101,DRV-801,Rajesh Sharma,Heavy Freight (Tata Prima 5530.S),2026-08-30T22:31:54.206321,26.22862,75.28438,76.7,34.25,79.1,915.44,Low,Clear,26.3,In Transit,Low,717.7
TRK-101,DRV-801,Rajesh Sharma,Heavy Freight (Tata Prima 5530.S),2026-08-30T22:35:54.206321,25.73692,74.92272,56.8,42.84,79.6,850.05,High,Clear,31.6,High Risk,High,1344.5
TRK-101,DRV-801,Rajesh Sharma,Heavy Freight (Tata Prima 5530.S),2026-08-30T22:39:54.206321,25.26393,74.53792,73.2,35.95,71.5,784.66,Moderate,Clear,36.8,High Risk,High,762.8
TRK-101,DRV-801,Rajesh Sharma,Heavy Freight (Tata Prima 5530.S),2026-08-30T22:43:54.206321,24.86862,74.05702,48.9,44.89,69.3,719.27,High,Clear,42.1,High Risk,High,1322.2
TRK-101,DRV-801,Rajesh Sharma,Heavy Freight (Tata Prima 5530.S),2026-08-30T22:47:54.206321,24.44642,73.61103,72.4,34.91,58.8,653.89,Moderate,Clear,47.4,High Risk,High,650.7
TRK-101,DRV-801,Rajesh Sharma,Heavy Freight (Tata Prima 5530.S),2026-08-30T22:51:54.206321,23.95634,73.25322,82.9,31.47,57.2,588.5,Low,Clear,52.6,In Transit,Low,430.1
TRK-101,DRV-801,Rajesh Sharma,Heavy Freight (Tata Prima 5530.S),2026-08-30T22:55:54.206321,23.46626,72.8954,72.4,34.22,56.7,523.11,Low,Clear,57.9,In Transit,Low,434.9
TRK-101,DRV-801,Rajesh Sharma,Heavy Freight (Tata Prima 5530.S),2026-08-30T22:59:54.206321,22.97874,72.60871,57.9,36.1,51.8,457.72,High,Clear,63.2,High Risk,High,708.6
TRK-101,DRV-801,Rajesh Sharma,Heavy Freight (Tata Prima 5530.S),2026-08-30T23:03:54.206321,22.51567,73.00348,79.9,36.8,46.9,392.33,Moderate,Clear,68.4,High Risk,High,354.2
TRK-101,DRV-801,Rajesh Sharma,Heavy Freight (Tata Prima 5530.S),2026-08-30T23:07:54.206321,21.99517,73.08512,87.1,31.23,47.7,326.94,Low,Clear,73.7,In Transit,Low,221.8
TRK-101,DRV-801,Rajesh Sharma,Heavy Freight (Tata Prima 5530.S),2026-08-30T23:11:54.206321,21.42765,72.91037,64.5,39.91,41.5,261.55,Moderate,Clear,78.9,High Risk,High,289.9
TRK-101,DRV-801,Rajesh Sharma,Heavy Freight (Tata Prima 5530.S),2026-08-30T23:15:54.206321,20.84756,72.83828,66.0,36.83,41.1,196.17,Moderate,Clear,84.2,High Risk,High,215.4
TRK-101,DRV-801,Rajesh Sharma,Heavy Freight (Tata Prima 5530.S),2026-08-30T23:19:54.206321,20.25704,72.85142,60.6,39.49,29.9,130.78,High,Clear,89.5,High Risk,High,197.6
TRK-101,DRV-801,Rajesh Sharma,Heavy Freight (Tata Prima 5530.S),2026-08-30T23:23:54.206321,19.66652,72.86456,53.1,41.06,30.8,65.39,High,Clear,94.7,High Risk,High,115.5
TRK-101,DRV-801,Rajesh Sharma,Heavy Freight (Tata Prima 5530.S),2026-08-30T23:27:54.206321,19.076,72.8777,69.1,40.94,27.1,0.0,High,Clear,100.0,In Transit,Moderate,2.1
TRK-101,DRV-801,Rajesh Sharma,Heavy Freight (Tata Prima 5530.S),2026-08-31T12:11:54.206321,28.6139,77.209,58.6,40.54,100.3,1242.38,High,Clear,0.0,High Risk,High,1907.5
TRK-101,DRV-801,Rajesh Sharma,Heavy Freight (Tata Prima 5530.S),2026-08-31T12:15:54.206321,28.13585,76.8315,59.1,42.71,93.9,1176.99,High,Clear,5.3,High Risk,High,1796.4
TRK-101,DRV-801,Rajesh Sharma,Heavy Freight (Tata Prima 5530.S),2026-08-31T12:19:54.206321,27.65693,76.44816,90.8,31.0,94.5,1111.6,Low,Clear,10.5,In Transit,Low,732.8
TRK-101,DRV-801,Rajesh Sharma,Heavy Freight (Tata Prima 5530.S),2026-08-31T12:23:54.206321,27.19431,76.03753,69.3,34.23,88.9,1046.22,Moderate,Clear,15.8,High Risk,High,1086.0
TRK-101,DRV-801,Rajesh Sharma,Heavy Freight (Tata Prima 5530.S),2026-08-31T12:27:54.206321,26.72033,75.64603,77.7,33.88,87.1,980.83,Moderate,Clear,21.1,High Risk,High,911.2
TRK-101,DRV-801,Rajesh Sharma,Heavy Freight (Tata Prima 5530.S),2026-08-31T12:31:54.206321,26.22862,75.28438,43.8,48.0,78.3,915.44,Severe,Clear,26.3,High Risk,High,2507.4
TRK-101,DRV-801,Rajesh Sharma,Heavy Freight (Tata Prima 5530.S),2026-08-31T12:35:54.206321,25.73692,74.92272,59.6,37.79,76.5,850.05,High,Clear,31.6,High Risk,High,1281.1
TRK-101,DRV-801,Rajesh Sharma,Heavy Freight (Tata Prima 5530.S),2026-08-31T12:39:54.206321,25.26393,74.53792,81.7,32.6,72.5,784.66,Low,Clear,36.8,In Transit,Low,580.5
TRK-101,DRV-801,Rajesh Sharma,Heavy Freight (Tata Prima 5530.S),2026-08-31T12:43:54.206321,24.86862,74.05702,91.2,33.29,67.6,719.27,Low,Clear,42.1,In Transit,Low,466.8
TRK-101,DRV-801,Rajesh Sharma,Heavy Freight (Tata Prima 5530.S),2026-08-31T12:47:54.206321,24.44642,73.61103,75.3,37.0,64.7,653.89,Moderate,Clear,47.4,High Risk,High,625.3
TRK-101,DRV-801,Rajesh Sharma,Heavy Freight (Tata Prima 5530.S),2026-08-31T12:51:54.206321,23.95634,73.25322,69.4,36.85,57.0,588.5,Moderate,Clear,52.6,High Risk,High,608.9
TRK-101,DRV-801,Rajesh Sharma,Heavy Freight (Tata Prima 5530.S),2026-08-31T12:55:54.206321,23.46626,72.8954,80.5,35.78,59.1,523.11,Low,Clear,57.9,In Transit,Low,389.7
TRK-101,DRV-801,Rajesh Sharma,Heavy Freight (Tata Prima 5530.S),2026-08-31T12:59:54.206321,22.97874,72.60871,58.7,40.12,54.3,457.72,High,Clear,63.2,High Risk,High,701.7
TRK-101,DRV-801,Rajesh Sharma,Heavy Freight (Tata Prima 5530.S),2026-08-31T13:03:54.206321,22.51567,73.00348,63.1,33.76,49.1,392.33,Moderate,Clear,68.4,High Risk,High,439.1
TRK-101,DRV-801,Rajesh Sharma,Heavy Freight (Tata Prima 5530.S),2026-08-31T13:07:54.206321,21.99517,73.08512,76.9,36.81,46.0,326.94,Moderate,Clear,73.7,High Risk,High,305.7
TRK-101,DRV-801,Rajesh Sharma,Heavy Freight (Tata Prima 5530.S),2026-08-31T13:11:54.206321,21.42765,72.91037,77.7,36.63,41.9,261.55,Moderate,Clear,78.9,High Risk,High,242.2
TRK-101,DRV-801,Rajesh Sharma,Heavy Freight (Tata Prima 5530.S),2026-08-31T13:15:54.206321,20.84756,72.83828,76.4,32.14,38.2,196.17,Low,Clear,84.2,In Transit,Low,156.0
TRK-101,DRV-801,Rajesh Sharma,Heavy Freight (Tata Prima 5530.S),2026-08-31T13:19:54.206321,20.25704,72.85142,43.6,47.15,33.4,130.78,Severe,Clear,89.5,High Risk,High,361.9
TRK-101,DRV-801,Rajesh Sharma,Heavy Freight (Tata Prima 5530.S),2026-08-31T13:23:54.206321,19.66652,72.86456,34.3,46.33,30.6,65.39,Severe,Clear,94.7,Delayed,High,229.6
TRK-101,DRV-801,Rajesh Sharma,Heavy Freight (Tata Prima 5530.S),2026-08-31T13:27:54.206321,19.076,72.8777,100.8,32.49,23.5,0.0,Low,Clear,100.0,Arrived,Low,1.2
TRK-101,DRV-801,Rajesh Sharma,Heavy Freight (Tata Prima 5530.S),2026-09-01T02:11:54.206321,28.6139,77.209,48.2,39.9,101.9,1242.38,High,Clear,0.0,High Risk,High,2318.3
TRK-101,DRV-801,Rajesh Sharma,Heavy Freight (Tata Prima 5530.S),2026-09-01T02:15:54.206321,28.13585,76.8315,53.7,44.7,95.6,1176.99,High,Clear,5.3,High Risk,High,1969.0
TRK-101,DRV-801,Rajesh Sharma,Heavy Freight (Tata Prima 5530.S),2026-09-01T02:19:54.206321,27.65693,76.44816,58.1,36.31,90.1,1111.6,Moderate,Clear,10.5,High Risk,High,1377.3
TRK-101,DRV-801,Rajesh Sharma,Heavy Freight (Tata Prima 5530.S),2026-09-01T02:23:54.206321,27.19431,76.03753,84.1,36.29,85.8,1046.22,Low,Clear,15.8,In Transit,Low,750.3
TRK-101,DRV-801,Rajesh Sharma,Heavy Freight (Tata Prima 5530.S),2026-09-01T02:27:54.206321,26.72033,75.64603,62.6,36.55,86.4,980.83,Moderate,Clear,21.1,High Risk,High,1128.6
TRK-101,DRV-801,Rajesh Sharma,Heavy Freight (Tata Prima 5530.S),2026-09-01T02:31:54.206321,26.22862,75.28438,80.1,32.77,83.0,915.44,Low,Clear,26.3,In Transit,Low,694.8
TRK-101,DRV-801,Rajesh Sharma,Heavy Freight (Tata Prima 5530.S),2026-09-01T02:35:54.206321,25.73692,74.92272,73.4,35.19,74.4,850.05,Moderate,Clear,31.6,High Risk,High,834.8
TRK-101,DRV-801,Rajesh Sharma,Heavy Freight (Tata Prima 5530.S),2026-09-01T02:39:54.206321,25.26393,74.53792,63.0,37.19,70.9,784.66,Moderate,Clear,36.8,High Risk,High,899.1
TRK-101,DRV-801,Rajesh Sharma,Heavy Freight (Tata Prima 5530.S),2026-09-01T02:43:54.206321,24.86862,74.05702,41.5,47.17,67.4,719.27,Severe,Clear,42.1,High Risk,High,2084.5
TRK-101,DRV-801,Rajesh Sharma,Heavy Freight (Tata Prima 5530.S),2026-09-01T02:47:54.206321,24.44642,73.61103,55.7,42.12,64.6,653.89,High,Clear,47.4,High Risk,High,1055.4
TRK-101,DRV-801,Rajesh Sharma,Heavy Freight (Tata Prima 5530.S),2026-09-01T02:51:54.206321,23.95634,73.25322,68.3,34.99,58.8,588.5,Moderate,Clear,52.6,High Risk,High,623.8
TRK-101,DRV-801,Rajesh Sharma,Heavy Freight (Tata Prima 5530.S),2026-09-01T02:55:54.206321,23.46626,72.8954,87.2,32.9,53.7,523.11,Low,Clear,57.9,In Transit,Low,363.4
TRK-101,DRV-801,Rajesh Sharma,Heavy Freight (Tata Prima 5530.S),2026-09-01T02:59:54.206321,22.97874,72.60871,86.5,36.46,48.4,457.72,Moderate,Clear,63.2,High Risk,High,384.8
TRK-101,DRV-801,Rajesh Sharma,Heavy Freight (Tata Prima 5530.S),2026-09-01T03:03:54.206321,22.51567,73.00348,86.0,33.5,49.3,392.33,Low,Clear,68.4,In Transit,Low,279.0
TRK-101,DRV-801,Rajesh Sharma,Heavy Freight (Tata Prima 5530.S),2026-09-01T03:07:54.206321,21.99517,73.08512,51.9,40.53,42.8,326.94,High,Clear,73.7,High Risk,High,569.3
TRK-101,DRV-801,Rajesh Sharma,Heavy Freight (Tata Prima 5530.S),2026-09-01T03:11:54.206321,21.42765,72.91037,61.7,35.55,39.6,261.55,Moderate,Clear,78.9,High Risk,High,304.3
TRK-101,DRV-801,Rajesh Sharma,Heavy Freight (Tata Prima 5530.S),2026-09-01T03:15:54.206321,20.84756,72.83828,66.9,35.2,37.8,196.17,Moderate,Clear,84.2,High Risk,High,208.2
TRK-101,DRV-801,Rajesh Sharma,Heavy Freight (Tata Prima 5530.S),2026-09-01T03:19:54.206321,20.25704,72.85142,65.3,32.28,34.9,130.78,Moderate,Clear,89.5,In Transit,Moderate,144.9
TRK-101,DRV-801,Rajesh Sharma,Heavy Freight (Tata Prima 5530.S),2026-09-01T03:23:54.206321,19.66652,72.86456,56.5,42.13,30.0,65.39,High,Clear,94.7,High Risk,High,101.4
TRK-101,DRV-801,Rajesh Sharma,Heavy Freight (Tata Prima 5530.S),2026-09-01T03:27:54.206321,19.076,72.8777,46.9,40.84,25.8,0.0,High,Clear,100.0,In Transit,Moderate,7.7
TRK-101,DRV-801,Rajesh Sharma,Heavy Freight (Tata Prima 5530.S),2026-09-01T16:11:54.206321,28.6139,77.209,48.6,48.98,99.7,1242.38,Severe,Clear,0.0,High Risk,High,3066.8
TRK-101,DRV-801,Rajesh Sharma,Heavy Freight (Tata Prima 5530.S),2026-09-01T16:15:54.206321,28.13585,76.8315,83.8,33.6,95.4,1176.99,Low,Clear,5.3,In Transit,Low,844.3
TRK-101,DRV-801,Rajesh Sharma,Heavy Freight (Tata Prima 5530.S),2026-09-01T16:19:54.206321,27.65693,76.44816,53.6,42.88,90.3,1111.6,High,Clear,10.5,High Risk,High,1870.2
TRK-101,DRV-801,Rajesh Sharma,Heavy Freight (Tata Prima 5530.S),2026-09-01T16:23:54.206321,27.19431,76.03753,75.4,37.89,90.6,1046.22,Moderate,Clear,15.8,High Risk,High,995.6
TRK-101,DRV-801,Rajesh Sharma,Heavy Freight (Tata Prima 5530.S),2026-09-01T16:27:54.206321,26.72033,75.64603,58.9,42.27,82.5,980.83,High,Clear,21.1,High Risk,High,1500.5
TRK-101,DRV-801,Rajesh Sharma,Heavy Freight (Tata Prima 5530.S),2026-09-01T16:31:54.206321,26.22862,75.28438,42.0,41.39,78.8,915.44,High,Clear,26.3,High Risk,High,1958.5
TRK-101,DRV-801,Rajesh Sharma,Heavy Freight (Tata Prima 5530.S),2026-09-01T16:35:54.206321,25.73692,74.92272,71.4,37.21,73.9,850.05,Moderate,Clear,31.6,High Risk,High,853.8
TRK-101,DRV-801,Rajesh Sharma,Heavy Freight (Tata Prima 5530.S),2026-09-01T16:39:54.206321,25.26393,74.53792,87.4,33.5,71.8,784.66,Low,Clear,36.8,In Transit,Low,540.0
TRK-101,DRV-801,Rajesh Sharma,Heavy Freight (Tata Prima 5530.S),2026-09-01T16:43:54.206321,24.86862,74.05702,88.9,35.37,70.6,719.27,Low,Clear,42.1,In Transit,Low,489.4
TRK-101,DRV-801,Rajesh Sharma,Heavy Freight (Tata Prima 5530.S),2026-09-01T16:47:54.206321,24.44642,73.61103,82.2,33.57,66.4,653.89,Low,Clear,47.4,In Transit,Low,473.8
TRK-101,DRV-801,Rajesh Sharma,Heavy Freight (Tata Prima 5530.S),2026-09-01T16:51:54.206321,23.95634,73.25322,80.4,33.33,59.3,588.5,Low,Clear,52.6,In Transit,Low,440.5
TRK-101,DRV-801,Rajesh Sharma,Heavy Freight (Tata Prima 5530.S),2026-09-01T16:55:54.206321,23.46626,72.8954,84.4,32.59,54.7,523.11,Low,Clear,57.9,In Transit,Low,371.4
TRK-101,DRV-801,Rajesh Sharma,Heavy Freight (Tata Prima 5530.S),2026-09-01T16:59:54.206321,22.97874,72.60871,85.6,33.97,53.6,457.72,Low,Clear,63.2,In Transit,Low,323.5
TRK-101,DRV-801,Rajesh Sharma,Heavy Freight (Tata Prima 5530.S),2026-09-01T17:03:54.206321,22.51567,73.00348,42.1,52.41,52.2,392.33,Severe,Clear,68.4,High Risk,High,1116.3
TRK-101,DRV-801,Rajesh Sharma,Heavy Freight (Tata Prima 5530.S),2026-09-01T17:07:54.206321,21.99517,73.08512,58.4,40.47,43.6,326.94,High,Clear,73.7,High Risk,High,505.6
TRK-101,DRV-801,Rajesh Sharma,Heavy Freight (Tata Prima 5530.S),2026-09-01T17:11:54.206321,21.42765,72.91037,62.3,37.54,41.6,261.55,Moderate,Clear,78.9,High Risk,High,298.8
TRK-101,DRV-801,Rajesh Sharma,Heavy Freight (Tata Prima 5530.S),2026-09-01T17:15:54.206321,20.84756,72.83828,43.0,47.87,38.6,196.17,Severe,Clear,84.2,High Risk,High,551.1
TRK-101,DRV-801,Rajesh Sharma,Heavy Freight (Tata Prima 5530.S),2026-09-01T17:19:54.206321,20.25704,72.85142,64.4,39.67,29.8,130.78,Moderate,Clear,89.5,High Risk,High,148.2
TRK-101,DRV-801,Rajesh Sharma,Heavy Freight (Tata Prima 5530.S),2026-09-01T17:23:54.206321,19.66652,72.86456,75.6,34.18,31.3,65.39,Moderate,Clear,94.7,In Transit,Low,61.8
TRK-101,DRV-801,Rajesh Sharma,Heavy Freight (Tata Prima 5530.S),2026-09-01T17:27:54.206321,19.076,72.8777,90.2,33.4,23.9,0.0,Low,Clear,100.0,Arrived,Low,0.5
TRK-101,DRV-801,Rajesh Sharma,Heavy Freight (Tata Prima 5530.S),2026-09-02T06:11:54.206321,28.6139,77.209,66.6,39.98,99.1,1242.38,Moderate,Clear,0.0,High Risk,High,1338.2
TRK-101,DRV-801,Rajesh Sharma,Heavy Freight (Tata Prima 5530.S),2026-09-02T06:15:54.206321,28.13585,76.8315,80.4,36.85,95.1,1176.99,Moderate,Clear,5.3,High Risk,High,1052.2
TRK-101,DRV-801,Rajesh Sharma,Heavy Freight (Tata Prima 5530.S),2026-09-02T06:19:54.206321,27.65693,76.44816,53.2,39.95,94.0,1111.6,High,Clear,10.5,High Risk,High,1886.5
TRK-101,DRV-801,Rajesh Sharma,Heavy Freight (Tata Prima 5530.S),2026-09-02T06:23:54.206321,27.19431,76.03753,79.8,30.51,88.2,1046.22,Low,Clear,15.8,In Transit,Low,785.5
TRK-101,DRV-801,Rajesh Sharma,Heavy Freight (Tata Prima 5530.S),2026-09-02T06:27:54.206321,26.72033,75.64603,58.0,42.47,84.8,980.83,High,Clear,21.1,High Risk,High,1524.1
TRK-101,DRV-801,Rajesh Sharma,Heavy Freight (Tata Prima 5530.S),2026-09-02T06:31:54.206321,26.22862,75.28438,57.3,38.83,81.2,915.44,High,Clear,26.3,High Risk,High,1431.2
TRK-101,DRV-801,Rajesh Sharma,Heavy Freight (Tata Prima 5530.S),2026-09-02T06:35:54.206321,25.73692,74.92272,96.5,30.27,79.1,850.05,Low,Clear,31.6,In Transit,Low,530.2
TRK-101,DRV-801,Rajesh Sharma,Heavy Freight (Tata Prima 5530.S),2026-09-02T06:39:54.206321,25.26393,74.53792,80.1,34.0,69.2,784.66,Low,Clear,36.8,In Transit,Low,590.0
TRK-101,DRV-801,Rajesh Sharma,Heavy Freight (Tata Prima 5530.S),2026-09-02T06:43:54.206321,24.86862,74.05702,73.7,32.8,68.2,719.27,Low,Clear,42.1,In Transit,Low,582.1
TRK-101,DRV-801,Rajesh Sharma,Heavy Freight (Tata Prima 5530.S),2026-09-02T06:47:54.206321,24.44642,73.61103,82.3,34.47,63.2,653.89,Low,Clear,47.4,In Transit,Low,477.0
TRK-101,DRV-801,Rajesh Sharma,Heavy Freight (Tata Prima 5530.S),2026-09-02T06:51:54.206321,23.95634,73.25322,81.1,33.4,63.3,588.5,Low,Clear,52.6,In Transit,Low,435.7
TRK-101,DRV-801,Rajesh Sharma,Heavy Freight (Tata Prima 5530.S),2026-09-02T06:55:54.206321,23.46626,72.8954,75.1,34.03,53.5,523.11,Moderate,Clear,57.9,High Risk,High,497.9
TRK-101,DRV-801,Rajesh Sharma,Heavy Freight (Tata Prima 5530.S),2026-09-02T06:59:54.206321,22.97874,72.60871,58.1,40.05,49.7,457.72,High,Clear,63.2,High Risk,High,709.4
TRK-101,DRV-801,Rajesh Sharma,Heavy Freight (Tata Prima 5530.S),2026-09-02T07:03:54.206321,22.51567,73.00348,94.1,36.85,48.3,392.33,Low,Clear,68.4,In Transit,Low,248.9
TRK-101,DRV-801,Rajesh Sharma,Heavy Freight (Tata Prima 5530.S),2026-09-02T07:07:54.206321,21.99517,73.08512,43.8,49.49,40.4,326.94,Severe,Clear,73.7,High Risk,High,900.2
TRK-101,DRV-801,Rajesh Sharma,Heavy Freight (Tata Prima 5530.S),2026-09-02T07:11:54.206321,21.42765,72.91037,63.2,36.38,44.8,261.55,Moderate,Clear,78.9,High Risk,High,299.3
TRK-101,DRV-801,Rajesh Sharma,Heavy Freight (Tata Prima 5530.S),2026-09-02T07:15:54.206321,20.84756,72.83828,96.1,30.8,35.3,196.17,Low,Clear,84.2,In Transit,Low,128.6
TRK-101,DRV-801,Rajesh Sharma,Heavy Freight (Tata Prima 5530.S),2026-09-02T07:19:54.206321,20.25704,72.85142,76.0,38.54,31.9,130.78,Moderate,Clear,89.5,In Transit,Moderate,125.5
TRK-101,DRV-801,Rajesh Sharma,Heavy Freight (Tata Prima 5530.S),2026-09-02T07:23:54.206321,19.66652,72.86456,75.7,36.32,24.8,65.39,Moderate,Clear,94.7,In Transit,Moderate,63.7
TRK-101,DRV-801,Rajesh Sharma,Heavy Freight (Tata Prima 5530.S),2026-09-02T07:27:54.206321,19.076,72.8777,90.9,32.17,25.4,0.0,Low,Clear,100.0,Arrived,Low,0.5
TRK-101,DRV-801,Rajesh Sharma,Heavy Freight (Tata Prima 5530.S),2026-09-02T20:11:54.206321,28.6139,77.209,71.6,35.69,99.6,1242.38,Moderate,Clear,0.0,High Risk,High,1247.0
TRK-101,DRV-801,Rajesh Sharma,Heavy Freight (Tata Prima 5530.S),2026-09-02T20:15:54.206321,28.13585,76.8315,89.5,33.12,96.9,1176.99,Low,Clear,5.3,In Transit,Low,788.9
TRK-101,DRV-801,Rajesh Sharma,Heavy Freight (Tata Prima 5530.S),2026-09-02T20:19:54.206321,27.65693,76.44816,82.8,34.06,89.8,1111.6,Low,Clear,10.5,In Transit,Low,805.2
TRK-101,DRV-801,Rajesh Sharma,Heavy Freight (Tata Prima 5530.S),2026-09-02T20:23:54.206321,27.19431,76.03753,47.0,40.95,85.9,1046.22,High,Clear,15.8,High Risk,High,2005.2
TRK-101,DRV-801,Rajesh Sharma,Heavy Freight (Tata Prima 5530.S),2026-09-02T20:27:54.206321,26.72033,75.64603,74.8,38.35,82.5,980.83,Moderate,Clear,21.1,High Risk,High,952.9
TRK-101,DRV-801,Rajesh Sharma,Heavy Freight (Tata Prima 5530.S),2026-09-02T20:31:54.206321,26.22862,75.28438,38.4,45.9,78.5,915.44,Severe,Clear,26.3,Delayed,High,2859.7
TRK-101,DRV-801,Rajesh Sharma,Heavy Freight (Tata Prima 5530.S),2026-09-02T20:35:54.206321,25.73692,74.92272,48.9,47.06,78.1,850.05,Severe,Clear,31.6,High Risk,High,2085.1
TRK-101,DRV-801,Rajesh Sharma,Heavy Freight (Tata Prima 5530.S),2026-09-02T20:39:54.206321,25.26393,74.53792,90.8,33.6,72.4,784.66,Low,Clear,36.8,In Transit,Low,515.6
TRK-101,DRV-801,Rajesh Sharma,Heavy Freight (Tata Prima 5530.S),2026-09-02T20:43:54.206321,24.86862,74.05702,80.5,30.79,66.8,719.27,Low,Clear,42.1,In Transit,Low,533.9
TRK-101,DRV-801,Rajesh Sharma,Heavy Freight (Tata Prima 5530.S),2026-09-02T20:47:54.206321,24.44642,73.61103,56.1,42.3,63.1,653.89,High,Clear,47.4,High Risk,High,1045.7
TRK-101,DRV-801,Rajesh Sharma,Heavy Freight (Tata Prima 5530.S),2026-09-02T20:51:54.206321,23.95634,73.25322,84.4,34.0,60.2,588.5,Low,Clear,52.6,In Transit,Low,419.4
TRK-101,DRV-801,Rajesh Sharma,Heavy Freight (Tata Prima 5530.S),2026-09-02T20:55:54.206321,23.46626,72.8954,83.5,31.45,56.2,523.11,Low,Clear,57.9,In Transit,Low,373.7
TRK-101,DRV-801,Rajesh Sharma,Heavy Freight (Tata Prima 5530.S),2026-09-02T20:59:54.206321,22.97874,72.60871,83.5,32.8,52.3,457.72,Low,Clear,63.2,In Transit,Low,332.4
TRK-101,DRV-801,Rajesh Sharma,Heavy Freight (Tata Prima 5530.S),2026-09-02T21:03:54.206321,22.51567,73.00348,55.8,42.62,49.7,392.33,High,Clear,68.4,High Risk,High,634.0
TRK-101,DRV-801,Rajesh Sharma,Heavy Freight (Tata Prima 5530.S),2026-09-02T21:07:54.206321,21.99517,73.08512,84.6,33.44,45.7,326.94,Low,Clear,73.7,In Transit,Low,231.4
TRK-101,DRV-801,Rajesh Sharma,Heavy Freight (Tata Prima 5530.S),2026-09-02T21:11:54.206321,21.42765,72.91037,69.9,38.08,40.6,261.55,Moderate,Clear,78.9,High Risk,High,265.3
TRK-101,DRV-801,Rajesh Sharma,Heavy Freight (Tata Prima 5530.S),2026-09-02T21:15:54.206321,20.84756,72.83828,83.1,31.87,36.2,196.17,Low,Clear,84.2,In Transit,Low,145.0
TRK-101,DRV-801,Rajesh Sharma,Heavy Freight (Tata Prima 5530.S),2026-09-02T21:19:54.206321,20.25704,72.85142,86.6,31.21,30.3,130.78,Low,Clear,89.5,In Transit,Low,97.7
TRK-101,DRV-801,Rajesh Sharma,Heavy Freight (Tata Prima 5530.S),2026-09-02T21:23:54.206321,19.66652,72.86456,45.2,40.21,24.8,65.39,High,Clear,94.7,High Risk,High,133.1
TRK-101,DRV-801,Rajesh Sharma,Heavy Freight (Tata Prima 5530.S),2026-09-02T21:27:54.206321,19.076,72.8777,75.2,32.57,25.7,0.0,Low,Clear,100.0,Arrived,Low,0.5
TRK-101,DRV-801,Rajesh Sharma,Heavy Freight (Tata Prima 5530.S),2026-09-03T10:11:54.206321,28.6139,77.209,65.9,39.04,103.4,1242.38,Moderate,Fog,0.0,High Risk,High,1838.6
TRK-101,DRV-801,Rajesh Sharma,Heavy Freight (Tata Prima 5530.S),2026-09-03T10:15:54.206321,28.13585,76.8315,60.8,39.64,96.9,1176.99,Moderate,Fog,5.3,High Risk,High,1876.1
TRK-101,DRV-801,Rajesh Sharma,Heavy Freight (Tata Prima 5530.S),2026-09-03T10:19:54.206321,27.65693,76.44816,35.1,52.86,95.0,1111.6,Severe,Fog,10.5,Delayed,High,5126.3
TRK-101,DRV-801,Rajesh Sharma,Heavy Freight (Tata Prima 5530.S),2026-09-03T10:23:54.206321,27.19431,76.03753,80.8,39.4,86.5,1046.22,Low,Fog,15.8,High Risk,High,1046.0
TRK-101,DRV-801,Rajesh Sharma,Heavy Freight (Tata Prima 5530.S),2026-09-03T10:27:54.206321,26.72033,75.64603,81.2,37.33,80.3,980.83,Low,Fog,21.1,High Risk,High,978.4
TRK-101,DRV-801,Rajesh Sharma,Heavy Freight (Tata Prima 5530.S),2026-09-03T10:31:54.206321,26.22862,75.28438,48.2,43.07,81.2,915.44,High,Fog,26.3,High Risk,High,2309.9
TRK-101,DRV-801,Rajesh Sharma,Heavy Freight (Tata Prima 5530.S),2026-09-03T10:35:54.206321,25.73692,74.92272,67.9,38.21,76.8,850.05,Moderate,Fog,31.6,High Risk,High,1221.5
TRK-101,DRV-801,Rajesh Sharma,Heavy Freight (Tata Prima 5530.S),2026-09-03T10:39:54.206321,25.26393,74.53792,43.6,43.1,72.1,784.66,High,Fog,36.8,High Risk,High,2186.0
TRK-101,DRV-801,Rajesh Sharma,Heavy Freight (Tata Prima 5530.S),2026-09-03T10:43:54.206321,24.86862,74.05702,57.9,36.97,67.4,719.27,Moderate,Fog,42.1,High Risk,High,1209.1
TRK-101,DRV-801,Rajesh Sharma,Heavy Freight (Tata Prima 5530.S),2026-09-03T10:47:54.206321,24.44642,73.61103,75.4,40.97,68.5,653.89,Low,Fog,47.4,High Risk,High,703.5
TRK-101,DRV-801,Rajesh Sharma,Heavy Freight (Tata Prima 5530.S),2026-09-03T10:51:54.206321,23.95634,73.25322,77.8,34.33,60.1,588.5,Low,Fog,52.6,High Risk,High,612.0
TRK-101,DRV-801,Rajesh Sharma,Heavy Freight (Tata Prima 5530.S),2026-09-03T10:55:54.206321,23.46626,72.8954,54.4,45.64,55.1,523.11,High,Fog,57.9,High Risk,High,1157.8
TRK-101,DRV-801,Rajesh Sharma,Heavy Freight (Tata Prima 5530.S),2026-09-03T10:59:54.206321,22.97874,72.60871,36.0,52.25,54.3,457.72,Severe,Fog,63.2,Delayed,High,2059.1
TRK-101,DRV-801,Rajesh Sharma,Heavy Freight (Tata Prima 5530.S),2026-09-03T11:03:54.206321,22.51567,73.00348,84.3,36.93,46.5,392.33,Low,Fog,68.4,High Risk,High,368.9
TRK-101,DRV-801,Rajesh Sharma,Heavy Freight (Tata Prima 5530.S),2026-09-03T11:07:54.206321,21.99517,73.08512,85.7,37.0,44.1,326.94,Low,Fog,73.7,High Risk,High,309.1
TRK-101,DRV-801,Rajesh Sharma,Heavy Freight (Tata Prima 5530.S),2026-09-03T11:11:54.206321,21.42765,72.91037,32.1,51.55,41.3,261.55,Severe,Fog,78.9,Delayed,High,1324.9
TRK-101,DRV-801,Rajesh Sharma,Heavy Freight (Tata Prima 5530.S),2026-09-03T11:15:54.206321,20.84756,72.83828,56.6,39.96,35.7,196.17,Moderate,Fog,84.2,High Risk,High,335.9
TRK-101,DRV-801,Rajesh Sharma,Heavy Freight (Tata Prima 5530.S),2026-09-03T11:19:54.206321,20.25704,72.85142,70.1,33.89,35.9,130.78,Low,Fog,89.5,High Risk,High,149.5
TRK-101,DRV-801,Rajesh Sharma,Heavy Freight (Tata Prima 5530.S),2026-09-03T11:23:54.206321,19.66652,72.86456,51.3,38.31,28.7,65.39,Moderate,Fog,94.7,High Risk,High,118.7
TRK-101,DRV-801,Rajesh Sharma,Heavy Freight (Tata Prima 5530.S),2026-09-03T11:27:54.206321,19.076,72.8777,81.5,33.99,26.0,0.0,Low,Fog,100.0,Arrived,Low,2.3
TRK-101,DRV-801,Rajesh Sharma,Heavy Freight (Tata Prima 5530.S),2026-09-04T00:11:54.206321,28.6139,77.209,80.7,36.91,100.4,1242.38,Low,Rain,0.0,High Risk,High,1157.8
TRK-101,DRV-801,Rajesh Sharma,Heavy Freight (Tata Prima 5530.S),2026-09-04T00:15:54.206321,28.13585,76.8315,59.6,39.72,99.7,1176.99,High,Rain,5.3,High Risk,High,2226.7
TRK-101,DRV-801,Rajesh Sharma,Heavy Freight (Tata Prima 5530.S),2026-09-04T00:19:54.206321,27.65693,76.44816,74.0,36.41,92.4,1111.6,Low,Rain,10.5,High Risk,High,1134.3
TRK-101,DRV-801,Rajesh Sharma,Heavy Freight (Tata Prima 5530.S),2026-09-04T00:23:54.206321,27.19431,76.03753,67.5,40.35,89.0,1046.22,Moderate,Rain,15.8,High Risk,High,1394.2
TRK-101,DRV-801,Rajesh Sharma,Heavy Freight (Tata Prima 5530.S),2026-09-04T00:27:54.206321,26.72033,75.64603,55.5,44.07,85.3,980.83,High,Rain,21.1,High Risk,High,1981.7
TRK-101,DRV-801,Rajesh Sharma,Heavy Freight (Tata Prima 5530.S),2026-09-04T00:31:54.206321,26.22862,75.28438,49.0,43.07,80.7,915.44,High,Rain,26.3,High Risk,High,2097.2
TRK-101,DRV-801,Rajesh Sharma,Heavy Freight (Tata Prima 5530.S),2026-09-04T00:35:54.206321,25.73692,74.92272,63.5,41.68,74.7,850.05,Moderate,Rain,31.6,High Risk,High,1203.8
TRK-101,DRV-801,Rajesh Sharma,Heavy Freight (Tata Prima 5530.S),2026-09-04T00:39:54.206321,25.26393,74.53792,69.2,35.51,75.7,784.66,Low,Rain,36.8,High Risk,High,849.3
TRK-101,DRV-801,Rajesh Sharma,Heavy Freight (Tata Prima 5530.S),2026-09-04T00:43:54.206321,24.86862,74.05702,60.6,42.77,70.3,719.27,High,Rain,42.1,High Risk,High,1332.8
TRK-101,DRV-801,Rajesh Sharma,Heavy Freight (Tata Prima 5530.S),2026-09-04T00:47:54.206321,24.44642,73.61103,52.3,42.18,64.0,653.89,High,Rain,47.4,High Risk,High,1409.6
TRK-101,DRV-801,Rajesh Sharma,Heavy Freight (Tata Prima 5530.S),2026-09-04T00:51:54.206321,23.95634,73.25322,30.8,50.13,57.4,588.5,Severe,Rain,52.6,Delayed,High,2865.2
TRK-101,DRV-801,Rajesh Sharma,Heavy Freight (Tata Prima 5530.S),2026-09-04T00:55:54.206321,23.46626,72.8954,71.7,34.89,57.5,523.11,Low,Rain,57.9,High Risk,High,546.3
TRK-101,DRV-801,Rajesh Sharma,Heavy Freight (Tata Prima 5530.S),2026-09-04T00:59:54.206321,22.97874,72.60871,80.4,38.8,54.0,457.72,Low,Rain,63.2,High Risk,High,428.8
TRK-101,DRV-801,Rajesh Sharma,Heavy Freight (Tata Prima 5530.S),2026-09-04T01:03:54.206321,22.51567,73.00348,44.1,42.13,49.4,392.33,High,Rain,68.4,High Risk,High,1003.9
TRK-101,DRV-801,Rajesh Sharma,Heavy Freight (Tata Prima 5530.S),2026-09-04T01:07:54.206321,21.99517,73.08512,74.3,35.48,42.8,326.94,Low,Rain,73.7,High Risk,High,324.2
TRK-101,DRV-801,Rajesh Sharma,Heavy Freight (Tata Prima 5530.S),2026-09-04T01:11:54.206321,21.42765,72.91037,65.5,40.12,39.1,261.55,Moderate,Rain,78.9,High Risk,High,358.7
TRK-101,DRV-801,Rajesh Sharma,Heavy Freight (Tata Prima 5530.S),2026-09-04T01:15:54.206321,20.84756,72.83828,69.6,39.87,36.8,196.17,Moderate,Rain,84.2,High Risk,High,254.0
TRK-101,DRV-801,Rajesh Sharma,Heavy Freight (Tata Prima 5530.S),2026-09-04T01:19:54.206321,20.25704,72.85142,68.6,36.24,35.7,130.78,Low,Rain,89.5,High Risk,High,143.0
TRK-101,DRV-801,Rajesh Sharma,Heavy Freight (Tata Prima 5530.S),2026-09-04T01:23:54.206321,19.66652,72.86456,57.7,37.72,29.6,65.39,Moderate,Rain,94.7,High Risk,High,102.1
TRK-101,DRV-801,Rajesh Sharma,Heavy Freight (Tata Prima 5530.S),2026-09-04T01:27:54.206321,19.076,72.8777,70.1,34.8,23.0,0.0,Low,Rain,100.0,Arrived,Low,1.2
TRK-101,DRV-801,Rajesh Sharma,Heavy Freight (Tata Prima 5530.S),2026-09-04T14:11:54.206321,28.6139,77.209,85.6,31.73,99.1,1242.38,Low,Clear,0.0,In Transit,Low,871.4
TRK-101,DRV-801,Rajesh Sharma,Heavy Freight (Tata Prima 5530.S),2026-09-04T14:15:54.206321,28.13585,76.8315,96.1,31.3,96.8,1176.99,Low,Clear,5.3,In Transit,Low,736.6
TRK-101,DRV-801,Rajesh Sharma,Heavy Freight (Tata Prima 5530.S),2026-09-04T14:19:54.206321,27.65693,76.44816,75.2,35.6,95.5,1111.6,Moderate,Clear,10.5,High Risk,High,1065.0
TRK-101,DRV-801,Rajesh Sharma,Heavy Freight (Tata Prima 5530.S),2026-09-04T14:23:54.206321,27.19431,76.03753,82.8,32.43,87.6,1046.22,Low,Clear,15.8,In Transit,Low,764.6
TRK-101,DRV-801,Rajesh Sharma,Heavy Freight (Tata Prima 5530.S),2026-09-04T14:27:54.206321,26.72033,75.64603,87.3,31.95,85.8,980.83,Low,Clear,21.1,In Transit,Low,673.9
TRK-101,DRV-801,Rajesh Sharma,Heavy Freight (Tata Prima 5530.S),2026-09-04T14:31:54.206321,26.22862,75.28438,99.7,31.19,79.7,915.44,Low,Clear,26.3,In Transit,Low,550.8
TRK-101,DRV-801,Rajesh Sharma,Heavy Freight (Tata Prima 5530.S),2026-09-04T14:35:54.206321,25.73692,74.92272,79.9,32.96,70.7,850.05,Moderate,Clear,31.6,High Risk,High,764.1
TRK-101,DRV-801,Rajesh Sharma,Heavy Freight (Tata Prima 5530.S),2026-09-04T14:39:54.206321,25.26393,74.53792,61.4,40.78,73.7,784.66,High,Clear,36.8,High Risk,High,1150.9
TRK-101,DRV-801,Rajesh Sharma,Heavy Freight (Tata Prima 5530.S),2026-09-04T14:43:54.206321,24.86862,74.05702,90.2,33.84,67.1,719.27,Low,Clear,42.1,In Transit,Low,477.5
TRK-101,DRV-801,Rajesh Sharma,Heavy Freight (Tata Prima 5530.S),2026-09-04T14:47:54.206321,24.44642,73.61103,87.7,32.02,64.0,653.89,Low,Clear,47.4,In Transit,Low,447.9
TRK-101,DRV-801,Rajesh Sharma,Heavy Freight (Tata Prima 5530.S),2026-09-04T14:51:54.206321,23.95634,73.25322,56.8,40.74,60.6,588.5,High,Clear,52.6,High Risk,High,928.2
TRK-101,DRV-801,Rajesh Sharma,Heavy Freight (Tata Prima 5530.S),2026-09-04T14:55:54.206321,23.46626,72.8954,77.1,32.33,54.7,523.11,Low,Clear,57.9,In Transit,Low,401.3
TRK-101,DRV-801,Rajesh Sharma,Heavy Freight (Tata Prima 5530.S),2026-09-04T14:59:54.206321,22.97874,72.60871,93.6,31.61,52.9,457.72,Low,Clear,63.2,In Transit,Low,293.3
TRK-101,DRV-801,Rajesh Sharma,Heavy Freight (Tata Prima 5530.S),2026-09-04T15:03:54.206321,22.51567,73.00348,76.4,38.13,47.9,392.33,Moderate,Clear,68.4,High Risk,High,371.7
TRK-101,DRV-801,Rajesh Sharma,Heavy Freight (Tata Prima 5530.S),2026-09-04T15:07:54.206321,21.99517,73.08512,41.9,46.12,47.5,326.94,Severe,Clear,73.7,High Risk,High,942.6
TRK-101,DRV-801,Rajesh Sharma,Heavy Freight (Tata Prima 5530.S),2026-09-04T15:11:54.206321,21.42765,72.91037,50.8,39.34,41.0,261.55,High,Clear,78.9,High Risk,High,462.8
TRK-101,DRV-801,Rajesh Sharma,Heavy Freight (Tata Prima 5530.S),2026-09-04T15:15:54.206321,20.84756,72.83828,54.2,41.34,35.6,196.17,High,Clear,84.2,High Risk,High,325.6
TRK-101,DRV-801,Rajesh Sharma,Heavy Freight (Tata Prima 5530.S),2026-09-04T15:19:54.206321,20.25704,72.85142,90.0,32.68,32.8,130.78,Low,Clear,89.5,In Transit,Low,90.0
TRK-101,DRV-801,Rajesh Sharma,Heavy Freight (Tata Prima 5530.S),2026-09-04T15:23:54.206321,19.66652,72.86456,61.6,35.16,26.4,65.39,Moderate,Clear,94.7,In Transit,Moderate,79.3
TRK-101,DRV-801,Rajesh Sharma,Heavy Freight (Tata Prima 5530.S),2026-09-04T15:27:54.206321,19.076,72.8777,92.2,34.25,23.1,0.0,Low,Clear,100.0,Arrived,Low,0.5
TRK-101,DRV-801,Rajesh Sharma,Heavy Freight (Tata Prima 5530.S),2026-09-05T04:11:54.206321,28.6139,77.209,75.6,39.5,98.2,1242.38,Moderate,Clear,0.0,High Risk,High,1184.2
TRK-101,DRV-801,Rajesh Sharma,Heavy Freight (Tata Prima 5530.S),2026-09-05T04:15:54.206321,28.13585,76.8315,54.7,41.38,95.4,1176.99,High,Clear,5.3,High Risk,High,1940.2
TRK-101,DRV-801,Rajesh Sharma,Heavy Freight (Tata Prima 5530.S),2026-09-05T04:19:54.206321,27.65693,76.44816,77.7,36.01,92.4,1111.6,Moderate,Clear,10.5,High Risk,High,1033.3
TRK-101,DRV-801,Rajesh Sharma,Heavy Freight (Tata Prima 5530.S),2026-09-05T04:23:54.206321,27.19431,76.03753,70.6,37.36,89.6,1046.22,Moderate,Clear,15.8,High Risk,High,1067.7
TRK-101,DRV-801,Rajesh Sharma,Heavy Freight (Tata Prima 5530.S),2026-09-05T04:27:54.206321,26.72033,75.64603,51.5,45.06,82.2,980.83,Severe,Clear,21.1,High Risk,High,2284.1
TRK-101,DRV-801,Rajesh Sharma,Heavy Freight (Tata Prima 5530.S),2026-09-05T04:31:54.206321,26.22862,75.28438,90.9,34.0,78.5,915.44,Low,Clear,26.3,In Transit,Low,599.0
TRK-101,DRV-801,Rajesh Sharma,Heavy Freight (Tata Prima 5530.S),2026-09-05T04:35:54.206321,25.73692,74.92272,66.5,35.7,78.4,850.05,Moderate,Clear,31.6,High Risk,High,925.2
TRK-101,DRV-801,Rajesh Sharma,Heavy Freight (Tata Prima 5530.S),2026-09-05T04:39:54.206321,25.26393,74.53792,54.5,40.35,70.3,784.66,High,Clear,36.8,High Risk,High,1294.8
TRK-101,DRV-801,Rajesh Sharma,Heavy Freight (Tata Prima 5530.S),2026-09-05T04:43:54.206321,24.86862,74.05702,72.2,29.65,70.1,719.27,Low,Clear,42.1,In Transit,Low,593.0
TRK-101,DRV-801,Rajesh Sharma,Heavy Freight (Tata Prima 5530.S),2026-09-05T04:47:54.206321,24.44642,73.61103,70.3,35.83,65.8,653.89,Moderate,Clear,47.4,High Risk,High,674.2
TRK-101,DRV-801,Rajesh Sharma,Heavy Freight (Tata Prima 5530.S),2026-09-05T04:51:54.206321,23.95634,73.25322,90.3,34.05,61.1,588.5,Low,Clear,52.6,In Transit,Low,390.6
TRK-101,DRV-801,Rajesh Sharma,Heavy Freight (Tata Prima 5530.S),2026-09-05T04:55:54.206321,23.46626,72.8954,78.6,33.6,55.4,523.11,Low,Clear,57.9,In Transit,Low,399.9
TRK-101,DRV-801,Rajesh Sharma,Heavy Freight (Tata Prima 5530.S),2026-09-05T04:59:54.206321,22.97874,72.60871,67.8,43.77,54.8,457.72,High,Clear,63.2,High Risk,High,605.3
TRK-101,DRV-801,Rajesh Sharma,Heavy Freight (Tata Prima 5530.S),2026-09-05T05:03:54.206321,22.51567,73.00348,40.6,48.03,48.4,392.33,Severe,Clear,68.4,High Risk,High,1161.6
TRK-101,DRV-801,Rajesh Sharma,Heavy Freight (Tata Prima 5530.S),2026-09-05T05:07:54.206321,21.99517,73.08512,61.7,41.46,45.4,326.94,High,Clear,73.7,High Risk,High,476.8
TRK-101,DRV-801,Rajesh Sharma,Heavy Freight (Tata Prima 5530.S),2026-09-05T05:11:54.206321,21.42765,72.91037,68.9,36.67,38.4,261.55,Moderate,Clear,78.9,High Risk,High,272.2
TRK-101,DRV-801,Rajesh Sharma,Heavy Freight (Tata Prima 5530.S),2026-09-05T05:15:54.206321,20.84756,72.83828,54.2,39.23,38.1,196.17,High,Clear,84.2,High Risk,High,320.8
TRK-101,DRV-801,Rajesh Sharma,Heavy Freight (Tata Prima 5530.S),2026-09-05T05:19:54.206321,20.25704,72.85142,59.0,41.35,32.1,130.78,High,Clear,89.5,High Risk,High,197.7
TRK-101,DRV-801,Rajesh Sharma,Heavy Freight (Tata Prima 5530.S),2026-09-05T05:23:54.206321,19.66652,72.86456,71.0,38.78,27.4,65.39,Moderate,Clear,94.7,In Transit,Low,65.0
TRK-101,DRV-801,Rajesh Sharma,Heavy Freight (Tata Prima 5530.S),2026-09-05T05:27:54.206321,19.076,72.8777,29.3,49.63,28.4,0.0,Severe,Clear,100.0,Arrived,Low,0.5
TRK-101,DRV-801,Rajesh Sharma,Heavy Freight (Tata Prima 5530.S),2026-09-05T18:11:54.206321,28.6139,77.209,40.5,44.97,99.7,1242.38,High,Heatwave,0.0,High Risk,High,3864.6
TRK-101,DRV-801,Rajesh Sharma,Heavy Freight (Tata Prima 5530.S),2026-09-05T18:15:54.206321,28.13585,76.8315,59.0,40.41,96.6,1176.99,Moderate,Heatwave,5.3,High Risk,High,2009.5
TRK-101,DRV-801,Rajesh Sharma,Heavy Freight (Tata Prima 5530.S),2026-09-05T18:19:54.206321,27.65693,76.44816,52.6,37.34,93.4,1111.6,Moderate,Heatwave,10.5,High Risk,High,2131.1
TRK-101,DRV-801,Rajesh Sharma,Heavy Freight (Tata Prima 5530.S),2026-09-05T18:23:54.206321,27.19431,76.03753,34.6,51.7,87.8,1046.22,Severe,Heatwave,15.8,Delayed,High,5080.3
TRK-101,DRV-801,Rajesh Sharma,Heavy Freight (Tata Prima 5530.S),2026-09-05T18:27:54.206321,26.72033,75.64603,59.8,39.61,85.5,980.83,Moderate,Heatwave,21.1,High Risk,High,1652.9
TRK-101,DRV-801,Rajesh Sharma,Heavy Freight (Tata Prima 5530.S),2026-09-05T18:31:54.206321,26.22862,75.28438,63.9,37.4,75.7,915.44,Low,Heatwave,26.3,High Risk,High,1201.4
TRK-101,DRV-801,Rajesh Sharma,Heavy Freight (Tata Prima 5530.S),2026-09-05T18:35:54.206321,25.73692,74.92272,76.4,37.62,77.6,850.05,Low,Heatwave,31.6,High Risk,High,933.9
TRK-101,DRV-801,Rajesh Sharma,Heavy Freight (Tata Prima 5530.S),2026-09-05T18:39:54.206321,25.26393,74.53792,77.0,33.98,73.2,784.66,Low,Heatwave,36.8,High Risk,High,857.1
TRK-101,DRV-801,Rajesh Sharma,Heavy Freight (Tata Prima 5530.S),2026-09-05T18:43:54.206321,24.86862,74.05702,32.8,52.04,71.9,719.27,Severe,Heatwave,42.1,Delayed,High,3689.8
TRK-101,DRV-801,Rajesh Sharma,Heavy Freight (Tata Prima 5530.S),2026-09-05T18:47:54.206321,24.44642,73.61103,72.7,36.76,68.0,653.89,Low,Heatwave,47.4,High Risk,High,758.9
TRK-101,DRV-801,Rajesh Sharma,Heavy Freight (Tata Prima 5530.S),2026-09-05T18:51:54.206321,23.95634,73.25322,47.9,43.08,62.1,588.5,High,Heatwave,52.6,High Risk,High,1546.0
TRK-101,DRV-801,Rajesh Sharma,Heavy Freight (Tata Prima 5530.S),2026-09-05T18:55:54.206321,23.46626,72.8954,56.4,41.71,54.7,523.11,Moderate,Heatwave,57.9,High Risk,High,930.2
TRK-101,DRV-801,Rajesh Sharma,Heavy Freight (Tata Prima 5530.S),2026-09-05T18:59:54.206321,22.97874,72.60871,47.4,48.15,53.2,457.72,High,Heatwave,63.2,High Risk,High,1219.7
TRK-101,DRV-801,Rajesh Sharma,Heavy Freight (Tata Prima 5530.S),2026-09-05T19:03:54.206321,22.51567,73.00348,69.0,36.67,46.4,392.33,Low,Heatwave,68.4,High Risk,High,478.3
TRK-101,DRV-801,Rajesh Sharma,Heavy Freight (Tata Prima 5530.S),2026-09-05T19:07:54.206321,21.99517,73.08512,56.4,41.32,45.2,326.94,Moderate,Heatwave,73.7,High Risk,High,586.7
TRK-101,DRV-801,Rajesh Sharma,Heavy Freight (Tata Prima 5530.S),2026-09-05T19:11:54.206321,21.42765,72.91037,76.3,36.22,41.2,261.55,Low,Heatwave,78.9,High Risk,High,288.1
TRK-101,DRV-801,Rajesh Sharma,Heavy Freight (Tata Prima 5530.S),2026-09-05T19:15:54.206321,20.84756,72.83828,54.2,34.95,35.7,196.17,Moderate,Heatwave,84.2,High Risk,High,364.9
TRK-101,DRV-801,Rajesh Sharma,Heavy Freight (Tata Prima 5530.S),2026-09-05T19:19:54.206321,20.25704,72.85142,67.8,35.6,34.8,130.78,Low,Heatwave,89.5,High Risk,High,160.5
TRK-101,DRV-801,Rajesh Sharma,Heavy Freight (Tata Prima 5530.S),2026-09-05T19:23:54.206321,19.66652,72.86456,66.5,36.59,32.9,65.39,Low,Heatwave,94.7,In Transit,Moderate,82.9
TRK-101,DRV-801,Rajesh Sharma,Heavy Freight (Tata Prima 5530.S),2026-09-05T19:27:54.206321,19.076,72.8777,47.1,43.53,25.7,0.0,High,Heatwave,100.0,In Transit,Moderate,0.5
TRK-101,DRV-801,Rajesh Sharma,Heavy Freight (Tata Prima 5530.S),2026-09-06T08:11:54.206321,28.6139,77.209,81.8,34.79,97.4,1242.38,Low,Clear,0.0,In Transit,Low,908.4
TRK-101,DRV-801,Rajesh Sharma,Heavy Freight (Tata Prima 5530.S),2026-09-06T08:15:54.206321,28.13585,76.8315,85.8,30.78,96.0,1176.99,Low,Clear,5.3,In Transit,Low,820.9
TRK-101,DRV-801,Rajesh Sharma,Heavy Freight (Tata Prima 5530.S),2026-09-06T08:19:54.206321,27.65693,76.44816,55.1,39.59,95.3,1111.6,High,Clear,10.5,High Risk,High,1821.2
TRK-101,DRV-801,Rajesh Sharma,Heavy Freight (Tata Prima 5530.S),2026-09-06T08:23:54.206321,27.19431,76.03753,85.7,34.9,83.8,1046.22,Low,Clear,15.8,In Transit,Low,734.7
TRK-101,DRV-801,Rajesh Sharma,Heavy Freight (Tata Prima 5530.S),2026-09-06T08:27:54.206321,26.72033,75.64603,79.2,35.86,83.1,980.83,Low,Clear,21.1,In Transit,Low,742.7
TRK-101,DRV-801,Rajesh Sharma,Heavy Freight (Tata Prima 5530.S),2026-09-06T08:31:54.206321,26.22862,75.28438,88.8,36.41,78.3,915.44,Low,Clear,26.3,In Transit,Low,623.2
TRK-101,DRV-801,Rajesh Sharma,Heavy Freight (Tata Prima 5530.S),2026-09-06T08:35:54.206321,25.73692,74.92272,82.5,33.53,76.1,850.05,Low,Clear,31.6,In Transit,Low,621.7
TRK-101,DRV-801,Rajesh Sharma,Heavy Freight (Tata Prima 5530.S),2026-09-06T08:39:54.206321,25.26393,74.53792,93.8,31.27,68.4,784.66,Low,Clear,36.8,In Transit,Low,499.7
TRK-101,DRV-801,Rajesh Sharma,Heavy Freight (Tata Prima 5530.S),2026-09-06T08:43:54.206321,24.86862,74.05702,63.2,37.44,67.0,719.27,Moderate,Clear,42.1,High Risk,High,813.9
TRK-101,DRV-801,Rajesh Sharma,Heavy Freight (Tata Prima 5530.S),2026-09-06T08:47:54.206321,24.44642,73.61103,59.7,37.29,64.1,653.89,Moderate,Clear,47.4,High Risk,High,790.3
TRK-101,DRV-801,Rajesh Sharma,Heavy Freight (Tata Prima 5530.S),2026-09-06T08:51:54.206321,23.95634,73.25322,70.3,35.67,64.3,588.5,Moderate,Clear,52.6,High Risk,High,599.3
TRK-101,DRV-801,Rajesh Sharma,Heavy Freight (Tata Prima 5530.S),2026-09-06T08:55:54.206321,23.46626,72.8954,77.2,37.27,56.6,523.11,Moderate,Clear,57.9,High Risk,High,487.5
TRK-101,DRV-801,Rajesh Sharma,Heavy Freight (Tata Prima 5530.S),2026-09-06T08:59:54.206321,22.97874,72.60871,62.0,38.72,50.0,457.72,High,Clear,63.2,High Risk,High,664.3
TRK-101,DRV-801,Rajesh Sharma,Heavy Freight (Tata Prima 5530.S),2026-09-06T09:03:54.206321,22.51567,73.00348,89.7,33.67,45.3,392.33,Low,Clear,68.4,In Transit,Low,265.3
TRK-101,DRV-801,Rajesh Sharma,Heavy Freight (Tata Prima 5530.S),2026-09-06T09:07:54.206321,21.99517,73.08512,40.7,46.52,45.6,326.94,Severe,Clear,73.7,High Risk,High,967.8
TRK-101,DRV-801,Rajesh Sharma,Heavy Freight (Tata Prima 5530.S),2026-09-06T09:11:54.206321,21.42765,72.91037,86.2,33.66,41.8,261.55,Low,Clear,78.9,In Transit,Low,185.2
TRK-101,DRV-801,Rajesh Sharma,Heavy Freight (Tata Prima 5530.S),2026-09-06T09:15:54.206321,20.84756,72.83828,93.0,32.6,36.3,196.17,Low,Clear,84.2,In Transit,Low,124.3
TRK-101,DRV-801,Rajesh Sharma,Heavy Freight (Tata Prima 5530.S),2026-09-06T09:19:54.206321,20.25704,72.85142,79.0,38.61,31.6,130.78,Moderate,Clear,89.5,In Transit,Moderate,118.4
TRK-101,DRV-801,Rajesh Sharma,Heavy Freight (Tata Prima 5530.S),2026-09-06T09:23:54.206321,19.66652,72.86456,47.0,41.63,27.2,65.39,High,Clear,94.7,High Risk,High,125.2
TRK-101,DRV-801,Rajesh Sharma,Heavy Freight (Tata Prima 5530.S),2026-09-06T09:27:54.206321,19.076,72.8777,90.0,36.57,25.8,0.0,Low,Clear,100.0,Arrived,Low,0.5
TRK-101,DRV-801,Rajesh Sharma,Heavy Freight (Tata Prima 5530.S),2026-09-06T22:11:54.206321,28.6139,77.209,76.3,35.29,99.2,1242.38,Low,Fog,0.0,High Risk,High,1321.9
TRK-101,DRV-801,Rajesh Sharma,Heavy Freight (Tata Prima 5530.S),2026-09-06T22:15:54.206321,28.13585,76.8315,58.7,35.43,96.5,1176.99,Low,Fog,5.3,High Risk,High,1626.7
TRK-101,DRV-801,Rajesh Sharma,Heavy Freight (Tata Prima 5530.S),2026-09-06T22:19:54.206321,27.65693,76.44816,75.4,36.39,91.8,1111.6,Low,Fog,10.5,High Risk,High,1194.1
TRK-101,DRV-801,Rajesh Sharma,Heavy Freight (Tata Prima 5530.S),2026-09-06T22:23:54.206321,27.19431,76.03753,42.5,40.66,88.9,1046.22,High,Fog,15.8,High Risk,High,2995.0
TRK-101,DRV-801,Rajesh Sharma,Heavy Freight (Tata Prima 5530.S),2026-09-06T22:27:54.206321,26.72033,75.64603,54.8,43.97,85.1,980.83,High,Fog,21.1,High Risk,High,2178.2
TRK-101,DRV-801,Rajesh Sharma,Heavy Freight (Tata Prima 5530.S),2026-09-06T22:31:54.206321,26.22862,75.28438,69.9,37.53,83.2,915.44,Low,Fog,26.3,High Risk,High,1064.0
TRK-101,DRV-801,Rajesh Sharma,Heavy Freight (Tata Prima 5530.S),2026-09-06T22:35:54.206321,25.73692,74.92272,76.8,37.15,76.3,850.05,Low,Fog,31.6,High Risk,High,899.0
TRK-101,DRV-801,Rajesh Sharma,Heavy Freight (Tata Prima 5530.S),2026-09-06T22:39:54.206321,25.26393,74.53792,50.9,40.36,69.5,784.66,High,Fog,36.8,High Risk,High,1877.4
TRK-101,DRV-801,Rajesh Sharma,Heavy Freight (Tata Prima 5530.S),2026-09-06T22:43:54.206321,24.86862,74.05702,49.0,37.53,67.5,719.27,Moderate,Fog,42.1,High Risk,High,1432.7
TRK-101,DRV-801,Rajesh Sharma,Heavy Freight (Tata Prima 5530.S),2026-09-06T22:47:54.206321,24.44642,73.61103,51.4,41.88,64.5,653.89,High,Fog,47.4,High Risk,High,1550.0
TRK-101,DRV-801,Rajesh Sharma,Heavy Freight (Tata Prima 5530.S),2026-09-06T22:51:54.206321,23.95634,73.25322,73.0,37.42,62.8,588.5,Low,Fog,52.6,High Risk,High,657.2
TRK-101,DRV-801,Rajesh Sharma,Heavy Freight (Tata Prima 5530.S),2026-09-06T22:55:54.206321,23.46626,72.8954,61.2,38.55,51.6,523.11,Moderate,Fog,57.9,High Risk,High,825.9
TRK-101,DRV-801,Rajesh Sharma,Heavy Freight (Tata Prima 5530.S),2026-09-06T22:59:54.206321,22.97874,72.60871,47.7,46.5,50.7,457.72,High,Fog,63.2,High Risk,High,1165.8
TRK-101,DRV-801,Rajesh Sharma,Heavy Freight (Tata Prima 5530.S),2026-09-06T23:03:54.206321,22.51567,73.00348,54.9,37.2,49.1,392.33,Moderate,Fog,68.4,High Risk,High,694.4
TRK-101,DRV-801,Rajesh Sharma,Heavy Freight (Tata Prima 5530.S),2026-09-06T23:07:54.206321,21.99517,73.08512,55.9,40.15,43.4,326.94,Moderate,Fog,73.7,High Risk,High,564.8
TRK-101,DRV-801,Rajesh Sharma,Heavy Freight (Tata Prima 5530.S),2026-09-06T23:11:54.206321,21.42765,72.91037,59.5,36.24,42.2,261.55,Low,Fog,78.9,High Risk,High,359.4
TRK-101,DRV-801,Rajesh Sharma,Heavy Freight (Tata Prima 5530.S),2026-09-06T23:15:54.206321,20.84756,72.83828,73.0,38.29,38.3,196.17,Low,Fog,84.2,High Risk,High,215.9
TRK-101,DRV-801,Rajesh Sharma,Heavy Freight (Tata Prima 5530.S),2026-09-06T23:19:54.206321,20.25704,72.85142,76.6,37.67,31.6,130.78,Low,Fog,89.5,High Risk,High,138.9
TRK-101,DRV-801,Rajesh Sharma,Heavy Freight (Tata Prima 5530.S),2026-09-06T23:23:54.206321,19.66652,72.86456,58.2,37.16,29.2,65.39,Moderate,Fog,94.7,High Risk,High,103.8
TRK-101,DRV-801,Rajesh Sharma,Heavy Freight (Tata Prima 5530.S),2026-09-06T23:27:54.206321,19.076,72.8777,57.4,42.48,27.3,0.0,High,Fog,100.0,In Transit,Moderate,0.5
TRK-101,DRV-801,Rajesh Sharma,Heavy Freight (Tata Prima 5530.S),2026-09-07T12:11:54.206321,28.6139,77.209,37.7,50.65,103.1,1242.38,Severe,Rain,0.0,Delayed,High,4951.6
TRK-101,DRV-801,Rajesh Sharma,Heavy Freight (Tata Prima 5530.S),2026-09-07T12:15:54.206321,28.13585,76.8315,39.0,45.75,94.7,1176.99,High,Rain,5.3,Delayed,High,3395.2
TRK-101,DRV-801,Rajesh Sharma,Heavy Freight (Tata Prima 5530.S),2026-09-07T12:19:54.206321,27.65693,76.44816,69.2,31.57,91.8,1111.6,Low,Rain,10.5,High Risk,High,1207.1
TRK-101,DRV-801,Rajesh Sharma,Heavy Freight (Tata Prima 5530.S),2026-09-07T12:23:54.206321,27.19431,76.03753,84.7,36.47,84.3,1046.22,Low,Rain,15.8,High Risk,High,928.7
TRK-101,DRV-801,Rajesh Sharma,Heavy Freight (Tata Prima 5530.S),2026-09-07T12:27:54.206321,26.72033,75.64603,77.6,36.47,85.5,980.83,Low,Rain,21.1,High Risk,High,946.9
TRK-101,DRV-801,Rajesh Sharma,Heavy Freight (Tata Prima 5530.S),2026-09-07T12:31:54.206321,26.22862,75.28438,66.7,37.56,82.7,915.44,Moderate,Rain,26.3,High Risk,High,1240.4
TRK-101,DRV-801,Rajesh Sharma,Heavy Freight (Tata Prima 5530.S),2026-09-07T12:35:54.206321,25.73692,74.92272,58.6,40.05,76.5,850.05,Moderate,Rain,31.6,High Risk,High,1298.9
TRK-101,DRV-801,Rajesh Sharma,Heavy Freight (Tata Prima 5530.S),2026-09-07T12:39:54.206321,25.26393,74.53792,65.4,36.94,72.2,784.66,Low,Rain,36.8,High Risk,High,900.0
TRK-101,DRV-801,Rajesh Sharma,Heavy Freight (Tata Prima 5530.S),2026-09-07T12:43:54.206321,24.86862,74.05702,45.6,38.62,68.3,719.27,High,Rain,42.1,High Risk,High,1783.7
TRK-101,DRV-801,Rajesh Sharma,Heavy Freight (Tata Prima 5530.S),2026-09-07T12:47:54.206321,24.44642,73.61103,78.8,35.62,61.5,653.89,Low,Rain,47.4,High Risk,High,624.2
TRK-101,DRV-801,Rajesh Sharma,Heavy Freight (Tata Prima 5530.S),2026-09-07T12:51:54.206321,23.95634,73.25322,68.3,37.06,60.1,588.5,Low,Rain,52.6,High Risk,High,648.4
TRK-101,DRV-801,Rajesh Sharma,Heavy Freight (Tata Prima 5530.S),2026-09-07T12:55:54.206321,23.46626,72.8954,62.1,38.89,53.7,523.11,Moderate,Rain,57.9,High Risk,High,758.1
TRK-101,DRV-801,Rajesh Sharma,Heavy Freight (Tata Prima 5530.S),2026-09-07T12:59:54.206321,22.97874,72.60871,71.7,39.55,55.1,457.72,Moderate,Rain,63.2,High Risk,High,575.2
TRK-101,DRV-801,Rajesh Sharma,Heavy Freight (Tata Prima 5530.S),2026-09-07T13:03:54.206321,22.51567,73.00348,84.5,35.61,47.4,392.33,Low,Rain,68.4,High Risk,High,355.8
TRK-101,DRV-801,Rajesh Sharma,Heavy Freight (Tata Prima 5530.S),2026-09-07T13:07:54.206321,21.99517,73.08512,38.7,42.83,44.6,326.94,High,Rain,73.7,Delayed,High,950.1
TRK-101,DRV-801,Rajesh Sharma,Heavy Freight (Tata Prima 5530.S),2026-09-07T13:11:54.206321,21.42765,72.91037,71.0,37.5,43.6,261.55,Low,Rain,78.9,High Risk,High,276.7
TRK-101,DRV-801,Rajesh Sharma,Heavy Freight (Tata Prima 5530.S),2026-09-07T13:15:54.206321,20.84756,72.83828,65.6,37.61,39.3,196.17,Moderate,Rain,84.2,High Risk,High,268.1
TRK-101,DRV-801,Rajesh Sharma,Heavy Freight (Tata Prima 5530.S),2026-09-07T13:19:54.206321,20.25704,72.85142,73.3,35.55,29.6,130.78,Moderate,Rain,89.5,High Risk,High,160.0
TRK-101,DRV-801,Rajesh Sharma,Heavy Freight (Tata Prima 5530.S),2026-09-07T13:23:54.206321,19.66652,72.86456,56.5,41.74,27.9,65.39,Moderate,Rain,94.7,High Risk,High,99.5
TRK-101,DRV-801,Rajesh Sharma,Heavy Freight (Tata Prima 5530.S),2026-09-07T13:27:54.206321,19.076,72.8777,74.4,34.13,20.7,0.0,Low,Rain,100.0,Arrived,Low,0.5
TRK-102,DRV-802,Suresh Patil,Refrigerated Hauler (BharatBenz 3528C),2026-08-27T22:11:54.206321,19.076,72.8777,88.1,27.73,98.5,126.29,Low,Clear,0.0,In Transit,Low,80.2
TRK-102,DRV-802,Suresh Patil,Refrigerated Hauler (BharatBenz 3528C),2026-08-27T22:15:54.206321,19.05888,72.93823,86.7,28.81,97.3,119.65,Low,Clear,5.3,In Transit,Low,84.5
TRK-102,DRV-802,Suresh Patil,Refrigerated Hauler (BharatBenz 3528C),2026-08-27T22:19:54.206321,19.04175,72.99876,87.6,29.35,90.9,113.0,Low,Clear,10.5,In Transit,Low,74.6
TRK-102,DRV-802,Suresh Patil,Refrigerated Hauler (BharatBenz 3528C),2026-08-27T22:23:54.206321,19.01398,73.05319,96.0,26.69,88.3,106.35,Low,Clear,15.8,In Transit,Low,60.7
TRK-102,DRV-802,Suresh Patil,Refrigerated Hauler (BharatBenz 3528C),2026-08-27T22:27:54.206321,18.97507,73.10125,58.0,37.81,83.1,99.7,High,Clear,21.1,High Risk,High,149.2
TRK-102,DRV-802,Suresh Patil,Refrigerated Hauler (BharatBenz 3528C),2026-08-27T22:31:54.206321,18.93616,73.14931,87.1,29.15,82.3,93.06,Low,Clear,26.3,In Transit,Low,62.4
TRK-102,DRV-802,Suresh Patil,Refrigerated Hauler (BharatBenz 3528C),2026-08-27T22:35:54.206321,18.89724,73.19737,81.7,26.4,75.9,86.41,Low,Clear,31.6,In Transit,Low,62.6
TRK-102,DRV-802,Suresh Patil,Refrigerated Hauler (BharatBenz 3528C),2026-08-27T22:39:54.206321,18.85833,73.24543,39.5,41.1,72.1,79.76,Severe,Clear,36.8,Delayed,High,245.4
TRK-102,DRV-802,Suresh Patil,Refrigerated Hauler (BharatBenz 3528C),2026-08-27T22:43:54.206321,18.82093,73.29462,53.6,36.61,68.2,73.12,High,Clear,42.1,High Risk,High,125.1
TRK-102,DRV-802,Suresh Patil,Refrigerated Hauler (BharatBenz 3528C),2026-08-27T22:47:54.206321,18.7901,73.34873,84.0,29.74,62.3,66.47,Low,Clear,47.4,In Transit,Low,46.3
TRK-102,DRV-802,Suresh Patil,Refrigerated Hauler (BharatBenz 3528C),2026-08-27T22:51:54.206321,18.75927,73.40284,66.9,33.72,61.1,59.82,Moderate,Clear,52.6,In Transit,Moderate,65.6
TRK-102,DRV-802,Suresh Patil,Refrigerated Hauler (BharatBenz 3528C),2026-08-27T22:55:54.206321,18.75031,73.46455,62.0,31.29,55.8,53.18,Moderate,Clear,57.9,In Transit,Low,57.3
TRK-102,DRV-802,Suresh Patil,Refrigerated Hauler (BharatBenz 3528C),2026-08-27T22:59:54.206321,18.74422,73.52726,61.4,33.79,50.6,46.53,Moderate,Clear,63.2,In Transit,Low,51.2
TRK-102,DRV-802,Suresh Patil,Refrigerated Hauler (BharatBenz 3528C),2026-08-27T23:03:54.206321,18.73812,73.58996,83.3,31.3,51.5,39.88,Low,Clear,68.4,In Transit,Low,29.5
TRK-102,DRV-802,Suresh Patil,Refrigerated Hauler (BharatBenz 3528C),2026-08-27T23:07:54.206321,18.73203,73.65267,90.5,26.77,41.0,33.23,Low,Clear,73.7,In Transit,Low,16.0
TRK-102,DRV-802,Suresh Patil,Refrigerated Hauler (BharatBenz 3528C),2026-08-27T23:11:54.206321,18.70834,73.70724,51.8,34.76,41.1,26.59,High,Clear,78.9,In Transit,Moderate,49.4
TRK-102,DRV-802,Suresh Patil,Refrigerated Hauler (BharatBenz 3528C),2026-08-27T23:15:54.206321,18.66839,73.75427,55.4,35.73,39.1,19.94,High,Clear,84.2,In Transit,Moderate,30.6
TRK-102,DRV-802,Suresh Patil,Refrigerated Hauler (BharatBenz 3528C),2026-08-27T23:19:54.206321,18.62796,73.80066,52.5,37.4,35.5,13.29,High,Clear,89.5,In Transit,Moderate,26.2
TRK-102,DRV-802,Suresh Patil,Refrigerated Hauler (BharatBenz 3528C),2026-08-27T23:23:54.206321,18.57418,73.82868,60.7,32.99,30.2,6.65,High,Clear,94.7,In Transit,Moderate,15.1
TRK-102,DRV-802,Suresh Patil,Refrigerated Hauler (BharatBenz 3528C),2026-08-27T23:27:54.206321,18.5204,73.8567,75.2,29.78,23.7,0.0,Moderate,Clear,100.0,Arrived,Low,0.5
TRK-102,DRV-802,Suresh Patil,Refrigerated Hauler (BharatBenz 3528C),2026-08-28T12:11:54.206321,19.076,72.8777,85.4,30.41,101.8,126.29,Low,Clear,0.0,In Transit,Low,93.0
TRK-102,DRV-802,Suresh Patil,Refrigerated Hauler (BharatBenz 3528C),2026-08-28T12:15:54.206321,19.05888,72.93823,101.4,31.16,97.3,119.65,Low,Clear,5.3,In Transit,Low,73.3
TRK-102,DRV-802,Suresh Patil,Refrigerated Hauler (BharatBenz 3528C),2026-08-28T12:19:54.206321,19.04175,72.99876,86.0,29.6,92.9,113.0,Low,Clear,10.5,In Transit,Low,75.8
TRK-102,DRV-802,Suresh Patil,Refrigerated Hauler (BharatBenz 3528C),2026-08-28T12:23:54.206321,19.01398,73.05319,55.7,36.35,83.4,106.35,High,Clear,15.8,High Risk,High,168.8
TRK-102,DRV-802,Suresh Patil,Refrigerated Hauler (BharatBenz 3528C),2026-08-28T12:27:54.206321,18.97507,73.10125,84.0,24.52,86.7,99.7,Low,Clear,21.1,In Transit,Low,70.2
TRK-102,DRV-802,Suresh Patil,Refrigerated Hauler (BharatBenz 3528C),2026-08-28T12:31:54.206321,18.93616,73.14931,91.5,28.58,76.9,93.06,Low,Clear,26.3,In Transit,Low,56.2
TRK-102,DRV-802,Suresh Patil,Refrigerated Hauler (BharatBenz 3528C),2026-08-28T12:35:54.206321,18.89724,73.19737,70.4,29.87,73.8,86.41,Moderate,Clear,31.6,In Transit,Moderate,90.1
TRK-102,DRV-802,Suresh Patil,Refrigerated Hauler (BharatBenz 3528C),2026-08-28T12:39:54.206321,18.85833,73.24543,82.0,28.82,71.5,79.76,Low,Clear,36.8,In Transit,Low,60.9
TRK-102,DRV-802,Suresh Patil,Refrigerated Hauler (BharatBenz 3528C),2026-08-28T12:43:54.206321,18.82093,73.29462,63.3,34.87,69.8,73.12,Moderate,Clear,42.1,In Transit,Moderate,84.9
TRK-102,DRV-802,Suresh Patil,Refrigerated Hauler (BharatBenz 3528C),2026-08-28T12:47:54.206321,18.7901,73.34873,43.5,40.43,67.3,66.47,Severe,Clear,47.4,High Risk,High,189.3
TRK-102,DRV-802,Suresh Patil,Refrigerated Hauler (BharatBenz 3528C),2026-08-28T12:51:54.206321,18.75927,73.40284,74.8,33.23,58.9,59.82,Moderate,Clear,52.6,In Transit,Moderate,59.1
TRK-102,DRV-802,Suresh Patil,Refrigerated Hauler (BharatBenz 3528C),2026-08-28T12:55:54.206321,18.75031,73.46455,69.5,32.82,55.1,53.18,Moderate,Clear,57.9,In Transit,Low,53.7
TRK-102,DRV-802,Suresh Patil,Refrigerated Hauler (BharatBenz 3528C),2026-08-28T12:59:54.206321,18.74422,73.52726,82.8,32.93,51.2,46.53,Moderate,Clear,63.2,In Transit,Low,36.7
TRK-102,DRV-802,Suresh Patil,Refrigerated Hauler (BharatBenz 3528C),2026-08-28T13:03:54.206321,18.73812,73.58996,90.4,29.64,49.4,39.88,Low,Clear,68.4,In Transit,Low,28.2
TRK-102,DRV-802,Suresh Patil,Refrigerated Hauler (BharatBenz 3528C),2026-08-28T13:07:54.206321,18.73203,73.65267,78.5,30.52,47.6,33.23,Moderate,Clear,73.7,In Transit,Low,25.6
TRK-102,DRV-802,Suresh Patil,Refrigerated Hauler (BharatBenz 3528C),2026-08-28T13:11:54.206321,18.70834,73.70724,76.2,28.14,44.4,26.59,Low,Clear,78.9,In Transit,Low,26.1
TRK-102,DRV-802,Suresh Patil,Refrigerated Hauler (BharatBenz 3528C),2026-08-28T13:15:54.206321,18.66839,73.75427,56.0,34.66,38.2,19.94,High,Clear,84.2,In Transit,Moderate,32.5
TRK-102,DRV-802,Suresh Patil,Refrigerated Hauler (BharatBenz 3528C),2026-08-28T13:19:54.206321,18.62796,73.80066,85.4,25.76,33.9,13.29,Low,Clear,89.5,In Transit,Low,12.1
TRK-102,DRV-802,Suresh Patil,Refrigerated Hauler (BharatBenz 3528C),2026-08-28T13:23:54.206321,18.57418,73.82868,86.1,27.69,30.4,6.65,Low,Clear,94.7,In Transit,Low,0.5
TRK-102,DRV-802,Suresh Patil,Refrigerated Hauler (BharatBenz 3528C),2026-08-28T13:27:54.206321,18.5204,73.8567,60.9,32.71,23.4,0.0,Moderate,Clear,100.0,Arrived,Low,2.5
TRK-102,DRV-802,Suresh Patil,Refrigerated Hauler (BharatBenz 3528C),2026-08-29T02:11:54.206321,19.076,72.8777,79.3,31.47,100.4,126.29,Low,Clear,0.0,In Transit,Low,96.9
TRK-102,DRV-802,Suresh Patil,Refrigerated Hauler (BharatBenz 3528C),2026-08-29T02:15:54.206321,19.05888,72.93823,43.8,40.6,96.6,119.65,Severe,Clear,5.3,High Risk,High,328.9
TRK-102,DRV-802,Suresh Patil,Refrigerated Hauler (BharatBenz 3528C),2026-08-29T02:19:54.206321,19.04175,72.99876,47.4,36.46,93.6,113.0,High,Clear,10.5,High Risk,High,211.4
TRK-102,DRV-802,Suresh Patil,Refrigerated Hauler (BharatBenz 3528C),2026-08-29T02:23:54.206321,19.01398,73.05319,62.5,32.26,87.5,106.35,High,Clear,15.8,High Risk,High,148.2
TRK-102,DRV-802,Suresh Patil,Refrigerated Hauler (BharatBenz 3528C),2026-08-29T02:27:54.206321,18.97507,73.10125,65.8,35.97,86.4,99.7,High,Clear,21.1,High Risk,High,135.1
TRK-102,DRV-802,Suresh Patil,Refrigerated Hauler (BharatBenz 3528C),2026-08-29T02:31:54.206321,18.93616,73.14931,77.6,33.26,79.1,93.06,Moderate,Clear,26.3,In Transit,Moderate,85.7
TRK-102,DRV-802,Suresh Patil,Refrigerated Hauler (BharatBenz 3528C),2026-08-29T02:35:54.206321,18.89724,73.19737,94.0,29.32,72.4,86.41,Low,Clear,31.6,In Transit,Low,58.0
TRK-102,DRV-802,Suresh Patil,Refrigerated Hauler (BharatBenz 3528C),2026-08-29T02:39:54.206321,18.85833,73.24543,84.6,30.44,70.5,79.76,Moderate,Clear,36.8,In Transit,Moderate,69.4
TRK-102,DRV-802,Suresh Patil,Refrigerated Hauler (BharatBenz 3528C),2026-08-29T02:43:54.206321,18.82093,73.29462,91.9,27.18,71.9,73.12,Low,Clear,42.1,In Transit,Low,42.8
TRK-102,DRV-802,Suresh Patil,Refrigerated Hauler (BharatBenz 3528C),2026-08-29T02:47:54.206321,18.7901,73.34873,88.5,28.06,64.2,66.47,Low,Clear,47.4,In Transit,Low,44.6
TRK-102,DRV-802,Suresh Patil,Refrigerated Hauler (BharatBenz 3528C),2026-08-29T02:51:54.206321,18.75927,73.40284,59.1,34.37,60.3,59.82,High,Clear,52.6,High Risk,High,96.7
TRK-102,DRV-802,Suresh Patil,Refrigerated Hauler (BharatBenz 3528C),2026-08-29T02:55:54.206321,18.75031,73.46455,72.0,28.15,55.0,53.18,Moderate,Clear,57.9,In Transit,Low,54.2
TRK-102,DRV-802,Suresh Patil,Refrigerated Hauler (BharatBenz 3528C),2026-08-29T02:59:54.206321,18.74422,73.52726,44.8,37.54,50.8,46.53,High,Clear,63.2,High Risk,High,90.2
TRK-102,DRV-802,Suresh Patil,Refrigerated Hauler (BharatBenz 3528C),2026-08-29T03:03:54.206321,18.73812,73.58996,82.6,31.22,48.3,39.88,Low,Clear,68.4,In Transit,Low,35.4
TRK-102,DRV-802,Suresh Patil,Refrigerated Hauler (BharatBenz 3528C),2026-08-29T03:07:54.206321,18.73203,73.65267,41.8,44.0,45.5,33.23,Severe,Clear,73.7,High Risk,High,94.8
TRK-102,DRV-802,Suresh Patil,Refrigerated Hauler (BharatBenz 3528C),2026-08-29T03:11:54.206321,18.70834,73.70724,51.6,37.02,44.3,26.59,High,Clear,78.9,In Transit,Moderate,45.1
TRK-102,DRV-802,Suresh Patil,Refrigerated Hauler (BharatBenz 3528C),2026-08-29T03:15:54.206321,18.66839,73.75427,58.7,38.67,39.4,19.94,High,Clear,84.2,In Transit,Moderate,34.3
TRK-102,DRV-802,Suresh Patil,Refrigerated Hauler (BharatBenz 3528C),2026-08-29T03:19:54.206321,18.62796,73.80066,95.1,31.44,31.9,13.29,Low,Clear,89.5,In Transit,Low,5.5
TRK-102,DRV-802,Suresh Patil,Refrigerated Hauler (BharatBenz 3528C),2026-08-29T03:23:54.206321,18.57418,73.82868,82.5,26.92,27.1,6.65,Low,Clear,94.7,In Transit,Low,1.2
TRK-102,DRV-802,Suresh Patil,Refrigerated Hauler (BharatBenz 3528C),2026-08-29T03:27:54.206321,18.5204,73.8567,89.7,26.72,22.7,0.0,Low,Clear,100.0,Arrived,Low,0.5
TRK-102,DRV-802,Suresh Patil,Refrigerated Hauler (BharatBenz 3528C),2026-08-29T16:11:54.206321,19.076,72.8777,69.1,36.09,102.5,126.29,Moderate,Clear,0.0,In Transit,Moderate,128.7
TRK-102,DRV-802,Suresh Patil,Refrigerated Hauler (BharatBenz 3528C),2026-08-29T16:15:54.206321,19.05888,72.93823,40.8,42.85,100.0,119.65,Severe,Clear,5.3,High Risk,High,350.4
TRK-102,DRV-802,Suresh Patil,Refrigerated Hauler (BharatBenz 3528C),2026-08-29T16:19:54.206321,19.04175,72.99876,58.5,27.83,93.0,113.0,Moderate,Clear,10.5,In Transit,Moderate,135.8
TRK-102,DRV-802,Suresh Patil,Refrigerated Hauler (BharatBenz 3528C),2026-08-29T16:23:54.206321,19.01398,73.05319,77.8,34.42,84.8,106.35,Moderate,Clear,15.8,In Transit,Moderate,101.0
TRK-102,DRV-802,Suresh Patil,Refrigerated Hauler (BharatBenz 3528C),2026-08-29T16:27:54.206321,18.97507,73.10125,84.0,29.77,85.8,99.7,Low,Clear,21.1,In Transit,Low,75.9
TRK-102,DRV-802,Suresh Patil,Refrigerated Hauler (BharatBenz 3528C),2026-08-29T16:31:54.206321,18.93616,73.14931,85.2,29.39,79.6,93.06,Low,Clear,26.3,In Transit,Low,62.5
TRK-102,DRV-802,Suresh Patil,Refrigerated Hauler (BharatBenz 3528C),2026-08-29T16:35:54.206321,18.89724,73.19737,80.0,28.63,73.2,86.41,Low,Clear,31.6,In Transit,Low,65.1
TRK-102,DRV-802,Suresh Patil,Refrigerated Hauler (BharatBenz 3528C),2026-08-29T16:39:54.206321,18.85833,73.24543,78.5,28.37,72.5,79.76,Low,Clear,36.8,In Transit,Low,57.9
TRK-102,DRV-802,Suresh Patil,Refrigerated Hauler (BharatBenz 3528C),2026-08-29T16:43:54.206321,18.82093,73.29462,53.1,34.84,63.1,73.12,High,Clear,42.1,High Risk,High,122.7
TRK-102,DRV-802,Suresh Patil,Refrigerated Hauler (BharatBenz 3528C),2026-08-29T16:47:54.206321,18.7901,73.34873,77.4,30.31,66.6,66.47,Low,Clear,47.4,In Transit,Low,47.2
TRK-102,DRV-802,Suresh Patil,Refrigerated Hauler (BharatBenz 3528C),2026-08-29T16:51:54.206321,18.75927,73.40284,87.8,31.28,59.5,59.82,Low,Clear,52.6,In Transit,Low,43.1
TRK-102,DRV-802,Suresh Patil,Refrigerated Hauler (BharatBenz 3528C),2026-08-29T16:55:54.206321,18.75031,73.46455,53.1,36.7,55.0,53.18,High,Clear,57.9,High Risk,High,87.8
TRK-102,DRV-802,Suresh Patil,Refrigerated Hauler (BharatBenz 3528C),2026-08-29T16:59:54.206321,18.74422,73.52726,90.0,30.45,50.7,46.53,Low,Clear,63.2,In Transit,Low,37.0
TRK-102,DRV-802,Suresh Patil,Refrigerated Hauler (BharatBenz 3528C),2026-08-29T17:03:54.206321,18.73812,73.58996,88.4,32.28,51.4,39.88,Low,Clear,68.4,In Transit,Low,31.4
TRK-102,DRV-802,Suresh Patil,Refrigerated Hauler (BharatBenz 3528C),2026-08-29T17:07:54.206321,18.73203,73.65267,89.2,29.39,42.1,33.23,Low,Clear,73.7,In Transit,Low,24.2
TRK-102,DRV-802,Suresh Patil,Refrigerated Hauler (BharatBenz 3528C),2026-08-29T17:11:54.206321,18.70834,73.70724,91.9,27.38,37.4,26.59,Low,Clear,78.9,In Transit,Low,13.4
TRK-102,DRV-802,Suresh Patil,Refrigerated Hauler (BharatBenz 3528C),2026-08-29T17:15:54.206321,18.66839,73.75427,51.8,32.35,34.0,19.94,High,Clear,84.2,In Transit,Moderate,32.6
TRK-102,DRV-802,Suresh Patil,Refrigerated Hauler (BharatBenz 3528C),2026-08-29T17:19:54.206321,18.62796,73.80066,64.9,33.98,33.0,13.29,High,Clear,89.5,In Transit,Moderate,18.2
TRK-102,DRV-802,Suresh Patil,Refrigerated Hauler (BharatBenz 3528C),2026-08-29T17:23:54.206321,18.57418,73.82868,54.3,35.16,28.9,6.65,High,Clear,94.7,In Transit,Moderate,12.6
TRK-102,DRV-802,Suresh Patil,Refrigerated Hauler (BharatBenz 3528C),2026-08-29T17:27:54.206321,18.5204,73.8567,63.7,29.2,26.0,0.0,Moderate,Clear,100.0,Arrived,Low,3.3
TRK-102,DRV-802,Suresh Patil,Refrigerated Hauler (BharatBenz 3528C),2026-08-30T06:11:54.206321,19.076,72.8777,73.1,29.62,100.8,126.29,Moderate,Clear,0.0,In Transit,Moderate,119.8
TRK-102,DRV-802,Suresh Patil,Refrigerated Hauler (BharatBenz 3528C),2026-08-30T06:15:54.206321,19.05888,72.93823,60.1,36.59,94.8,119.65,High,Clear,5.3,High Risk,High,183.3
TRK-102,DRV-802,Suresh Patil,Refrigerated Hauler (BharatBenz 3528C),2026-08-30T06:19:54.206321,19.04175,72.99876,89.3,25.98,92.8,113.0,Low,Clear,10.5,In Transit,Low,79.5
TRK-102,DRV-802,Suresh Patil,Refrigerated Hauler (BharatBenz 3528C),2026-08-30T06:23:54.206321,19.01398,73.05319,79.5,26.73,90.2,106.35,Low,Clear,15.8,In Transit,Low,79.6
TRK-102,DRV-802,Suresh Patil,Refrigerated Hauler (BharatBenz 3528C),2026-08-30T06:27:54.206321,18.97507,73.10125,65.5,31.73,85.8,99.7,Moderate,Clear,21.1,In Transit,Moderate,109.8
TRK-102,DRV-802,Suresh Patil,Refrigerated Hauler (BharatBenz 3528C),2026-08-30T06:31:54.206321,18.93616,73.14931,77.5,26.57,81.9,93.06,Low,Clear,26.3,In Transit,Low,71.1
TRK-102,DRV-802,Suresh Patil,Refrigerated Hauler (BharatBenz 3528C),2026-08-30T06:35:54.206321,18.89724,73.19737,54.2,34.7,75.3,86.41,High,Clear,31.6,High Risk,High,145.0
TRK-102,DRV-802,Suresh Patil,Refrigerated Hauler (BharatBenz 3528C),2026-08-30T06:39:54.206321,18.85833,73.24543,57.9,35.09,71.6,79.76,High,Clear,36.8,High Risk,High,124.5
TRK-102,DRV-802,Suresh Patil,Refrigerated Hauler (BharatBenz 3528C),2026-08-30T06:43:54.206321,18.82093,73.29462,40.7,40.66,67.9,73.12,Severe,Clear,42.1,High Risk,High,217.3
TRK-102,DRV-802,Suresh Patil,Refrigerated Hauler (BharatBenz 3528C),2026-08-30T06:47:54.206321,18.7901,73.34873,80.6,27.68,65.1,66.47,Low,Clear,47.4,In Transit,Low,46.5
TRK-102,DRV-802,Suresh Patil,Refrigerated Hauler (BharatBenz 3528C),2026-08-30T06:51:54.206321,18.75927,73.40284,74.8,30.79,58.6,59.82,Moderate,Clear,52.6,In Transit,Low,51.3
TRK-102,DRV-802,Suresh Patil,Refrigerated Hauler (BharatBenz 3528C),2026-08-30T06:55:54.206321,18.75031,73.46455,66.7,29.99,57.1,53.18,Moderate,Clear,57.9,In Transit,Moderate,60.2
TRK-102,DRV-802,Suresh Patil,Refrigerated Hauler (BharatBenz 3528C),2026-08-30T06:59:54.206321,18.74422,73.52726,40.5,43.0,54.1,46.53,Severe,Clear,63.2,High Risk,High,139.1
TRK-102,DRV-802,Suresh Patil,Refrigerated Hauler (BharatBenz 3528C),2026-08-30T07:03:54.206321,18.73812,73.58996,43.5,35.89,47.8,39.88,High,Clear,68.4,In Transit,Moderate,77.7
TRK-102,DRV-802,Suresh Patil,Refrigerated Hauler (BharatBenz 3528C),2026-08-30T07:07:54.206321,18.73203,73.65267,91.2,30.51,43.9,33.23,Low,Clear,73.7,In Transit,Low,23.0
TRK-102,DRV-802,Suresh Patil,Refrigerated Hauler (BharatBenz 3528C),2026-08-30T07:11:54.206321,18.70834,73.70724,80.0,30.7,39.9,26.59,Low,Clear,78.9,In Transit,Low,17.0
TRK-102,DRV-802,Suresh Patil,Refrigerated Hauler (BharatBenz 3528C),2026-08-30T07:15:54.206321,18.66839,73.75427,60.1,35.28,38.5,19.94,High,Clear,84.2,In Transit,Moderate,29.7
TRK-102,DRV-802,Suresh Patil,Refrigerated Hauler (BharatBenz 3528C),2026-08-30T07:19:54.206321,18.62796,73.80066,85.1,30.1,34.4,13.29,Low,Clear,89.5,In Transit,Low,12.8
TRK-102,DRV-802,Suresh Patil,Refrigerated Hauler (BharatBenz 3528C),2026-08-30T07:23:54.206321,18.57418,73.82868,50.0,41.77,30.6,6.65,Severe,Clear,94.7,In Transit,Low,17.1
TRK-102,DRV-802,Suresh Patil,Refrigerated Hauler (BharatBenz 3528C),2026-08-30T07:27:54.206321,18.5204,73.8567,49.2,36.42,25.5,0.0,High,Clear,100.0,In Transit,Moderate,0.5
TRK-102,DRV-802,Suresh Patil,Refrigerated Hauler (BharatBenz 3528C),2026-08-30T20:11:54.206321,19.076,72.8777,53.7,34.89,100.6,126.29,High,Rain,0.0,High Risk,High,263.2
TRK-102,DRV-802,Suresh Patil,Refrigerated Hauler (BharatBenz 3528C),2026-08-30T20:15:54.206321,19.05888,72.93823,63.9,34.74,94.4,119.65,Moderate,Rain,5.3,High Risk,High,171.2
TRK-102,DRV-802,Suresh Patil,Refrigerated Hauler (BharatBenz 3528C),2026-08-30T20:19:54.206321,19.04175,72.99876,65.0,33.21,91.9,113.0,Moderate,Rain,10.5,High Risk,High,154.2
TRK-102,DRV-802,Suresh Patil,Refrigerated Hauler (BharatBenz 3528C),2026-08-30T20:23:54.206321,19.01398,73.05319,71.9,35.57,87.0,106.35,Moderate,Rain,15.8,High Risk,High,136.8
TRK-102,DRV-802,Suresh Patil,Refrigerated Hauler (BharatBenz 3528C),2026-08-30T20:27:54.206321,18.97507,73.10125,84.1,29.58,85.7,99.7,Low,Rain,21.1,In Transit,Low,78.9
TRK-102,DRV-802,Suresh Patil,Refrigerated Hauler (BharatBenz 3528C),2026-08-30T20:31:54.206321,18.93616,73.14931,23.3,42.83,81.9,93.06,Severe,Rain,26.3,Delayed,High,592.6
TRK-102,DRV-802,Suresh Patil,Refrigerated Hauler (BharatBenz 3528C),2026-08-30T20:35:54.206321,18.89724,73.19737,48.1,39.42,76.4,86.41,High,Rain,31.6,High Risk,High,198.7
TRK-102,DRV-802,Suresh Patil,Refrigerated Hauler (BharatBenz 3528C),2026-08-30T20:39:54.206321,18.85833,73.24543,49.6,42.06,70.1,79.76,High,Rain,36.8,High Risk,High,183.3
TRK-102,DRV-802,Suresh Patil,Refrigerated Hauler (BharatBenz 3528C),2026-08-30T20:43:54.206321,18.82093,73.29462,67.5,29.81,69.7,73.12,Low,Rain,42.1,In Transit,Moderate,82.8
TRK-102,DRV-802,Suresh Patil,Refrigerated Hauler (BharatBenz 3528C),2026-08-30T20:47:54.206321,18.7901,73.34873,85.1,30.71,62.7,66.47,Low,Rain,47.4,In Transit,Moderate,57.5
TRK-102,DRV-802,Suresh Patil,Refrigerated Hauler (BharatBenz 3528C),2026-08-30T20:51:54.206321,18.75927,73.40284,72.0,28.22,60.4,59.82,Low,Rain,52.6,In Transit,Moderate,63.5
TRK-102,DRV-802,Suresh Patil,Refrigerated Hauler (BharatBenz 3528C),2026-08-30T20:55:54.206321,18.75031,73.46455,59.8,32.14,56.1,53.18,Moderate,Rain,57.9,High Risk,High,78.7
TRK-102,DRV-802,Suresh Patil,Refrigerated Hauler (BharatBenz 3528C),2026-08-30T20:59:54.206321,18.74422,73.52726,78.8,29.85,51.4,46.53,Low,Rain,63.2,In Transit,Low,37.9
TRK-102,DRV-802,Suresh Patil,Refrigerated Hauler (BharatBenz 3528C),2026-08-30T21:03:54.206321,18.73812,73.58996,79.2,32.04,48.2,39.88,Low,Rain,68.4,In Transit,Low,34.6
TRK-102,DRV-802,Suresh Patil,Refrigerated Hauler (BharatBenz 3528C),2026-08-30T21:07:54.206321,18.73203,73.65267,77.8,28.86,45.4,33.23,Low,Rain,73.7,In Transit,Low,23.6
TRK-102,DRV-802,Suresh Patil,Refrigerated Hauler (BharatBenz 3528C),2026-08-30T21:11:54.206321,18.70834,73.70724,89.2,28.82,40.7,26.59,Low,Rain,78.9,In Transit,Low,19.0
TRK-102,DRV-802,Suresh Patil,Refrigerated Hauler (BharatBenz 3528C),2026-08-30T21:15:54.206321,18.66839,73.75427,74.4,30.71,37.5,19.94,Low,Rain,84.2,In Transit,Low,21.0
TRK-102,DRV-802,Suresh Patil,Refrigerated Hauler (BharatBenz 3528C),2026-08-30T21:19:54.206321,18.62796,73.80066,65.7,27.68,30.1,13.29,Low,Rain,89.5,In Transit,Low,13.4
TRK-102,DRV-802,Suresh Patil,Refrigerated Hauler (BharatBenz 3528C),2026-08-30T21:23:54.206321,18.57418,73.82868,69.1,33.42,28.5,6.65,Moderate,Rain,94.7,In Transit,Low,9.9
TRK-102,DRV-802,Suresh Patil,Refrigerated Hauler (BharatBenz 3528C),2026-08-30T21:27:54.206321,18.5204,73.8567,63.1,33.76,26.0,0.0,Low,Rain,100.0,Arrived,Low,0.5
TRK-102,DRV-802,Suresh Patil,Refrigerated Hauler (BharatBenz 3528C),2026-08-31T10:11:54.206321,19.076,72.8777,59.3,30.74,100.3,126.29,Moderate,Clear,0.0,In Transit,Moderate,149.3
TRK-102,DRV-802,Suresh Patil,Refrigerated Hauler (BharatBenz 3528C),2026-08-31T10:15:54.206321,19.05888,72.93823,67.8,30.42,98.4,119.65,Moderate,Clear,5.3,In Transit,Moderate,129.6
TRK-102,DRV-802,Suresh Patil,Refrigerated Hauler (BharatBenz 3528C),2026-08-31T10:19:54.206321,19.04175,72.99876,90.3,28.46,90.8,113.0,Low,Clear,10.5,In Transit,Low,80.5
TRK-102,DRV-802,Suresh Patil,Refrigerated Hauler (BharatBenz 3528C),2026-08-31T10:23:54.206321,19.01398,73.05319,84.8,28.79,86.5,106.35,Low,Clear,15.8,In Transit,Low,78.5
TRK-102,DRV-802,Suresh Patil,Refrigerated Hauler (BharatBenz 3528C),2026-08-31T10:27:54.206321,18.97507,73.10125,81.9,28.96,84.6,99.7,Low,Clear,21.1,In Transit,Low,73.8
TRK-102,DRV-802,Suresh Patil,Refrigerated Hauler (BharatBenz 3528C),2026-08-31T10:31:54.206321,18.93616,73.14931,47.6,34.74,83.0,93.06,High,Clear,26.3,High Risk,High,173.3
TRK-102,DRV-802,Suresh Patil,Refrigerated Hauler (BharatBenz 3528C),2026-08-31T10:35:54.206321,18.89724,73.19737,83.9,27.24,73.5,86.41,Low,Clear,31.6,In Transit,Low,54.0
TRK-102,DRV-802,Suresh Patil,Refrigerated Hauler (BharatBenz 3528C),2026-08-31T10:39:54.206321,18.85833,73.24543,64.7,30.29,71.6,79.76,Moderate,Clear,36.8,In Transit,Moderate,91.4
TRK-102,DRV-802,Suresh Patil,Refrigerated Hauler (BharatBenz 3528C),2026-08-31T10:43:54.206321,18.82093,73.29462,80.6,30.68,67.8,73.12,Low,Clear,42.1,In Transit,Low,54.2
TRK-102,DRV-802,Suresh Patil,Refrigerated Hauler (BharatBenz 3528C),2026-08-31T10:47:54.206321,18.7901,73.34873,91.5,29.01,64.1,66.47,Low,Clear,47.4,In Transit,Low,45.2
TRK-102,DRV-802,Suresh Patil,Refrigerated Hauler (BharatBenz 3528C),2026-08-31T10:51:54.206321,18.75927,73.40284,81.4,25.83,60.7,59.82,Low,Clear,52.6,In Transit,Low,45.7
TRK-102,DRV-802,Suresh Patil,Refrigerated Hauler (BharatBenz 3528C),2026-08-31T10:55:54.206321,18.75031,73.46455,73.6,31.16,56.9,53.18,Moderate,Clear,57.9,In Transit,Moderate,54.6
TRK-102,DRV-802,Suresh Patil,Refrigerated Hauler (BharatBenz 3528C),2026-08-31T10:59:54.206321,18.74422,73.52726,63.2,32.78,51.2,46.53,High,Clear,63.2,In Transit,Moderate,63.7
TRK-102,DRV-802,Suresh Patil,Refrigerated Hauler (BharatBenz 3528C),2026-08-31T11:03:54.206321,18.73812,73.58996,82.1,29.1,46.7,39.88,Low,Clear,68.4,In Transit,Low,28.2
TRK-102,DRV-802,Suresh Patil,Refrigerated Hauler (BharatBenz 3528C),2026-08-31T11:07:54.206321,18.73203,73.65267,93.3,29.32,42.8,33.23,Low,Clear,73.7,In Transit,Low,24.1
TRK-102,DRV-802,Suresh Patil,Refrigerated Hauler (BharatBenz 3528C),2026-08-31T11:11:54.206321,18.70834,73.70724,75.9,27.36,42.0,26.59,Low,Clear,78.9,In Transit,Low,17.6
TRK-102,DRV-802,Suresh Patil,Refrigerated Hauler (BharatBenz 3528C),2026-08-31T11:15:54.206321,18.66839,73.75427,81.1,30.76,36.8,19.94,Low,Clear,84.2,In Transit,Low,19.0
TRK-102,DRV-802,Suresh Patil,Refrigerated Hauler (BharatBenz 3528C),2026-08-31T11:19:54.206321,18.62796,73.80066,58.5,34.23,30.4,13.29,High,Clear,89.5,In Transit,Moderate,21.4
TRK-102,DRV-802,Suresh Patil,Refrigerated Hauler (BharatBenz 3528C),2026-08-31T11:23:54.206321,18.57418,73.82868,88.3,26.17,32.8,6.65,Low,Clear,94.7,In Transit,Low,5.1
TRK-102,DRV-802,Suresh Patil,Refrigerated Hauler (BharatBenz 3528C),2026-08-31T11:27:54.206321,18.5204,73.8567,89.0,31.39,27.3,0.0,Low,Clear,100.0,Arrived,Low,0.5
TRK-102,DRV-802,Suresh Patil,Refrigerated Hauler (BharatBenz 3528C),2026-09-01T00:11:54.206321,19.076,72.8777,58.5,34.39,101.1,126.29,High,Clear,0.0,High Risk,High,193.3
TRK-102,DRV-802,Suresh Patil,Refrigerated Hauler (BharatBenz 3528C),2026-09-01T00:15:54.206321,19.05888,72.93823,68.9,29.9,98.4,119.65,Moderate,Clear,5.3,In Transit,Moderate,121.7
TRK-102,DRV-802,Suresh Patil,Refrigerated Hauler (BharatBenz 3528C),2026-09-01T00:19:54.206321,19.04175,72.99876,83.5,27.78,90.8,113.0,Low,Clear,10.5,In Transit,Low,77.6
TRK-102,DRV-802,Suresh Patil,Refrigerated Hauler (BharatBenz 3528C),2026-09-01T00:23:54.206321,19.01398,73.05319,90.6,32.6,87.4,106.35,Low,Clear,15.8,In Transit,Low,71.9
TRK-102,DRV-802,Suresh Patil,Refrigerated Hauler (BharatBenz 3528C),2026-09-01T00:27:54.206321,18.97507,73.10125,91.2,27.92,85.1,99.7,Low,Clear,21.1,In Transit,Low,65.9
TRK-102,DRV-802,Suresh Patil,Refrigerated Hauler (BharatBenz 3528C),2026-09-01T00:31:54.206321,18.93616,73.14931,71.2,34.3,81.2,93.06,Moderate,Clear,26.3,In Transit,Moderate,100.0
TRK-102,DRV-802,Suresh Patil,Refrigerated Hauler (BharatBenz 3528C),2026-09-01T00:35:54.206321,18.89724,73.19737,62.8,33.4,78.2,86.41,High,Clear,31.6,High Risk,High,130.6
TRK-102,DRV-802,Suresh Patil,Refrigerated Hauler (BharatBenz 3528C),2026-09-01T00:39:54.206321,18.85833,73.24543,65.7,30.07,72.6,79.76,Moderate,Clear,36.8,In Transit,Moderate,86.7
TRK-102,DRV-802,Suresh Patil,Refrigerated Hauler (BharatBenz 3528C),2026-09-01T00:43:54.206321,18.82093,73.29462,38.7,41.75,68.7,73.12,Severe,Clear,42.1,Delayed,High,232.2
TRK-102,DRV-802,Suresh Patil,Refrigerated Hauler (BharatBenz 3528C),2026-09-01T00:47:54.206321,18.7901,73.34873,55.5,31.67,64.7,66.47,High,Clear,47.4,High Risk,High,106.8
TRK-102,DRV-802,Suresh Patil,Refrigerated Hauler (BharatBenz 3528C),2026-09-01T00:51:54.206321,18.75927,73.40284,58.8,35.74,60.3,59.82,High,Clear,52.6,High Risk,High,98.6
TRK-102,DRV-802,Suresh Patil,Refrigerated Hauler (BharatBenz 3528C),2026-09-01T00:55:54.206321,18.75031,73.46455,78.8,29.51,57.4,53.18,Low,Clear,57.9,In Transit,Low,40.5
TRK-102,DRV-802,Suresh Patil,Refrigerated Hauler (BharatBenz 3528C),2026-09-01T00:59:54.206321,18.74422,73.52726,68.4,33.81,53.4,46.53,Moderate,Clear,63.2,In Transit,Moderate,51.1
TRK-102,DRV-802,Suresh Patil,Refrigerated Hauler (BharatBenz 3528C),2026-09-01T01:03:54.206321,18.73812,73.58996,86.4,27.79,47.2,39.88,Low,Clear,68.4,In Transit,Low,28.8
TRK-102,DRV-802,Suresh Patil,Refrigerated Hauler (BharatBenz 3528C),2026-09-01T01:07:54.206321,18.73203,73.65267,85.4,29.07,44.5,33.23,Low,Clear,73.7,In Transit,Low,24.2
TRK-102,DRV-802,Suresh Patil,Refrigerated Hauler (BharatBenz 3528C),2026-09-01T01:11:54.206321,18.70834,73.70724,90.6,28.13,42.8,26.59,Low,Clear,78.9,In Transit,Low,22.2
TRK-102,DRV-802,Suresh Patil,Refrigerated Hauler (BharatBenz 3528C),2026-09-01T01:15:54.206321,18.66839,73.75427,58.7,33.64,37.6,19.94,Moderate,Clear,84.2,In Transit,Low,25.5
TRK-102,DRV-802,Suresh Patil,Refrigerated Hauler (BharatBenz 3528C),2026-09-01T01:19:54.206321,18.62796,73.80066,80.3,27.8,35.4,13.29,Low,Clear,89.5,In Transit,Low,12.6
TRK-102,DRV-802,Suresh Patil,Refrigerated Hauler (BharatBenz 3528C),2026-09-01T01:23:54.206321,18.57418,73.82868,36.0,43.64,26.3,6.65,Severe,Clear,94.7,In Transit,Moderate,23.4
TRK-102,DRV-802,Suresh Patil,Refrigerated Hauler (BharatBenz 3528C),2026-09-01T01:27:54.206321,18.5204,73.8567,69.6,28.86,27.7,0.0,Low,Clear,100.0,Arrived,Low,0.5
TRK-102,DRV-802,Suresh Patil,Refrigerated Hauler (BharatBenz 3528C),2026-09-01T14:11:54.206321,19.076,72.8777,87.9,28.81,102.8,126.29,Low,Clear,0.0,In Transit,Low,82.3
TRK-102,DRV-802,Suresh Patil,Refrigerated Hauler (BharatBenz 3528C),2026-09-01T14:15:54.206321,19.05888,72.93823,54.3,35.03,97.8,119.65,High,Clear,5.3,High Risk,High,202.8
TRK-102,DRV-802,Suresh Patil,Refrigerated Hauler (BharatBenz 3528C),2026-09-01T14:19:54.206321,19.04175,72.99876,65.2,35.77,90.8,113.0,High,Clear,10.5,High Risk,High,157.0
TRK-102,DRV-802,Suresh Patil,Refrigerated Hauler (BharatBenz 3528C),2026-09-01T14:23:54.206321,19.01398,73.05319,55.2,34.66,83.8,106.35,High,Clear,15.8,High Risk,High,170.9
TRK-102,DRV-802,Suresh Patil,Refrigerated Hauler (BharatBenz 3528C),2026-09-01T14:27:54.206321,18.97507,73.10125,91.3,31.58,84.4,99.7,Low,Clear,21.1,In Transit,Low,62.8
TRK-102,DRV-802,Suresh Patil,Refrigerated Hauler (BharatBenz 3528C),2026-09-01T14:31:54.206321,18.93616,73.14931,89.0,31.2,76.1,93.06,Low,Clear,26.3,In Transit,Low,66.5
TRK-102,DRV-802,Suresh Patil,Refrigerated Hauler (BharatBenz 3528C),2026-09-01T14:35:54.206321,18.89724,73.19737,86.2,27.39,77.4,86.41,Low,Clear,31.6,In Transit,Low,61.9
TRK-102,DRV-802,Suresh Patil,Refrigerated Hauler (BharatBenz 3528C),2026-09-01T14:39:54.206321,18.85833,73.24543,91.8,26.82,73.5,79.76,Low,Clear,36.8,In Transit,Low,50.3
TRK-102,DRV-802,Suresh Patil,Refrigerated Hauler (BharatBenz 3528C),2026-09-01T14:43:54.206321,18.82093,73.29462,71.6,32.11,67.5,73.12,Moderate,Clear,42.1,In Transit,Moderate,75.0
TRK-102,DRV-802,Suresh Patil,Refrigerated Hauler (BharatBenz 3528C),2026-09-01T14:47:54.206321,18.7901,73.34873,82.3,26.21,67.2,66.47,Low,Clear,47.4,In Transit,Low,53.0
TRK-102,DRV-802,Suresh Patil,Refrigerated Hauler (BharatBenz 3528C),2026-09-01T14:51:54.206321,18.75927,73.40284,73.4,31.4,60.1,59.82,Moderate,Clear,52.6,In Transit,Low,53.6
TRK-102,DRV-802,Suresh Patil,Refrigerated Hauler (BharatBenz 3528C),2026-09-01T14:55:54.206321,18.75031,73.46455,61.1,32.74,58.5,53.18,High,Clear,57.9,High Risk,High,78.6
TRK-102,DRV-802,Suresh Patil,Refrigerated Hauler (BharatBenz 3528C),2026-09-01T14:59:54.206321,18.74422,73.52726,69.1,30.39,56.8,46.53,Moderate,Clear,63.2,In Transit,Low,45.1
TRK-102,DRV-802,Suresh Patil,Refrigerated Hauler (BharatBenz 3528C),2026-09-01T15:03:54.206321,18.73812,73.58996,79.0,30.73,47.8,39.88,Moderate,Clear,68.4,In Transit,Low,37.1
TRK-102,DRV-802,Suresh Patil,Refrigerated Hauler (BharatBenz 3528C),2026-09-01T15:07:54.206321,18.73203,73.65267,82.7,31.31,46.0,33.23,Low,Clear,73.7,In Transit,Low,19.9
TRK-102,DRV-802,Suresh Patil,Refrigerated Hauler (BharatBenz 3528C),2026-09-01T15:11:54.206321,18.70834,73.70724,89.6,27.22,39.1,26.59,Low,Clear,78.9,In Transit,Low,15.3
TRK-102,DRV-802,Suresh Patil,Refrigerated Hauler (BharatBenz 3528C),2026-09-01T15:15:54.206321,18.66839,73.75427,65.4,34.04,35.9,19.94,Moderate,Clear,84.2,In Transit,Low,20.2
TRK-102,DRV-802,Suresh Patil,Refrigerated Hauler (BharatBenz 3528C),2026-09-01T15:19:54.206321,18.62796,73.80066,96.5,28.7,31.9,13.29,Low,Clear,89.5,In Transit,Low,5.4
TRK-102,DRV-802,Suresh Patil,Refrigerated Hauler (BharatBenz 3528C),2026-09-01T15:23:54.206321,18.57418,73.82868,64.3,33.43,27.3,6.65,Moderate,Clear,94.7,In Transit,Low,9.5
TRK-102,DRV-802,Suresh Patil,Refrigerated Hauler (BharatBenz 3528C),2026-09-01T15:27:54.206321,18.5204,73.8567,78.3,29.63,24.5,0.0,Moderate,Clear,100.0,Arrived,Low,0.5
TRK-102,DRV-802,Suresh Patil,Refrigerated Hauler (BharatBenz 3528C),2026-09-02T04:11:54.206321,19.076,72.8777,82.2,28.29,100.9,126.29,Low,Clear,0.0,In Transit,Low,91.3
TRK-102,DRV-802,Suresh Patil,Refrigerated Hauler (BharatBenz 3528C),2026-09-02T04:15:54.206321,19.05888,72.93823,86.5,27.87,94.2,119.65,Low,Clear,5.3,In Transit,Low,85.8
TRK-102,DRV-802,Suresh Patil,Refrigerated Hauler (BharatBenz 3528C),2026-09-02T04:19:54.206321,19.04175,72.99876,87.4,30.04,90.3,113.0,Low,Clear,10.5,In Transit,Low,81.1
TRK-102,DRV-802,Suresh Patil,Refrigerated Hauler (BharatBenz 3528C),2026-09-02T04:23:54.206321,19.01398,73.05319,38.2,41.92,88.0,106.35,Severe,Clear,15.8,Delayed,High,330.5
TRK-102,DRV-802,Suresh Patil,Refrigerated Hauler (BharatBenz 3528C),2026-09-02T04:27:54.206321,18.97507,73.10125,58.2,35.89,82.5,99.7,High,Clear,21.1,High Risk,High,159.7
TRK-102,DRV-802,Suresh Patil,Refrigerated Hauler (BharatBenz 3528C),2026-09-02T04:31:54.206321,18.93616,73.14931,85.2,27.41,80.3,93.06,Low,Clear,26.3,In Transit,Low,66.0
TRK-102,DRV-802,Suresh Patil,Refrigerated Hauler (BharatBenz 3528C),2026-09-02T04:35:54.206321,18.89724,73.19737,88.3,27.82,75.9,86.41,Low,Clear,31.6,In Transit,Low,63.9
TRK-102,DRV-802,Suresh Patil,Refrigerated Hauler (BharatBenz 3528C),2026-09-02T04:39:54.206321,18.85833,73.24543,65.5,31.02,73.0,79.76,Moderate,Clear,36.8,In Transit,Moderate,90.2
TRK-102,DRV-802,Suresh Patil,Refrigerated Hauler (BharatBenz 3528C),2026-09-02T04:43:54.206321,18.82093,73.29462,55.2,34.33,69.4,73.12,High,Clear,42.1,High Risk,High,125.8
TRK-102,DRV-802,Suresh Patil,Refrigerated Hauler (BharatBenz 3528C),2026-09-02T04:47:54.206321,18.7901,73.34873,79.2,32.41,64.4,66.47,Moderate,Clear,47.4,In Transit,Low,59.6
TRK-102,DRV-802,Suresh Patil,Refrigerated Hauler (BharatBenz 3528C),2026-09-02T04:51:54.206321,18.75927,73.40284,68.1,29.19,63.6,59.82,Moderate,Clear,52.6,In Transit,Moderate,67.3
TRK-102,DRV-802,Suresh Patil,Refrigerated Hauler (BharatBenz 3528C),2026-09-02T04:55:54.206321,18.75031,73.46455,67.5,31.42,51.6,53.18,Low,Clear,57.9,In Transit,Low,48.7
TRK-102,DRV-802,Suresh Patil,Refrigerated Hauler (BharatBenz 3528C),2026-09-02T04:59:54.206321,18.74422,73.52726,81.6,28.17,52.6,46.53,Low,Clear,63.2,In Transit,Low,36.6
TRK-102,DRV-802,Suresh Patil,Refrigerated Hauler (BharatBenz 3528C),2026-09-02T05:03:54.206321,18.73812,73.58996,56.4,33.57,50.1,39.88,Moderate,Clear,68.4,In Transit,Moderate,54.0
TRK-102,DRV-802,Suresh Patil,Refrigerated Hauler (BharatBenz 3528C),2026-09-02T05:07:54.206321,18.73203,73.65267,72.1,34.03,44.1,33.23,Moderate,Clear,73.7,In Transit,Low,33.6
TRK-102,DRV-802,Suresh Patil,Refrigerated Hauler (BharatBenz 3528C),2026-09-02T05:11:54.206321,18.70834,73.70724,61.6,35.54,41.2,26.59,High,Clear,78.9,In Transit,Moderate,35.1
TRK-102,DRV-802,Suresh Patil,Refrigerated Hauler (BharatBenz 3528C),2026-09-02T05:15:54.206321,18.66839,73.75427,55.2,37.69,36.9,19.94,High,Clear,84.2,In Transit,Moderate,30.1
TRK-102,DRV-802,Suresh Patil,Refrigerated Hauler (BharatBenz 3528C),2026-09-02T05:19:54.206321,18.62796,73.80066,46.5,39.68,30.8,13.29,Severe,Clear,89.5,In Transit,Moderate,39.3
TRK-102,DRV-802,Suresh Patil,Refrigerated Hauler (BharatBenz 3528C),2026-09-02T05:23:54.206321,18.57418,73.82868,77.3,29.37,25.7,6.65,Moderate,Clear,94.7,In Transit,Low,8.5
TRK-102,DRV-802,Suresh Patil,Refrigerated Hauler (BharatBenz 3528C),2026-09-02T05:27:54.206321,18.5204,73.8567,80.3,31.49,27.2,0.0,Low,Clear,100.0,Arrived,Low,0.5
TRK-102,DRV-802,Suresh Patil,Refrigerated Hauler (BharatBenz 3528C),2026-09-02T18:11:54.206321,19.076,72.8777,75.2,27.36,98.2,126.29,Low,Clear,0.0,In Transit,Low,103.9
TRK-102,DRV-802,Suresh Patil,Refrigerated Hauler (BharatBenz 3528C),2026-09-02T18:15:54.206321,19.05888,72.93823,47.2,43.46,95.6,119.65,Severe,Clear,5.3,High Risk,High,306.3
TRK-102,DRV-802,Suresh Patil,Refrigerated Hauler (BharatBenz 3528C),2026-09-02T18:19:54.206321,19.04175,72.99876,70.9,32.95,93.2,113.0,Moderate,Clear,10.5,In Transit,Moderate,114.8
TRK-102,DRV-802,Suresh Patil,Refrigerated Hauler (BharatBenz 3528C),2026-09-02T18:23:54.206321,19.01398,73.05319,81.1,35.58,88.2,106.35,Moderate,Clear,15.8,In Transit,Moderate,95.0
TRK-102,DRV-802,Suresh Patil,Refrigerated Hauler (BharatBenz 3528C),2026-09-02T18:27:54.206321,18.97507,73.10125,73.9,34.11,82.2,99.7,Moderate,Clear,21.1,In Transit,Moderate,99.0
TRK-102,DRV-802,Suresh Patil,Refrigerated Hauler (BharatBenz 3528C),2026-09-02T18:31:54.206321,18.93616,73.14931,80.0,29.96,82.7,93.06,Low,Clear,26.3,In Transit,Low,61.1
TRK-102,DRV-802,Suresh Patil,Refrigerated Hauler (BharatBenz 3528C),2026-09-02T18:35:54.206321,18.89724,73.19737,67.2,31.5,77.5,86.41,Moderate,Clear,31.6,In Transit,Moderate,91.4
TRK-102,DRV-802,Suresh Patil,Refrigerated Hauler (BharatBenz 3528C),2026-09-02T18:39:54.206321,18.85833,73.24543,58.7,38.21,75.8,79.76,High,Clear,36.8,High Risk,High,124.5
TRK-102,DRV-802,Suresh Patil,Refrigerated Hauler (BharatBenz 3528C),2026-09-02T18:43:54.206321,18.82093,73.29462,89.1,30.86,66.6,73.12,Moderate,Clear,42.1,In Transit,Moderate,62.1
TRK-102,DRV-802,Suresh Patil,Refrigerated Hauler (BharatBenz 3528C),2026-09-02T18:47:54.206321,18.7901,73.34873,71.3,33.72,63.7,66.47,Moderate,Clear,47.4,In Transit,Low,64.6
TRK-102,DRV-802,Suresh Patil,Refrigerated Hauler (BharatBenz 3528C),2026-09-02T18:51:54.206321,18.75927,73.40284,80.6,29.43,59.6,59.82,Low,Clear,52.6,In Transit,Low,46.4
TRK-102,DRV-802,Suresh Patil,Refrigerated Hauler (BharatBenz 3528C),2026-09-02T18:55:54.206321,18.75031,73.46455,63.3,37.11,57.2,53.18,High,Clear,57.9,In Transit,Moderate,71.4
TRK-102,DRV-802,Suresh Patil,Refrigerated Hauler (BharatBenz 3528C),2026-09-02T18:59:54.206321,18.74422,73.52726,85.8,26.18,52.6,46.53,Low,Clear,63.2,In Transit,Low,29.1
TRK-102,DRV-802,Suresh Patil,Refrigerated Hauler (BharatBenz 3528C),2026-09-02T19:03:54.206321,18.73812,73.58996,79.0,30.21,52.0,39.88,Low,Clear,68.4,In Transit,Low,23.4
TRK-102,DRV-802,Suresh Patil,Refrigerated Hauler (BharatBenz 3528C),2026-09-02T19:07:54.206321,18.73203,73.65267,78.0,32.55,43.0,33.23,Moderate,Clear,73.7,In Transit,Low,32.3
TRK-102,DRV-802,Suresh Patil,Refrigerated Hauler (BharatBenz 3528C),2026-09-02T19:11:54.206321,18.70834,73.70724,87.7,29.01,42.4,26.59,Low,Clear,78.9,In Transit,Low,20.0
TRK-102,DRV-802,Suresh Patil,Refrigerated Hauler (BharatBenz 3528C),2026-09-02T19:15:54.206321,18.66839,73.75427,68.8,34.63,38.9,19.94,High,Clear,84.2,In Transit,Moderate,26.9
TRK-102,DRV-802,Suresh Patil,Refrigerated Hauler (BharatBenz 3528C),2026-09-02T19:19:54.206321,18.62796,73.80066,65.6,31.56,31.4,13.29,Moderate,Clear,89.5,In Transit,Low,18.4
TRK-102,DRV-802,Suresh Patil,Refrigerated Hauler (BharatBenz 3528C),2026-09-02T19:23:54.206321,18.57418,73.82868,67.8,27.57,28.5,6.65,Moderate,Clear,94.7,In Transit,Low,6.8
TRK-102,DRV-802,Suresh Patil,Refrigerated Hauler (BharatBenz 3528C),2026-09-02T19:27:54.206321,18.5204,73.8567,79.4,28.46,24.2,0.0,Low,Clear,100.0,Arrived,Low,4.1
TRK-102,DRV-802,Suresh Patil,Refrigerated Hauler (BharatBenz 3528C),2026-09-03T08:11:54.206321,19.076,72.8777,72.1,30.19,98.5,126.29,Low,Rain,0.0,High Risk,High,138.1
TRK-102,DRV-802,Suresh Patil,Refrigerated Hauler (BharatBenz 3528C),2026-09-03T08:15:54.206321,19.05888,72.93823,73.1,33.34,98.1,119.65,Low,Rain,5.3,High Risk,High,128.3
TRK-102,DRV-802,Suresh Patil,Refrigerated Hauler (BharatBenz 3528C),2026-09-03T08:19:54.206321,19.04175,72.99876,73.3,32.45,95.7,113.0,Moderate,Rain,10.5,High Risk,High,139.4
TRK-102,DRV-802,Suresh Patil,Refrigerated Hauler (BharatBenz 3528C),2026-09-03T08:23:54.206321,19.01398,73.05319,78.5,33.14,88.2,106.35,Low,Rain,15.8,In Transit,Moderate,102.3
TRK-102,DRV-802,Suresh Patil,Refrigerated Hauler (BharatBenz 3528C),2026-09-03T08:27:54.206321,18.97507,73.10125,80.6,29.38,86.0,99.7,Low,Rain,21.1,In Transit,Moderate,97.7
TRK-102,DRV-802,Suresh Patil,Refrigerated Hauler (BharatBenz 3528C),2026-09-03T08:31:54.206321,18.93616,73.14931,60.1,32.44,79.0,93.06,Moderate,Rain,26.3,High Risk,High,140.3
TRK-102,DRV-802,Suresh Patil,Refrigerated Hauler (BharatBenz 3528C),2026-09-03T08:35:54.206321,18.89724,73.19737,69.3,32.17,76.4,86.41,Moderate,Rain,31.6,High Risk,High,114.4
TRK-102,DRV-802,Suresh Patil,Refrigerated Hauler (BharatBenz 3528C),2026-09-03T08:39:54.206321,18.85833,73.24543,78.3,33.61,67.5,79.76,Low,Rain,36.8,In Transit,Moderate,74.7
TRK-102,DRV-802,Suresh Patil,Refrigerated Hauler (BharatBenz 3528C),2026-09-03T08:43:54.206321,18.82093,73.29462,70.7,36.54,67.0,73.12,Moderate,Rain,42.1,High Risk,High,94.7
TRK-102,DRV-802,Suresh Patil,Refrigerated Hauler (BharatBenz 3528C),2026-09-03T08:47:54.206321,18.7901,73.34873,55.3,33.04,65.4,66.47,Moderate,Rain,47.4,High Risk,High,106.7
TRK-102,DRV-802,Suresh Patil,Refrigerated Hauler (BharatBenz 3528C),2026-09-03T08:51:54.206321,18.75927,73.40284,64.5,28.06,60.3,59.82,Low,Rain,52.6,In Transit,Moderate,73.6
TRK-102,DRV-802,Suresh Patil,Refrigerated Hauler (BharatBenz 3528C),2026-09-03T08:55:54.206321,18.75031,73.46455,66.2,32.5,54.2,53.18,Moderate,Rain,57.9,High Risk,High,77.1
TRK-102,DRV-802,Suresh Patil,Refrigerated Hauler (BharatBenz 3528C),2026-09-03T08:59:54.206321,18.74422,73.52726,71.3,31.76,49.2,46.53,Moderate,Rain,63.2,In Transit,Moderate,56.7
TRK-102,DRV-802,Suresh Patil,Refrigerated Hauler (BharatBenz 3528C),2026-09-03T09:03:54.206321,18.73812,73.58996,71.5,37.36,48.4,39.88,Moderate,Rain,68.4,In Transit,Moderate,53.0
TRK-102,DRV-802,Suresh Patil,Refrigerated Hauler (BharatBenz 3528C),2026-09-03T09:07:54.206321,18.73203,73.65267,62.9,32.01,44.5,33.23,Moderate,Rain,73.7,In Transit,Moderate,47.0
TRK-102,DRV-802,Suresh Patil,Refrigerated Hauler (BharatBenz 3528C),2026-09-03T09:11:54.206321,18.70834,73.70724,76.9,31.69,40.6,26.59,Low,Rain,78.9,In Transit,Low,29.4
TRK-102,DRV-802,Suresh Patil,Refrigerated Hauler (BharatBenz 3528C),2026-09-03T09:15:54.206321,18.66839,73.75427,78.2,30.34,35.8,19.94,Low,Rain,84.2,In Transit,Low,17.9
TRK-102,DRV-802,Suresh Patil,Refrigerated Hauler (BharatBenz 3528C),2026-09-03T09:19:54.206321,18.62796,73.80066,60.8,32.15,29.7,13.29,Moderate,Rain,89.5,In Transit,Low,15.4
TRK-102,DRV-802,Suresh Patil,Refrigerated Hauler (BharatBenz 3528C),2026-09-03T09:23:54.206321,18.57418,73.82868,65.3,34.75,25.3,6.65,Moderate,Rain,94.7,In Transit,Low,8.0
TRK-102,DRV-802,Suresh Patil,Refrigerated Hauler (BharatBenz 3528C),2026-09-03T09:27:54.206321,18.5204,73.8567,83.4,32.4,28.8,0.0,Low,Rain,100.0,Arrived,Low,5.2
TRK-102,DRV-802,Suresh Patil,Refrigerated Hauler (BharatBenz 3528C),2026-09-03T22:11:54.206321,19.076,72.8777,89.1,28.94,102.9,126.29,Low,Clear,0.0,In Transit,Low,86.3
TRK-102,DRV-802,Suresh Patil,Refrigerated Hauler (BharatBenz 3528C),2026-09-03T22:15:54.206321,19.05888,72.93823,74.3,33.85,96.1,119.65,Moderate,Clear,5.3,In Transit,Moderate,119.8
TRK-102,DRV-802,Suresh Patil,Refrigerated Hauler (BharatBenz 3528C),2026-09-03T22:19:54.206321,19.04175,72.99876,81.8,30.36,94.5,113.0,Low,Clear,10.5,In Transit,Low,87.3
TRK-102,DRV-802,Suresh Patil,Refrigerated Hauler (BharatBenz 3528C),2026-09-03T22:23:54.206321,19.01398,73.05319,83.9,29.09,89.2,106.35,Low,Clear,15.8,In Transit,Low,72.1
TRK-102,DRV-802,Suresh Patil,Refrigerated Hauler (BharatBenz 3528C),2026-09-03T22:27:54.206321,18.97507,73.10125,77.7,32.02,84.2,99.7,Moderate,Clear,21.1,In Transit,Moderate,93.2
TRK-102,DRV-802,Suresh Patil,Refrigerated Hauler (BharatBenz 3528C),2026-09-03T22:31:54.206321,18.93616,73.14931,79.7,28.62,81.7,93.06,Low,Clear,26.3,In Transit,Low,68.6
TRK-102,DRV-802,Suresh Patil,Refrigerated Hauler (BharatBenz 3528C),2026-09-03T22:35:54.206321,18.89724,73.19737,63.3,32.3,76.6,86.41,Moderate,Clear,31.6,In Transit,Moderate,97.3
TRK-102,DRV-802,Suresh Patil,Refrigerated Hauler (BharatBenz 3528C),2026-09-03T22:39:54.206321,18.85833,73.24543,42.7,42.46,72.3,79.76,Severe,Clear,36.8,High Risk,High,223.7
TRK-102,DRV-802,Suresh Patil,Refrigerated Hauler (BharatBenz 3528C),2026-09-03T22:43:54.206321,18.82093,73.29462,70.1,33.79,69.8,73.12,Moderate,Clear,42.1,In Transit,Moderate,76.8
TRK-102,DRV-802,Suresh Patil,Refrigerated Hauler (BharatBenz 3528C),2026-09-03T22:47:54.206321,18.7901,73.34873,37.5,41.98,64.7,66.47,Severe,Clear,47.4,Delayed,High,211.6
TRK-102,DRV-802,Suresh Patil,Refrigerated Hauler (BharatBenz 3528C),2026-09-03T22:51:54.206321,18.75927,73.40284,72.9,32.34,59.0,59.82,Moderate,Clear,52.6,In Transit,Low,56.3
TRK-102,DRV-802,Suresh Patil,Refrigerated Hauler (BharatBenz 3528C),2026-09-03T22:55:54.206321,18.75031,73.46455,68.7,31.94,55.9,53.18,Moderate,Clear,57.9,In Transit,Low,50.6
TRK-102,DRV-802,Suresh Patil,Refrigerated Hauler (BharatBenz 3528C),2026-09-03T22:59:54.206321,18.74422,73.52726,66.3,34.62,51.3,46.53,Moderate,Clear,63.2,In Transit,Moderate,55.6
TRK-102,DRV-802,Suresh Patil,Refrigerated Hauler (BharatBenz 3528C),2026-09-03T23:03:54.206321,18.73812,73.58996,91.1,30.68,50.2,39.88,Low,Clear,68.4,In Transit,Low,28.1
TRK-102,DRV-802,Suresh Patil,Refrigerated Hauler (BharatBenz 3528C),2026-09-03T23:07:54.206321,18.73203,73.65267,74.7,29.67,45.4,33.23,Low,Clear,73.7,In Transit,Low,31.4
TRK-102,DRV-802,Suresh Patil,Refrigerated Hauler (BharatBenz 3528C),2026-09-03T23:11:54.206321,18.70834,73.70724,80.3,29.55,41.5,26.59,Low,Clear,78.9,In Transit,Low,22.2
TRK-102,DRV-802,Suresh Patil,Refrigerated Hauler (BharatBenz 3528C),2026-09-03T23:15:54.206321,18.66839,73.75427,91.9,28.28,35.5,19.94,Low,Clear,84.2,In Transit,Low,12.2
TRK-102,DRV-802,Suresh Patil,Refrigerated Hauler (BharatBenz 3528C),2026-09-03T23:19:54.206321,18.62796,73.80066,90.9,30.53,36.0,13.29,Low,Clear,89.5,In Transit,Low,7.9
TRK-102,DRV-802,Suresh Patil,Refrigerated Hauler (BharatBenz 3528C),2026-09-03T23:23:54.206321,18.57418,73.82868,83.8,36.28,31.2,6.65,Moderate,Clear,94.7,In Transit,Low,4.7
TRK-102,DRV-802,Suresh Patil,Refrigerated Hauler (BharatBenz 3528C),2026-09-03T23:27:54.206321,18.5204,73.8567,85.3,31.01,24.2,0.0,Low,Clear,100.0,Arrived,Low,0.5
TRK-102,DRV-802,Suresh Patil,Refrigerated Hauler (BharatBenz 3528C),2026-09-04T12:11:54.206321,19.076,72.8777,81.1,32.6,98.7,126.29,Moderate,Clear,0.0,In Transit,Moderate,113.7
TRK-102,DRV-802,Suresh Patil,Refrigerated Hauler (BharatBenz 3528C),2026-09-04T12:15:54.206321,19.05888,72.93823,83.5,26.14,96.2,119.65,Low,Clear,5.3,In Transit,Low,86.8
TRK-102,DRV-802,Suresh Patil,Refrigerated Hauler (BharatBenz 3528C),2026-09-04T12:19:54.206321,19.04175,72.99876,79.0,31.32,93.8,113.0,Moderate,Clear,10.5,In Transit,Moderate,99.2
TRK-102,DRV-802,Suresh Patil,Refrigerated Hauler (BharatBenz 3528C),2026-09-04T12:23:54.206321,19.01398,73.05319,80.0,30.46,90.7,106.35,Low,Clear,15.8,In Transit,Low,72.0
TRK-102,DRV-802,Suresh Patil,Refrigerated Hauler (BharatBenz 3528C),2026-09-04T12:27:54.206321,18.97507,73.10125,61.0,35.03,83.3,99.7,High,Clear,21.1,High Risk,High,149.3
TRK-102,DRV-802,Suresh Patil,Refrigerated Hauler (BharatBenz 3528C),2026-09-04T12:31:54.206321,18.93616,73.14931,54.8,32.27,80.4,93.06,High,Clear,26.3,High Risk,High,158.2
TRK-102,DRV-802,Suresh Patil,Refrigerated Hauler (BharatBenz 3528C),2026-09-04T12:35:54.206321,18.89724,73.19737,94.0,29.31,76.8,86.41,Low,Clear,31.6,In Transit,Low,55.7
TRK-102,DRV-802,Suresh Patil,Refrigerated Hauler (BharatBenz 3528C),2026-09-04T12:39:54.206321,18.85833,73.24543,59.2,38.03,73.6,79.76,High,Clear,36.8,High Risk,High,124.0
TRK-102,DRV-802,Suresh Patil,Refrigerated Hauler (BharatBenz 3528C),2026-09-04T12:43:54.206321,18.82093,73.29462,67.7,31.88,70.2,73.12,Moderate,Clear,42.1,In Transit,Moderate,75.6
TRK-102,DRV-802,Suresh Patil,Refrigerated Hauler (BharatBenz 3528C),2026-09-04T12:47:54.206321,18.7901,73.34873,65.4,33.55,62.0,66.47,Moderate,Clear,47.4,In Transit,Moderate,71.3
TRK-102,DRV-802,Suresh Patil,Refrigerated Hauler (BharatBenz 3528C),2026-09-04T12:51:54.206321,18.75927,73.40284,55.8,36.75,64.3,59.82,High,Clear,52.6,High Risk,High,97.2
TRK-102,DRV-802,Suresh Patil,Refrigerated Hauler (BharatBenz 3528C),2026-09-04T12:55:54.206321,18.75031,73.46455,71.0,31.93,55.8,53.18,Moderate,Clear,57.9,In Transit,Low,50.6
TRK-102,DRV-802,Suresh Patil,Refrigerated Hauler (BharatBenz 3528C),2026-09-04T12:59:54.206321,18.74422,73.52726,68.2,31.86,55.5,46.53,Moderate,Clear,63.2,In Transit,Low,45.0
TRK-102,DRV-802,Suresh Patil,Refrigerated Hauler (BharatBenz 3528C),2026-09-04T13:03:54.206321,18.73812,73.58996,82.7,27.68,50.5,39.88,Low,Clear,68.4,In Transit,Low,28.1
TRK-102,DRV-802,Suresh Patil,Refrigerated Hauler (BharatBenz 3528C),2026-09-04T13:07:54.206321,18.73203,73.65267,62.7,31.3,48.2,33.23,Moderate,Clear,73.7,In Transit,Moderate,44.2
TRK-102,DRV-802,Suresh Patil,Refrigerated Hauler (BharatBenz 3528C),2026-09-04T13:11:54.206321,18.70834,73.70724,73.0,30.58,42.2,26.59,Moderate,Clear,78.9,In Transit,Low,25.1
TRK-102,DRV-802,Suresh Patil,Refrigerated Hauler (BharatBenz 3528C),2026-09-04T13:15:54.206321,18.66839,73.75427,69.9,32.65,36.6,19.94,Moderate,Clear,84.2,In Transit,Low,21.7
TRK-102,DRV-802,Suresh Patil,Refrigerated Hauler (BharatBenz 3528C),2026-09-04T13:19:54.206321,18.62796,73.80066,77.0,31.59,33.7,13.29,Moderate,Clear,89.5,In Transit,Low,15.9
TRK-102,DRV-802,Suresh Patil,Refrigerated Hauler (BharatBenz 3528C),2026-09-04T13:23:54.206321,18.57418,73.82868,68.7,31.07,32.5,6.65,Moderate,Clear,94.7,In Transit,Low,8.2
TRK-102,DRV-802,Suresh Patil,Refrigerated Hauler (BharatBenz 3528C),2026-09-04T13:27:54.206321,18.5204,73.8567,58.4,35.77,25.8,0.0,High,Clear,100.0,In Transit,Moderate,1.7
TRK-102,DRV-802,Suresh Patil,Refrigerated Hauler (BharatBenz 3528C),2026-09-05T02:11:54.206321,19.076,72.8777,95.4,31.67,98.1,126.29,Low,Clear,0.0,In Transit,Low,81.6
TRK-102,DRV-802,Suresh Patil,Refrigerated Hauler (BharatBenz 3528C),2026-09-05T02:15:54.206321,19.05888,72.93823,84.5,29.83,94.7,119.65,Moderate,Clear,5.3,In Transit,Moderate,98.0
TRK-102,DRV-802,Suresh Patil,Refrigerated Hauler (BharatBenz 3528C),2026-09-05T02:19:54.206321,19.04175,72.99876,74.3,33.34,91.6,113.0,Moderate,Clear,10.5,In Transit,Moderate,109.4
TRK-102,DRV-802,Suresh Patil,Refrigerated Hauler (BharatBenz 3528C),2026-09-05T02:23:54.206321,19.01398,73.05319,60.3,39.34,88.9,106.35,High,Clear,15.8,High Risk,High,156.3
TRK-102,DRV-802,Suresh Patil,Refrigerated Hauler (BharatBenz 3528C),2026-09-05T02:27:54.206321,18.97507,73.10125,69.4,30.2,86.7,99.7,Moderate,Clear,21.1,In Transit,Moderate,99.6
TRK-102,DRV-802,Suresh Patil,Refrigerated Hauler (BharatBenz 3528C),2026-09-05T02:31:54.206321,18.93616,73.14931,73.0,30.95,76.6,93.06,Moderate,Clear,26.3,In Transit,Moderate,91.3
TRK-102,DRV-802,Suresh Patil,Refrigerated Hauler (BharatBenz 3528C),2026-09-05T02:35:54.206321,18.89724,73.19737,72.1,35.71,76.1,86.41,Moderate,Clear,31.6,In Transit,Moderate,82.9
TRK-102,DRV-802,Suresh Patil,Refrigerated Hauler (BharatBenz 3528C),2026-09-05T02:39:54.206321,18.85833,73.24543,65.9,35.8,73.4,79.76,High,Clear,36.8,High Risk,High,104.5
TRK-102,DRV-802,Suresh Patil,Refrigerated Hauler (BharatBenz 3528C),2026-09-05T02:43:54.206321,18.82093,73.29462,55.7,34.8,69.8,73.12,High,Clear,42.1,High Risk,High,110.2
TRK-102,DRV-802,Suresh Patil,Refrigerated Hauler (BharatBenz 3528C),2026-09-05T02:47:54.206321,18.7901,73.34873,93.6,27.43,63.2,66.47,Low,Clear,47.4,In Transit,Low,48.0
TRK-102,DRV-802,Suresh Patil,Refrigerated Hauler (BharatBenz 3528C),2026-09-05T02:51:54.206321,18.75927,73.40284,60.2,34.11,63.0,59.82,High,Clear,52.6,High Risk,High,88.8
TRK-102,DRV-802,Suresh Patil,Refrigerated Hauler (BharatBenz 3528C),2026-09-05T02:55:54.206321,18.75031,73.46455,44.1,44.15,54.1,53.18,Severe,Clear,57.9,High Risk,High,147.6
TRK-102,DRV-802,Suresh Patil,Refrigerated Hauler (BharatBenz 3528C),2026-09-05T02:59:54.206321,18.74422,73.52726,68.2,32.15,50.2,46.53,Moderate,Clear,63.2,In Transit,Low,48.7
TRK-102,DRV-802,Suresh Patil,Refrigerated Hauler (BharatBenz 3528C),2026-09-05T03:03:54.206321,18.73812,73.58996,70.2,31.29,49.0,39.88,Moderate,Clear,68.4,In Transit,Low,35.3
TRK-102,DRV-802,Suresh Patil,Refrigerated Hauler (BharatBenz 3528C),2026-09-05T03:07:54.206321,18.73203,73.65267,55.5,37.61,41.9,33.23,High,Clear,73.7,In Transit,Moderate,51.8
TRK-102,DRV-802,Suresh Patil,Refrigerated Hauler (BharatBenz 3528C),2026-09-05T03:11:54.206321,18.70834,73.70724,79.2,33.99,43.3,26.59,Moderate,Clear,78.9,In Transit,Low,20.6
TRK-102,DRV-802,Suresh Patil,Refrigerated Hauler (BharatBenz 3528C),2026-09-05T03:15:54.206321,18.66839,73.75427,51.7,33.46,36.9,19.94,High,Clear,84.2,In Transit,Moderate,30.5
TRK-102,DRV-802,Suresh Patil,Refrigerated Hauler (BharatBenz 3528C),2026-09-05T03:19:54.206321,18.62796,73.80066,74.4,32.94,33.7,13.29,Moderate,Clear,89.5,In Transit,Low,14.3
TRK-102,DRV-802,Suresh Patil,Refrigerated Hauler (BharatBenz 3528C),2026-09-05T03:23:54.206321,18.57418,73.82868,82.7,30.22,27.2,6.65,Low,Clear,94.7,In Transit,Low,4.7
TRK-102,DRV-802,Suresh Patil,Refrigerated Hauler (BharatBenz 3528C),2026-09-05T03:27:54.206321,18.5204,73.8567,54.7,33.47,26.5,0.0,High,Clear,100.0,In Transit,Moderate,2.3
TRK-102,DRV-802,Suresh Patil,Refrigerated Hauler (BharatBenz 3528C),2026-09-05T16:11:54.206321,19.076,72.8777,77.3,31.17,100.8,126.29,Moderate,Clear,0.0,In Transit,Moderate,115.9
TRK-102,DRV-802,Suresh Patil,Refrigerated Hauler (BharatBenz 3528C),2026-09-05T16:15:54.206321,19.05888,72.93823,90.1,32.35,97.4,119.65,Low,Clear,5.3,In Transit,Low,83.8
TRK-102,DRV-802,Suresh Patil,Refrigerated Hauler (BharatBenz 3528C),2026-09-05T16:19:54.206321,19.04175,72.99876,40.7,43.75,95.6,113.0,Severe,Clear,10.5,High Risk,High,336.4
TRK-102,DRV-802,Suresh Patil,Refrigerated Hauler (BharatBenz 3528C),2026-09-05T16:23:54.206321,19.01398,73.05319,27.4,41.56,89.1,106.35,Severe,Clear,15.8,Delayed,High,465.3
TRK-102,DRV-802,Suresh Patil,Refrigerated Hauler (BharatBenz 3528C),2026-09-05T16:27:54.206321,18.97507,73.10125,74.2,31.99,84.6,99.7,Moderate,Clear,21.1,In Transit,Moderate,93.5
TRK-102,DRV-802,Suresh Patil,Refrigerated Hauler (BharatBenz 3528C),2026-09-05T16:31:54.206321,18.93616,73.14931,70.9,32.16,79.5,93.06,Moderate,Clear,26.3,In Transit,Moderate,91.3
TRK-102,DRV-802,Suresh Patil,Refrigerated Hauler (BharatBenz 3528C),2026-09-05T16:35:54.206321,18.89724,73.19737,75.1,25.27,77.1,86.41,Low,Clear,31.6,In Transit,Low,63.4
TRK-102,DRV-802,Suresh Patil,Refrigerated Hauler (BharatBenz 3528C),2026-09-05T16:39:54.206321,18.85833,73.24543,77.6,29.78,72.0,79.76,Low,Clear,36.8,In Transit,Low,59.6
TRK-102,DRV-802,Suresh Patil,Refrigerated Hauler (BharatBenz 3528C),2026-09-05T16:43:54.206321,18.82093,73.29462,56.7,39.26,69.6,73.12,High,Clear,42.1,High Risk,High,121.4
TRK-102,DRV-802,Suresh Patil,Refrigerated Hauler (BharatBenz 3528C),2026-09-05T16:47:54.206321,18.7901,73.34873,65.9,30.12,66.2,66.47,Low,Clear,47.4,In Transit,Low,58.0
TRK-102,DRV-802,Suresh Patil,Refrigerated Hauler (BharatBenz 3528C),2026-09-05T16:51:54.206321,18.75927,73.40284,91.4,29.67,60.4,59.82,Low,Clear,52.6,In Transit,Low,37.0
TRK-102,DRV-802,Suresh Patil,Refrigerated Hauler (BharatBenz 3528C),2026-09-05T16:55:54.206321,18.75031,73.46455,57.7,36.0,56.5,53.18,High,Clear,57.9,High Risk,High,87.8
TRK-102,DRV-802,Suresh Patil,Refrigerated Hauler (BharatBenz 3528C),2026-09-05T16:59:54.206321,18.74422,73.52726,78.7,30.06,52.0,46.53,Low,Clear,63.2,In Transit,Low,37.3
TRK-102,DRV-802,Suresh Patil,Refrigerated Hauler (BharatBenz 3528C),2026-09-05T17:03:54.206321,18.73812,73.58996,81.7,28.51,46.7,39.88,Low,Clear,68.4,In Transit,Low,24.9
TRK-102,DRV-802,Suresh Patil,Refrigerated Hauler (BharatBenz 3528C),2026-09-05T17:07:54.206321,18.73203,73.65267,80.6,28.38,44.9,33.23,Low,Clear,73.7,In Transit,Low,29.6
TRK-102,DRV-802,Suresh Patil,Refrigerated Hauler (BharatBenz 3528C),2026-09-05T17:11:54.206321,18.70834,73.70724,82.7,30.54,39.5,26.59,Moderate,Clear,78.9,In Transit,Low,23.9
TRK-102,DRV-802,Suresh Patil,Refrigerated Hauler (BharatBenz 3528C),2026-09-05T17:15:54.206321,18.66839,73.75427,54.3,36.39,39.2,19.94,High,Clear,84.2,In Transit,Moderate,40.9
TRK-102,DRV-802,Suresh Patil,Refrigerated Hauler (BharatBenz 3528C),2026-09-05T17:19:54.206321,18.62796,73.80066,48.0,36.13,34.2,13.29,High,Clear,89.5,In Transit,Moderate,27.9
TRK-102,DRV-802,Suresh Patil,Refrigerated Hauler (BharatBenz 3528C),2026-09-05T17:23:54.206321,18.57418,73.82868,80.2,27.1,26.1,6.65,Low,Clear,94.7,In Transit,Low,4.4
TRK-102,DRV-802,Suresh Patil,Refrigerated Hauler (BharatBenz 3528C),2026-09-05T17:27:54.206321,18.5204,73.8567,84.8,28.72,23.7,0.0,Low,Clear,100.0,Arrived,Low,1.7
TRK-102,DRV-802,Suresh Patil,Refrigerated Hauler (BharatBenz 3528C),2026-09-06T06:11:54.206321,19.076,72.8777,48.3,39.34,98.5,126.29,High,Rain,0.0,High Risk,High,288.6
TRK-102,DRV-802,Suresh Patil,Refrigerated Hauler (BharatBenz 3528C),2026-09-06T06:15:54.206321,19.05888,72.93823,83.1,29.43,97.4,119.65,Low,Rain,5.3,In Transit,Moderate,110.0
TRK-102,DRV-802,Suresh Patil,Refrigerated Hauler (BharatBenz 3528C),2026-09-06T06:19:54.206321,19.04175,72.99876,56.4,33.78,92.9,113.0,Moderate,Rain,10.5,High Risk,High,182.1
TRK-102,DRV-802,Suresh Patil,Refrigerated Hauler (BharatBenz 3528C),2026-09-06T06:23:54.206321,19.01398,73.05319,73.2,31.67,91.3,106.35,Low,Rain,15.8,In Transit,Moderate,107.0
TRK-102,DRV-802,Suresh Patil,Refrigerated Hauler (BharatBenz 3528C),2026-09-06T06:27:54.206321,18.97507,73.10125,75.3,29.88,82.8,99.7,Low,Rain,21.1,In Transit,Moderate,100.9
TRK-102,DRV-802,Suresh Patil,Refrigerated Hauler (BharatBenz 3528C),2026-09-06T06:31:54.206321,18.93616,73.14931,79.8,29.4,78.6,93.06,Low,Rain,26.3,In Transit,Moderate,84.5
TRK-102,DRV-802,Suresh Patil,Refrigerated Hauler (BharatBenz 3528C),2026-09-06T06:35:54.206321,18.89724,73.19737,62.9,31.25,75.0,86.41,Moderate,Rain,31.6,High Risk,High,118.3
TRK-102,DRV-802,Suresh Patil,Refrigerated Hauler (BharatBenz 3528C),2026-09-06T06:39:54.206321,18.85833,73.24543,78.2,32.41,76.3,79.76,Low,Rain,36.8,In Transit,Moderate,73.8
TRK-102,DRV-802,Suresh Patil,Refrigerated Hauler (BharatBenz 3528C),2026-09-06T06:43:54.206321,18.82093,73.29462,77.6,33.74,69.0,73.12,Low,Rain,42.1,In Transit,Low,66.3
TRK-102,DRV-802,Suresh Patil,Refrigerated Hauler (BharatBenz 3528C),2026-09-06T06:47:54.206321,18.7901,73.34873,40.9,44.43,64.1,66.47,Severe,Rain,47.4,High Risk,High,244.4
TRK-102,DRV-802,Suresh Patil,Refrigerated Hauler (BharatBenz 3528C),2026-09-06T06:51:54.206321,18.75927,73.40284,80.4,29.49,61.8,59.82,Low,Rain,52.6,In Transit,Low,53.4
TRK-102,DRV-802,Suresh Patil,Refrigerated Hauler (BharatBenz 3528C),2026-09-06T06:55:54.206321,18.75031,73.46455,59.2,32.87,55.7,53.18,Moderate,Rain,57.9,High Risk,High,79.0
TRK-102,DRV-802,Suresh Patil,Refrigerated Hauler (BharatBenz 3528C),2026-09-06T06:59:54.206321,18.74422,73.52726,65.4,31.59,49.9,46.53,Moderate,Rain,63.2,In Transit,Moderate,63.5
TRK-102,DRV-802,Suresh Patil,Refrigerated Hauler (BharatBenz 3528C),2026-09-06T07:03:54.206321,18.73812,73.58996,59.1,35.42,47.4,39.88,Moderate,Rain,68.4,In Transit,Moderate,59.8
TRK-102,DRV-802,Suresh Patil,Refrigerated Hauler (BharatBenz 3528C),2026-09-06T07:07:54.206321,18.73203,73.65267,60.4,33.52,43.6,33.23,Moderate,Rain,73.7,In Transit,Moderate,47.0
TRK-102,DRV-802,Suresh Patil,Refrigerated Hauler (BharatBenz 3528C),2026-09-06T07:11:54.206321,18.70834,73.70724,64.9,29.85,38.4,26.59,Low,Rain,78.9,In Transit,Low,31.0
TRK-102,DRV-802,Suresh Patil,Refrigerated Hauler (BharatBenz 3528C),2026-09-06T07:15:54.206321,18.66839,73.75427,80.4,31.93,35.7,19.94,Low,Rain,84.2,In Transit,Low,16.2
TRK-102,DRV-802,Suresh Patil,Refrigerated Hauler (BharatBenz 3528C),2026-09-06T07:19:54.206321,18.62796,73.80066,59.6,32.63,32.0,13.29,Moderate,Rain,89.5,In Transit,Low,22.8
TRK-102,DRV-802,Suresh Patil,Refrigerated Hauler (BharatBenz 3528C),2026-09-06T07:23:54.206321,18.57418,73.82868,74.2,32.86,31.3,6.65,Low,Rain,94.7,In Transit,Low,13.7
TRK-102,DRV-802,Suresh Patil,Refrigerated Hauler (BharatBenz 3528C),2026-09-06T07:27:54.206321,18.5204,73.8567,51.0,37.04,23.6,0.0,High,Rain,100.0,In Transit,Moderate,0.5
TRK-102,DRV-802,Suresh Patil,Refrigerated Hauler (BharatBenz 3528C),2026-09-06T20:11:54.206321,19.076,72.8777,78.1,28.35,102.3,126.29,Low,Clear,0.0,In Transit,Low,98.1
TRK-102,DRV-802,Suresh Patil,Refrigerated Hauler (BharatBenz 3528C),2026-09-06T20:15:54.206321,19.05888,72.93823,71.1,32.4,94.0,119.65,Moderate,Clear,5.3,In Transit,Moderate,120.7
TRK-102,DRV-802,Suresh Patil,Refrigerated Hauler (BharatBenz 3528C),2026-09-06T20:19:54.206321,19.04175,72.99876,69.6,33.35,91.8,113.0,Moderate,Clear,10.5,In Transit,Moderate,112.6
TRK-102,DRV-802,Suresh Patil,Refrigerated Hauler (BharatBenz 3528C),2026-09-06T20:23:54.206321,19.01398,73.05319,86.6,31.7,84.7,106.35,Moderate,Clear,15.8,In Transit,Moderate,88.4
TRK-102,DRV-802,Suresh Patil,Refrigerated Hauler (BharatBenz 3528C),2026-09-06T20:27:54.206321,18.97507,73.10125,60.9,37.57,86.6,99.7,High,Clear,21.1,High Risk,High,146.2
TRK-102,DRV-802,Suresh Patil,Refrigerated Hauler (BharatBenz 3528C),2026-09-06T20:31:54.206321,18.93616,73.14931,89.1,27.03,78.9,93.06,Low,Clear,26.3,In Transit,Low,58.7
TRK-102,DRV-802,Suresh Patil,Refrigerated Hauler (BharatBenz 3528C),2026-09-06T20:35:54.206321,18.89724,73.19737,89.6,25.5,75.7,86.41,Low,Clear,31.6,In Transit,Low,58.3
TRK-102,DRV-802,Suresh Patil,Refrigerated Hauler (BharatBenz 3528C),2026-09-06T20:39:54.206321,18.85833,73.24543,55.6,33.6,73.0,79.76,High,Clear,36.8,High Risk,High,133.7
TRK-102,DRV-802,Suresh Patil,Refrigerated Hauler (BharatBenz 3528C),2026-09-06T20:43:54.206321,18.82093,73.29462,76.4,29.71,69.0,73.12,Low,Clear,42.1,In Transit,Low,53.7
TRK-102,DRV-802,Suresh Patil,Refrigerated Hauler (BharatBenz 3528C),2026-09-06T20:47:54.206321,18.7901,73.34873,78.8,28.8,67.4,66.47,Low,Clear,47.4,In Transit,Low,45.1
TRK-102,DRV-802,Suresh Patil,Refrigerated Hauler (BharatBenz 3528C),2026-09-06T20:51:54.206321,18.75927,73.40284,91.9,30.31,62.2,59.82,Low,Clear,52.6,In Transit,Low,29.1
TRK-102,DRV-802,Suresh Patil,Refrigerated Hauler (BharatBenz 3528C),2026-09-06T20:55:54.206321,18.75031,73.46455,87.0,30.49,53.4,53.18,Low,Clear,57.9,In Transit,Low,36.3
TRK-102,DRV-802,Suresh Patil,Refrigerated Hauler (BharatBenz 3528C),2026-09-06T20:59:54.206321,18.74422,73.52726,83.8,27.9,56.6,46.53,Low,Clear,63.2,In Transit,Low,36.2
TRK-102,DRV-802,Suresh Patil,Refrigerated Hauler (BharatBenz 3528C),2026-09-06T21:03:54.206321,18.73812,73.58996,63.6,34.5,51.2,39.88,High,Clear,68.4,In Transit,Moderate,59.3
TRK-102,DRV-802,Suresh Patil,Refrigerated Hauler (BharatBenz 3528C),2026-09-06T21:07:54.206321,18.73203,73.65267,79.3,29.56,48.5,33.23,Moderate,Clear,73.7,In Transit,Low,28.1
TRK-102,DRV-802,Suresh Patil,Refrigerated Hauler (BharatBenz 3528C),2026-09-06T21:11:54.206321,18.70834,73.70724,92.9,30.36,38.8,26.59,Low,Clear,78.9,In Transit,Low,16.6
TRK-102,DRV-802,Suresh Patil,Refrigerated Hauler (BharatBenz 3528C),2026-09-06T21:15:54.206321,18.66839,73.75427,87.7,32.41,40.7,19.94,Low,Clear,84.2,In Transit,Low,15.5
TRK-102,DRV-802,Suresh Patil,Refrigerated Hauler (BharatBenz 3528C),2026-09-06T21:19:54.206321,18.62796,73.80066,67.8,34.79,36.8,13.29,Moderate,Clear,89.5,In Transit,Low,13.0
TRK-102,DRV-802,Suresh Patil,Refrigerated Hauler (BharatBenz 3528C),2026-09-06T21:23:54.206321,18.57418,73.82868,83.4,27.88,25.7,6.65,Low,Clear,94.7,In Transit,Low,4.4
TRK-102,DRV-802,Suresh Patil,Refrigerated Hauler (BharatBenz 3528C),2026-09-06T21:27:54.206321,18.5204,73.8567,82.3,30.6,25.5,0.0,Low,Clear,100.0,Arrived,Low,0.5
TRK-102,DRV-802,Suresh Patil,Refrigerated Hauler (BharatBenz 3528C),2026-09-07T10:11:54.206321,19.076,72.8777,81.5,28.79,102.5,126.29,Low,Clear,0.0,In Transit,Low,95.4
TRK-102,DRV-802,Suresh Patil,Refrigerated Hauler (BharatBenz 3528C),2026-09-07T10:15:54.206321,19.05888,72.93823,82.8,28.83,93.1,119.65,Low,Clear,5.3,In Transit,Low,82.6
TRK-102,DRV-802,Suresh Patil,Refrigerated Hauler (BharatBenz 3528C),2026-09-07T10:19:54.206321,19.04175,72.99876,69.1,32.8,91.7,113.0,Moderate,Clear,10.5,In Transit,Moderate,117.6
TRK-102,DRV-802,Suresh Patil,Refrigerated Hauler (BharatBenz 3528C),2026-09-07T10:23:54.206321,19.01398,73.05319,52.7,35.76,84.9,106.35,High,Clear,15.8,High Risk,High,185.3
TRK-102,DRV-802,Suresh Patil,Refrigerated Hauler (BharatBenz 3528C),2026-09-07T10:27:54.206321,18.97507,73.10125,66.5,33.19,85.6,99.7,High,Clear,21.1,High Risk,High,137.5
TRK-102,DRV-802,Suresh Patil,Refrigerated Hauler (BharatBenz 3528C),2026-09-07T10:31:54.206321,18.93616,73.14931,96.2,26.32,81.1,93.06,Low,Clear,26.3,In Transit,Low,55.2
TRK-102,DRV-802,Suresh Patil,Refrigerated Hauler (BharatBenz 3528C),2026-09-07T10:35:54.206321,18.89724,73.19737,78.5,29.38,79.3,86.41,Low,Clear,31.6,In Transit,Low,68.9
TRK-102,DRV-802,Suresh Patil,Refrigerated Hauler (BharatBenz 3528C),2026-09-07T10:39:54.206321,18.85833,73.24543,59.0,29.63,71.3,79.76,Moderate,Clear,36.8,In Transit,Moderate,95.7
TRK-102,DRV-802,Suresh Patil,Refrigerated Hauler (BharatBenz 3528C),2026-09-07T10:43:54.206321,18.82093,73.29462,70.9,32.33,70.5,73.12,Moderate,Clear,42.1,In Transit,Low,68.9
TRK-102,DRV-802,Suresh Patil,Refrigerated Hauler (BharatBenz 3528C),2026-09-07T10:47:54.206321,18.7901,73.34873,74.0,32.68,64.8,66.47,Moderate,Clear,47.4,In Transit,Moderate,66.8
TRK-102,DRV-802,Suresh Patil,Refrigerated Hauler (BharatBenz 3528C),2026-09-07T10:51:54.206321,18.75927,73.40284,84.7,31.18,60.2,59.82,Low,Clear,52.6,In Transit,Low,50.9
TRK-102,DRV-802,Suresh Patil,Refrigerated Hauler (BharatBenz 3528C),2026-09-07T10:55:54.206321,18.75031,73.46455,68.3,29.34,56.2,53.18,Moderate,Clear,57.9,In Transit,Low,51.6
TRK-102,DRV-802,Suresh Patil,Refrigerated Hauler (BharatBenz 3528C),2026-09-07T10:59:54.206321,18.74422,73.52726,52.2,37.17,52.8,46.53,High,Clear,63.2,High Risk,High,85.2
TRK-102,DRV-802,Suresh Patil,Refrigerated Hauler (BharatBenz 3528C),2026-09-07T11:03:54.206321,18.73812,73.58996,86.1,28.6,48.3,39.88,Low,Clear,68.4,In Transit,Low,23.6
TRK-102,DRV-802,Suresh Patil,Refrigerated Hauler (BharatBenz 3528C),2026-09-07T11:07:54.206321,18.73203,73.65267,77.0,28.35,44.3,33.23,Low,Clear,73.7,In Transit,Low,25.1
TRK-102,DRV-802,Suresh Patil,Refrigerated Hauler (BharatBenz 3528C),2026-09-07T11:11:54.206321,18.70834,73.70724,89.7,30.45,40.5,26.59,Low,Clear,78.9,In Transit,Low,16.3
TRK-102,DRV-802,Suresh Patil,Refrigerated Hauler (BharatBenz 3528C),2026-09-07T11:15:54.206321,18.66839,73.75427,88.9,27.49,37.7,19.94,Low,Clear,84.2,In Transit,Low,13.8
TRK-102,DRV-802,Suresh Patil,Refrigerated Hauler (BharatBenz 3528C),2026-09-07T11:19:54.206321,18.62796,73.80066,95.9,30.99,35.6,13.29,Low,Clear,89.5,In Transit,Low,5.8
TRK-102,DRV-802,Suresh Patil,Refrigerated Hauler (BharatBenz 3528C),2026-09-07T11:23:54.206321,18.57418,73.82868,71.3,28.97,26.8,6.65,Moderate,Clear,94.7,In Transit,Low,0.5
TRK-102,DRV-802,Suresh Patil,Refrigerated Hauler (BharatBenz 3528C),2026-09-07T11:27:54.206321,18.5204,73.8567,65.2,31.74,25.7,0.0,Moderate,Clear,100.0,Arrived,Low,2.0
TRK-102,DRV-802,Suresh Patil,Refrigerated Hauler (BharatBenz 3528C),2026-09-08T00:11:54.206321,19.076,72.8777,50.8,38.8,101.6,126.29,High,Rain,0.0,High Risk,High,276.5
TRK-102,DRV-802,Suresh Patil,Refrigerated Hauler (BharatBenz 3528C),2026-09-08T00:15:54.206321,19.05888,72.93823,82.3,30.12,95.7,119.65,Low,Rain,5.3,In Transit,Moderate,105.1
TRK-102,DRV-802,Suresh Patil,Refrigerated Hauler (BharatBenz 3528C),2026-09-08T00:19:54.206321,19.04175,72.99876,81.0,27.07,91.8,113.0,Low,Rain,10.5,In Transit,Moderate,105.4
TRK-102,DRV-802,Suresh Patil,Refrigerated Hauler (BharatBenz 3528C),2026-09-08T00:23:54.206321,19.01398,73.05319,71.9,31.98,87.8,106.35,Moderate,Rain,15.8,High Risk,High,135.5
TRK-102,DRV-802,Suresh Patil,Refrigerated Hauler (BharatBenz 3528C),2026-09-08T00:27:54.206321,18.97507,73.10125,59.9,31.92,83.8,99.7,Moderate,Rain,21.1,High Risk,High,149.2
TRK-102,DRV-802,Suresh Patil,Refrigerated Hauler (BharatBenz 3528C),2026-09-08T00:31:54.206321,18.93616,73.14931,67.5,36.03,83.7,93.06,Moderate,Rain,26.3,High Risk,High,127.4
TRK-102,DRV-802,Suresh Patil,Refrigerated Hauler (BharatBenz 3528C),2026-09-08T00:35:54.206321,18.89724,73.19737,81.2,30.47,82.0,86.41,Low,Rain,31.6,In Transit,Moderate,84.9
TRK-102,DRV-802,Suresh Patil,Refrigerated Hauler (BharatBenz 3528C),2026-09-08T00:39:54.206321,18.85833,73.24543,82.8,28.18,74.3,79.76,Low,Rain,36.8,In Transit,Moderate,72.4
TRK-102,DRV-802,Suresh Patil,Refrigerated Hauler (BharatBenz 3528C),2026-09-08T00:43:54.206321,18.82093,73.29462,59.7,33.45,70.9,73.12,Moderate,Rain,42.1,High Risk,High,112.1
TRK-102,DRV-802,Suresh Patil,Refrigerated Hauler (BharatBenz 3528C),2026-09-08T00:47:54.206321,18.7901,73.34873,84.2,29.26,61.2,66.47,Low,Rain,47.4,In Transit,Low,57.0
TRK-102,DRV-802,Suresh Patil,Refrigerated Hauler (BharatBenz 3528C),2026-09-08T00:51:54.206321,18.75927,73.40284,52.6,36.28,63.5,59.82,High,Rain,52.6,High Risk,High,126.4
TRK-102,DRV-802,Suresh Patil,Refrigerated Hauler (BharatBenz 3528C),2026-09-08T00:55:54.206321,18.75031,73.46455,54.8,34.95,60.4,53.18,Moderate,Rain,57.9,High Risk,High,85.7
TRK-102,DRV-802,Suresh Patil,Refrigerated Hauler (BharatBenz 3528C),2026-09-08T00:59:54.206321,18.74422,73.52726,70.3,26.92,51.6,46.53,Low,Rain,63.2,In Transit,Moderate,55.6
TRK-102,DRV-802,Suresh Patil,Refrigerated Hauler (BharatBenz 3528C),2026-09-08T01:03:54.206321,18.73812,73.58996,75.4,28.13,49.6,39.88,Low,Rain,68.4,In Transit,Low,40.3
TRK-102,DRV-802,Suresh Patil,Refrigerated Hauler (BharatBenz 3528C),2026-09-08T01:07:54.206321,18.73203,73.65267,81.8,32.46,47.9,33.23,Low,Rain,73.7,In Transit,Low,30.8
TRK-102,DRV-802,Suresh Patil,Refrigerated Hauler (BharatBenz 3528C),2026-09-08T01:11:54.206321,18.70834,73.70724,81.9,30.65,40.0,26.59,Low,Rain,78.9,In Transit,Low,18.2
TRK-102,DRV-802,Suresh Patil,Refrigerated Hauler (BharatBenz 3528C),2026-09-08T01:15:54.206321,18.66839,73.75427,62.1,35.68,35.4,19.94,Moderate,Rain,84.2,In Transit,Moderate,30.7
TRK-102,DRV-802,Suresh Patil,Refrigerated Hauler (BharatBenz 3528C),2026-09-08T01:19:54.206321,18.62796,73.80066,57.8,38.33,32.3,13.29,High,Rain,89.5,In Transit,Moderate,27.9
TRK-102,DRV-802,Suresh Patil,Refrigerated Hauler (BharatBenz 3528C),2026-09-08T01:23:54.206321,18.57418,73.82868,72.0,27.29,28.5,6.65,Low,Rain,94.7,In Transit,Low,6.0
TRK-102,DRV-802,Suresh Patil,Refrigerated Hauler (BharatBenz 3528C),2026-09-08T01:27:54.206321,18.5204,73.8567,53.4,32.23,27.5,0.0,Moderate,Rain,100.0,Arrived,Low,5.2
TRK-103,DRV-803,Ramesh Kumar,Intermodal Container (Ashok Leyland 4220),2026-08-28T10:11:54.206321,12.9716,77.5946,61.7,36.3,98.5,323.95,Moderate,Rain,0.0,High Risk,High,480.2
TRK-103,DRV-803,Ramesh Kumar,Intermodal Container (Ashok Leyland 4220),2026-08-28T10:15:54.206321,12.86159,77.70461,64.8,34.79,92.7,306.9,Moderate,Rain,5.3,High Risk,High,424.0
TRK-103,DRV-803,Ramesh Kumar,Intermodal Container (Ashok Leyland 4220),2026-08-28T10:19:54.206321,12.75158,77.81462,64.2,32.65,91.0,289.85,Moderate,Rain,10.5,High Risk,High,405.8
TRK-103,DRV-803,Ramesh Kumar,Intermodal Container (Ashok Leyland 4220),2026-08-28T10:23:54.206321,12.67283,77.94889,72.4,35.29,91.6,272.8,Moderate,Rain,15.8,High Risk,High,337.3
TRK-103,DRV-803,Ramesh Kumar,Intermodal Container (Ashok Leyland 4220),2026-08-28T10:27:54.206321,12.59745,78.08577,59.7,37.43,84.9,255.75,Moderate,Rain,21.1,High Risk,High,384.0
TRK-103,DRV-803,Ramesh Kumar,Intermodal Container (Ashok Leyland 4220),2026-08-28T10:31:54.206321,12.52999,78.2232,74.2,33.63,77.4,238.7,Low,Rain,26.3,High Risk,High,243.1
TRK-103,DRV-803,Ramesh Kumar,Intermodal Container (Ashok Leyland 4220),2026-08-28T10:35:54.206321,12.58633,78.36926,56.9,30.18,73.0,221.65,Low,Rain,31.6,High Risk,High,290.8
TRK-103,DRV-803,Ramesh Kumar,Intermodal Container (Ashok Leyland 4220),2026-08-28T10:39:54.206321,12.64266,78.51532,72.8,32.62,70.0,204.6,Low,Rain,36.8,High Risk,High,203.5
TRK-103,DRV-803,Ramesh Kumar,Intermodal Container (Ashok Leyland 4220),2026-08-28T10:43:54.206321,12.7015,78.66032,67.0,35.66,67.3,187.55,Moderate,Rain,42.1,High Risk,High,255.4
TRK-103,DRV-803,Ramesh Kumar,Intermodal Container (Ashok Leyland 4220),2026-08-28T10:47:54.206321,12.76636,78.80278,67.6,36.81,63.8,170.5,Moderate,Rain,47.4,High Risk,High,229.0
TRK-103,DRV-803,Ramesh Kumar,Intermodal Container (Ashok Leyland 4220),2026-08-28T10:51:54.206321,12.83123,78.94523,39.2,41.19,60.1,153.45,High,Rain,52.6,Delayed,High,436.8
TRK-103,DRV-803,Ramesh Kumar,Intermodal Container (Ashok Leyland 4220),2026-08-28T10:55:54.206321,12.89609,79.08768,75.3,36.95,55.3,136.4,Low,Rain,57.9,High Risk,High,137.0
TRK-103,DRV-803,Ramesh Kumar,Intermodal Container (Ashok Leyland 4220),2026-08-28T10:59:54.206321,12.92224,79.24002,66.8,31.92,53.1,119.35,Low,Rain,63.2,In Transit,Moderate,131.9
TRK-103,DRV-803,Ramesh Kumar,Intermodal Container (Ashok Leyland 4220),2026-08-28T11:03:54.206321,12.91164,79.39499,66.0,34.79,49.4,102.3,Moderate,Rain,68.4,High Risk,High,141.8
TRK-103,DRV-803,Ramesh Kumar,Intermodal Container (Ashok Leyland 4220),2026-08-28T11:07:54.206321,12.87345,79.54718,86.2,30.69,45.8,85.25,Low,Rain,73.7,In Transit,Moderate,80.7
TRK-103,DRV-803,Ramesh Kumar,Intermodal Container (Ashok Leyland 4220),2026-08-28T11:11:54.206321,12.83526,79.69937,45.2,47.47,41.9,68.2,Severe,Rain,78.9,High Risk,High,226.3
TRK-103,DRV-803,Ramesh Kumar,Intermodal Container (Ashok Leyland 4220),2026-08-28T11:15:54.206321,12.91018,79.83525,60.1,35.72,36.6,51.15,Moderate,Rain,84.2,High Risk,High,81.4
TRK-103,DRV-803,Ramesh Kumar,Intermodal Container (Ashok Leyland 4220),2026-08-28T11:19:54.206321,12.98244,79.97344,84.7,31.99,32.7,34.1,Low,Rain,89.5,In Transit,Low,25.5
TRK-103,DRV-803,Ramesh Kumar,Intermodal Container (Ashok Leyland 4220),2026-08-28T11:23:54.206321,13.03257,80.12207,49.2,40.58,27.2,17.05,High,Rain,94.7,In Transit,Moderate,38.9
TRK-103,DRV-803,Ramesh Kumar,Intermodal Container (Ashok Leyland 4220),2026-08-28T11:27:54.206321,13.0827,80.2707,90.8,32.75,21.8,0.0,Low,Rain,100.0,Arrived,Low,2.1
TRK-103,DRV-803,Ramesh Kumar,Intermodal Container (Ashok Leyland 4220),2026-08-29T00:11:54.206321,12.9716,77.5946,60.7,38.2,100.1,323.95,Moderate,Fog,0.0,High Risk,High,516.7
TRK-103,DRV-803,Ramesh Kumar,Intermodal Container (Ashok Leyland 4220),2026-08-29T00:15:54.206321,12.86159,77.70461,67.4,33.23,94.5,306.9,Low,Fog,5.3,High Risk,High,365.4
TRK-103,DRV-803,Ramesh Kumar,Intermodal Container (Ashok Leyland 4220),2026-08-29T00:19:54.206321,12.75158,77.81462,53.8,35.32,91.4,289.85,Moderate,Fog,10.5,High Risk,High,522.6
TRK-103,DRV-803,Ramesh Kumar,Intermodal Container (Ashok Leyland 4220),2026-08-29T00:23:54.206321,12.67283,77.94889,77.5,33.2,86.7,272.8,Low,Fog,15.8,High Risk,High,286.3
TRK-103,DRV-803,Ramesh Kumar,Intermodal Container (Ashok Leyland 4220),2026-08-29T00:27:54.206321,12.59745,78.08577,81.0,33.48,83.6,255.75,Low,Fog,21.1,High Risk,High,262.7
TRK-103,DRV-803,Ramesh Kumar,Intermodal Container (Ashok Leyland 4220),2026-08-29T00:31:54.206321,12.52999,78.2232,47.5,35.07,78.8,238.7,High,Fog,26.3,High Risk,High,613.3
TRK-103,DRV-803,Ramesh Kumar,Intermodal Container (Ashok Leyland 4220),2026-08-29T00:35:54.206321,12.58633,78.36926,64.0,37.25,72.0,221.65,Moderate,Fog,31.6,High Risk,High,337.0
TRK-103,DRV-803,Ramesh Kumar,Intermodal Container (Ashok Leyland 4220),2026-08-29T00:39:54.206321,12.64266,78.51532,44.2,37.66,70.6,204.6,High,Fog,36.8,High Risk,High,568.5
TRK-103,DRV-803,Ramesh Kumar,Intermodal Container (Ashok Leyland 4220),2026-08-29T00:43:54.206321,12.7015,78.66032,63.2,34.01,66.7,187.55,Low,Fog,42.1,High Risk,High,245.9
TRK-103,DRV-803,Ramesh Kumar,Intermodal Container (Ashok Leyland 4220),2026-08-29T00:47:54.206321,12.76636,78.80278,46.0,39.41,62.0,170.5,High,Fog,47.4,High Risk,High,446.6
TRK-103,DRV-803,Ramesh Kumar,Intermodal Container (Ashok Leyland 4220),2026-08-29T00:51:54.206321,12.83123,78.94523,40.0,44.6,59.0,153.45,Severe,Fog,52.6,Delayed,High,620.9
TRK-103,DRV-803,Ramesh Kumar,Intermodal Container (Ashok Leyland 4220),2026-08-29T00:55:54.206321,12.89609,79.08768,47.7,38.88,54.8,136.4,High,Fog,57.9,High Risk,High,348.0
TRK-103,DRV-803,Ramesh Kumar,Intermodal Container (Ashok Leyland 4220),2026-08-29T00:59:54.206321,12.92224,79.24002,62.4,40.22,51.3,119.35,Moderate,Fog,63.2,High Risk,High,182.6
TRK-103,DRV-803,Ramesh Kumar,Intermodal Container (Ashok Leyland 4220),2026-08-29T01:03:54.206321,12.91164,79.39499,60.7,41.68,51.4,102.3,High,Fog,68.4,High Risk,High,202.7
TRK-103,DRV-803,Ramesh Kumar,Intermodal Container (Ashok Leyland 4220),2026-08-29T01:07:54.206321,12.87345,79.54718,59.9,42.46,46.9,85.25,High,Fog,73.7,High Risk,High,170.2
TRK-103,DRV-803,Ramesh Kumar,Intermodal Container (Ashok Leyland 4220),2026-08-29T01:11:54.206321,12.83526,79.69937,76.4,37.92,36.1,68.2,Moderate,Fog,78.9,High Risk,High,88.5
TRK-103,DRV-803,Ramesh Kumar,Intermodal Container (Ashok Leyland 4220),2026-08-29T01:15:54.206321,12.91018,79.83525,55.0,38.91,32.7,51.15,High,Fog,84.2,High Risk,High,113.5
TRK-103,DRV-803,Ramesh Kumar,Intermodal Container (Ashok Leyland 4220),2026-08-29T01:19:54.206321,12.98244,79.97344,52.9,41.91,31.9,34.1,High,Fog,89.5,High Risk,High,77.1
TRK-103,DRV-803,Ramesh Kumar,Intermodal Container (Ashok Leyland 4220),2026-08-29T01:23:54.206321,13.03257,80.12207,55.4,36.76,29.6,17.05,Moderate,Fog,94.7,In Transit,Moderate,30.2
TRK-103,DRV-803,Ramesh Kumar,Intermodal Container (Ashok Leyland 4220),2026-08-29T01:27:54.206321,13.0827,80.2707,57.5,36.51,24.3,0.0,Moderate,Fog,100.0,Arrived,Low,0.5
TRK-103,DRV-803,Ramesh Kumar,Intermodal Container (Ashok Leyland 4220),2026-08-29T14:11:54.206321,12.9716,77.5946,62.4,36.58,99.9,323.95,High,Clear,0.0,High Risk,High,466.5
TRK-103,DRV-803,Ramesh Kumar,Intermodal Container (Ashok Leyland 4220),2026-08-29T14:15:54.206321,12.86159,77.70461,61.6,38.21,94.7,306.9,Moderate,Clear,5.3,High Risk,High,364.0
TRK-103,DRV-803,Ramesh Kumar,Intermodal Container (Ashok Leyland 4220),2026-08-29T14:19:54.206321,12.75158,77.81462,51.5,38.27,92.0,289.85,High,Clear,10.5,High Risk,High,507.7
TRK-103,DRV-803,Ramesh Kumar,Intermodal Container (Ashok Leyland 4220),2026-08-29T14:23:54.206321,12.67283,77.94889,58.7,31.09,87.6,272.8,Moderate,Clear,15.8,High Risk,High,334.9
TRK-103,DRV-803,Ramesh Kumar,Intermodal Container (Ashok Leyland 4220),2026-08-29T14:27:54.206321,12.59745,78.08577,66.3,33.15,82.1,255.75,Moderate,Clear,21.1,High Risk,High,281.4
TRK-103,DRV-803,Ramesh Kumar,Intermodal Container (Ashok Leyland 4220),2026-08-29T14:31:54.206321,12.52999,78.2232,53.9,31.61,80.1,238.7,Moderate,Clear,26.3,High Risk,High,321.0
TRK-103,DRV-803,Ramesh Kumar,Intermodal Container (Ashok Leyland 4220),2026-08-29T14:35:54.206321,12.58633,78.36926,86.6,32.99,75.2,221.65,Low,Clear,31.6,In Transit,Low,153.3
TRK-103,DRV-803,Ramesh Kumar,Intermodal Container (Ashok Leyland 4220),2026-08-29T14:39:54.206321,12.64266,78.51532,76.0,31.4,69.9,204.6,Low,Clear,36.8,In Transit,Low,155.2
TRK-103,DRV-803,Ramesh Kumar,Intermodal Container (Ashok Leyland 4220),2026-08-29T14:43:54.206321,12.7015,78.66032,68.3,32.01,71.7,187.55,Moderate,Clear,42.1,High Risk,High,197.4
TRK-103,DRV-803,Ramesh Kumar,Intermodal Container (Ashok Leyland 4220),2026-08-29T14:47:54.206321,12.76636,78.80278,87.1,30.94,64.1,170.5,Low,Clear,47.4,In Transit,Low,117.7
TRK-103,DRV-803,Ramesh Kumar,Intermodal Container (Ashok Leyland 4220),2026-08-29T14:51:54.206321,12.83123,78.94523,71.0,38.54,62.7,153.45,Moderate,Clear,52.6,High Risk,High,154.9
TRK-103,DRV-803,Ramesh Kumar,Intermodal Container (Ashok Leyland 4220),2026-08-29T14:55:54.206321,12.89609,79.08768,36.3,44.96,55.9,136.4,Severe,Clear,57.9,Delayed,High,450.0
TRK-103,DRV-803,Ramesh Kumar,Intermodal Container (Ashok Leyland 4220),2026-08-29T14:59:54.206321,12.92224,79.24002,45.9,44.73,51.1,119.35,Severe,Clear,63.2,High Risk,High,312.3
TRK-103,DRV-803,Ramesh Kumar,Intermodal Container (Ashok Leyland 4220),2026-08-29T15:03:54.206321,12.91164,79.39499,77.7,33.9,51.7,102.3,Moderate,Clear,68.4,In Transit,Moderate,92.1
TRK-103,DRV-803,Ramesh Kumar,Intermodal Container (Ashok Leyland 4220),2026-08-29T15:07:54.206321,12.87345,79.54718,53.5,37.77,47.9,85.25,High,Clear,73.7,High Risk,High,143.4
TRK-103,DRV-803,Ramesh Kumar,Intermodal Container (Ashok Leyland 4220),2026-08-29T15:11:54.206321,12.83526,79.69937,36.1,45.14,40.7,68.2,Severe,Clear,78.9,Delayed,High,225.5
TRK-103,DRV-803,Ramesh Kumar,Intermodal Container (Ashok Leyland 4220),2026-08-29T15:15:54.206321,12.91018,79.83525,68.7,35.34,37.8,51.15,Moderate,Clear,84.2,In Transit,Low,54.1
TRK-103,DRV-803,Ramesh Kumar,Intermodal Container (Ashok Leyland 4220),2026-08-29T15:19:54.206321,12.98244,79.97344,71.1,33.52,32.6,34.1,Moderate,Clear,89.5,In Transit,Low,34.0
TRK-103,DRV-803,Ramesh Kumar,Intermodal Container (Ashok Leyland 4220),2026-08-29T15:23:54.206321,13.03257,80.12207,62.7,34.34,29.0,17.05,Moderate,Clear,94.7,In Transit,Low,24.0
TRK-103,DRV-803,Ramesh Kumar,Intermodal Container (Ashok Leyland 4220),2026-08-29T15:27:54.206321,13.0827,80.2707,87.5,32.56,24.2,0.0,Low,Clear,100.0,Arrived,Low,0.5
TRK-103,DRV-803,Ramesh Kumar,Intermodal Container (Ashok Leyland 4220),2026-08-30T04:11:54.206321,12.9716,77.5946,68.1,33.81,99.1,323.95,Low,Fog,0.0,High Risk,High,384.5
TRK-103,DRV-803,Ramesh Kumar,Intermodal Container (Ashok Leyland 4220),2026-08-30T04:15:54.206321,12.86159,77.70461,58.1,33.19,94.6,306.9,Moderate,Fog,5.3,High Risk,High,510.6
TRK-103,DRV-803,Ramesh Kumar,Intermodal Container (Ashok Leyland 4220),2026-08-30T04:19:54.206321,12.75158,77.81462,64.2,34.66,91.1,289.85,Low,Fog,10.5,High Risk,High,363.8
TRK-103,DRV-803,Ramesh Kumar,Intermodal Container (Ashok Leyland 4220),2026-08-30T04:23:54.206321,12.67283,77.94889,38.6,48.74,91.6,272.8,Severe,Fog,15.8,Delayed,High,1147.6
TRK-103,DRV-803,Ramesh Kumar,Intermodal Container (Ashok Leyland 4220),2026-08-30T04:27:54.206321,12.59745,78.08577,82.7,38.28,86.1,255.75,Low,Fog,21.1,High Risk,High,247.3
TRK-103,DRV-803,Ramesh Kumar,Intermodal Container (Ashok Leyland 4220),2026-08-30T04:31:54.206321,12.52999,78.2232,58.8,37.77,79.4,238.7,Moderate,Fog,26.3,High Risk,High,399.0
TRK-103,DRV-803,Ramesh Kumar,Intermodal Container (Ashok Leyland 4220),2026-08-30T04:35:54.206321,12.58633,78.36926,76.5,35.56,78.1,221.65,Low,Fog,31.6,High Risk,High,228.2
TRK-103,DRV-803,Ramesh Kumar,Intermodal Container (Ashok Leyland 4220),2026-08-30T04:39:54.206321,12.64266,78.51532,62.5,34.21,73.3,204.6,Moderate,Fog,36.8,High Risk,High,316.6
TRK-103,DRV-803,Ramesh Kumar,Intermodal Container (Ashok Leyland 4220),2026-08-30T04:43:54.206321,12.7015,78.66032,52.8,39.84,68.2,187.55,High,Fog,42.1,High Risk,High,431.6
TRK-103,DRV-803,Ramesh Kumar,Intermodal Container (Ashok Leyland 4220),2026-08-30T04:47:54.206321,12.76636,78.80278,41.8,39.59,66.9,170.5,High,Fog,47.4,High Risk,High,497.1
TRK-103,DRV-803,Ramesh Kumar,Intermodal Container (Ashok Leyland 4220),2026-08-30T04:51:54.206321,12.83123,78.94523,68.0,33.26,60.0,153.45,Low,Fog,52.6,High Risk,High,188.3
TRK-103,DRV-803,Ramesh Kumar,Intermodal Container (Ashok Leyland 4220),2026-08-30T04:55:54.206321,12.89609,79.08768,71.0,32.77,57.0,136.4,Low,Fog,57.9,High Risk,High,155.5
TRK-103,DRV-803,Ramesh Kumar,Intermodal Container (Ashok Leyland 4220),2026-08-30T04:59:54.206321,12.92224,79.24002,85.6,34.86,54.8,119.35,Low,Fog,63.2,High Risk,High,118.2
TRK-103,DRV-803,Ramesh Kumar,Intermodal Container (Ashok Leyland 4220),2026-08-30T05:03:54.206321,12.91164,79.39499,65.5,37.05,45.8,102.3,Low,Fog,68.4,High Risk,High,128.7
TRK-103,DRV-803,Ramesh Kumar,Intermodal Container (Ashok Leyland 4220),2026-08-30T05:07:54.206321,12.87345,79.54718,64.6,31.8,46.1,85.25,Low,Fog,73.7,High Risk,High,109.5
TRK-103,DRV-803,Ramesh Kumar,Intermodal Container (Ashok Leyland 4220),2026-08-30T05:11:54.206321,12.83526,79.69937,73.6,34.19,41.3,68.2,Low,Fog,78.9,In Transit,Moderate,74.4
TRK-103,DRV-803,Ramesh Kumar,Intermodal Container (Ashok Leyland 4220),2026-08-30T05:15:54.206321,12.91018,79.83525,59.1,37.46,35.5,51.15,Moderate,Fog,84.2,High Risk,High,85.1
TRK-103,DRV-803,Ramesh Kumar,Intermodal Container (Ashok Leyland 4220),2026-08-30T05:19:54.206321,12.98244,79.97344,78.7,33.03,31.6,34.1,Low,Fog,89.5,In Transit,Moderate,37.9
TRK-103,DRV-803,Ramesh Kumar,Intermodal Container (Ashok Leyland 4220),2026-08-30T05:23:54.206321,13.03257,80.12207,65.3,33.74,30.2,17.05,Moderate,Fog,94.7,In Transit,Low,24.6
TRK-103,DRV-803,Ramesh Kumar,Intermodal Container (Ashok Leyland 4220),2026-08-30T05:27:54.206321,13.0827,80.2707,54.0,36.42,26.7,0.0,Moderate,Fog,100.0,Arrived,Low,3.1
TRK-103,DRV-803,Ramesh Kumar,Intermodal Container (Ashok Leyland 4220),2026-08-30T18:11:54.206321,12.9716,77.5946,53.9,38.9,100.1,323.95,High,Clear,0.0,High Risk,High,539.5
TRK-103,DRV-803,Ramesh Kumar,Intermodal Container (Ashok Leyland 4220),2026-08-30T18:15:54.206321,12.86159,77.70461,78.5,35.31,95.7,306.9,Moderate,Clear,5.3,High Risk,High,283.4
TRK-103,DRV-803,Ramesh Kumar,Intermodal Container (Ashok Leyland 4220),2026-08-30T18:19:54.206321,12.75158,77.81462,80.2,33.38,92.9,289.85,Low,Clear,10.5,In Transit,Low,218.6
TRK-103,DRV-803,Ramesh Kumar,Intermodal Container (Ashok Leyland 4220),2026-08-30T18:23:54.206321,12.67283,77.94889,78.3,28.83,91.8,272.8,Low,Clear,15.8,In Transit,Low,209.5
TRK-103,DRV-803,Ramesh Kumar,Intermodal Container (Ashok Leyland 4220),2026-08-30T18:27:54.206321,12.59745,78.08577,91.6,28.89,84.0,255.75,Low,Clear,21.1,In Transit,Low,166.4
TRK-103,DRV-803,Ramesh Kumar,Intermodal Container (Ashok Leyland 4220),2026-08-30T18:31:54.206321,12.52999,78.2232,77.2,38.26,79.3,238.7,Moderate,Clear,26.3,High Risk,High,227.3
TRK-103,DRV-803,Ramesh Kumar,Intermodal Container (Ashok Leyland 4220),2026-08-30T18:35:54.206321,12.58633,78.36926,55.1,46.39,78.2,221.65,Severe,Clear,31.6,High Risk,High,482.9
TRK-103,DRV-803,Ramesh Kumar,Intermodal Container (Ashok Leyland 4220),2026-08-30T18:39:54.206321,12.64266,78.51532,75.6,29.39,71.3,204.6,Low,Clear,36.8,In Transit,Low,159.4
TRK-103,DRV-803,Ramesh Kumar,Intermodal Container (Ashok Leyland 4220),2026-08-30T18:43:54.206321,12.7015,78.66032,82.0,30.19,66.0,187.55,Low,Clear,42.1,In Transit,Low,142.9
TRK-103,DRV-803,Ramesh Kumar,Intermodal Container (Ashok Leyland 4220),2026-08-30T18:47:54.206321,12.76636,78.80278,55.3,34.9,64.7,170.5,Moderate,Clear,47.4,High Risk,High,227.8
TRK-103,DRV-803,Ramesh Kumar,Intermodal Container (Ashok Leyland 4220),2026-08-30T18:51:54.206321,12.83123,78.94523,77.6,29.27,61.3,153.45,Low,Clear,52.6,In Transit,Low,115.8
TRK-103,DRV-803,Ramesh Kumar,Intermodal Container (Ashok Leyland 4220),2026-08-30T18:55:54.206321,12.89609,79.08768,91.5,31.19,55.6,136.4,Low,Clear,57.9,In Transit,Low,93.2
TRK-103,DRV-803,Ramesh Kumar,Intermodal Container (Ashok Leyland 4220),2026-08-30T18:59:54.206321,12.92224,79.24002,98.7,29.08,51.1,119.35,Low,Clear,63.2,In Transit,Low,72.1
TRK-103,DRV-803,Ramesh Kumar,Intermodal Container (Ashok Leyland 4220),2026-08-30T19:03:54.206321,12.91164,79.39499,76.2,32.72,47.5,102.3,Moderate,Clear,68.4,In Transit,Moderate,100.4
TRK-103,DRV-803,Ramesh Kumar,Intermodal Container (Ashok Leyland 4220),2026-08-30T19:07:54.206321,12.87345,79.54718,74.2,31.08,50.1,85.25,Low,Clear,73.7,In Transit,Low,71.1
TRK-103,DRV-803,Ramesh Kumar,Intermodal Container (Ashok Leyland 4220),2026-08-30T19:11:54.206321,12.83526,79.69937,69.7,33.77,44.1,68.2,Moderate,Clear,78.9,In Transit,Low,63.7
TRK-103,DRV-803,Ramesh Kumar,Intermodal Container (Ashok Leyland 4220),2026-08-30T19:15:54.206321,12.91018,79.83525,69.5,34.11,35.7,51.15,Moderate,Clear,84.2,In Transit,Low,50.6
TRK-103,DRV-803,Ramesh Kumar,Intermodal Container (Ashok Leyland 4220),2026-08-30T19:19:54.206321,12.98244,79.97344,84.8,31.48,33.6,34.1,Low,Clear,89.5,In Transit,Low,21.7
TRK-103,DRV-803,Ramesh Kumar,Intermodal Container (Ashok Leyland 4220),2026-08-30T19:23:54.206321,13.03257,80.12207,81.5,31.41,28.1,17.05,Low,Clear,94.7,In Transit,Low,20.3
TRK-103,DRV-803,Ramesh Kumar,Intermodal Container (Ashok Leyland 4220),2026-08-30T19:27:54.206321,13.0827,80.2707,85.6,29.03,27.4,0.0,Low,Clear,100.0,Arrived,Low,1.9
TRK-103,DRV-803,Ramesh Kumar,Intermodal Container (Ashok Leyland 4220),2026-08-31T08:11:54.206321,12.9716,77.5946,47.2,34.41,99.1,323.95,High,Clear,0.0,High Risk,High,618.4
TRK-103,DRV-803,Ramesh Kumar,Intermodal Container (Ashok Leyland 4220),2026-08-31T08:15:54.206321,12.86159,77.70461,70.5,37.23,93.2,306.9,High,Clear,5.3,High Risk,High,392.2
TRK-103,DRV-803,Ramesh Kumar,Intermodal Container (Ashok Leyland 4220),2026-08-31T08:19:54.206321,12.75158,77.81462,86.6,32.58,94.1,289.85,Low,Clear,10.5,In Transit,Low,197.5
TRK-103,DRV-803,Ramesh Kumar,Intermodal Container (Ashok Leyland 4220),2026-08-31T08:23:54.206321,12.67283,77.94889,88.2,34.55,85.7,272.8,Low,Clear,15.8,In Transit,Low,183.8
TRK-103,DRV-803,Ramesh Kumar,Intermodal Container (Ashok Leyland 4220),2026-08-31T08:27:54.206321,12.59745,78.08577,90.2,35.06,78.3,255.75,Low,Clear,21.1,In Transit,Low,167.4
TRK-103,DRV-803,Ramesh Kumar,Intermodal Container (Ashok Leyland 4220),2026-08-31T08:31:54.206321,12.52999,78.2232,63.3,33.3,81.7,238.7,Moderate,Clear,26.3,High Risk,High,272.0
TRK-103,DRV-803,Ramesh Kumar,Intermodal Container (Ashok Leyland 4220),2026-08-31T08:35:54.206321,12.58633,78.36926,92.0,35.88,78.7,221.65,Moderate,Clear,31.6,High Risk,High,173.3
TRK-103,DRV-803,Ramesh Kumar,Intermodal Container (Ashok Leyland 4220),2026-08-31T08:39:54.206321,12.64266,78.51532,90.1,29.82,70.6,204.6,Low,Clear,36.8,In Transit,Low,136.2
TRK-103,DRV-803,Ramesh Kumar,Intermodal Container (Ashok Leyland 4220),2026-08-31T08:43:54.206321,12.7015,78.66032,88.5,32.8,70.1,187.55,Low,Clear,42.1,In Transit,Low,124.3
TRK-103,DRV-803,Ramesh Kumar,Intermodal Container (Ashok Leyland 4220),2026-08-31T08:47:54.206321,12.76636,78.80278,62.9,33.85,65.3,170.5,Moderate,Clear,47.4,High Risk,High,195.1
TRK-103,DRV-803,Ramesh Kumar,Intermodal Container (Ashok Leyland 4220),2026-08-31T08:51:54.206321,12.83123,78.94523,73.3,31.74,64.0,153.45,Moderate,Clear,52.6,High Risk,High,151.1
TRK-103,DRV-803,Ramesh Kumar,Intermodal Container (Ashok Leyland 4220),2026-08-31T08:55:54.206321,12.89609,79.08768,82.1,27.02,57.8,136.4,Low,Clear,57.9,In Transit,Low,103.1
TRK-103,DRV-803,Ramesh Kumar,Intermodal Container (Ashok Leyland 4220),2026-08-31T08:59:54.206321,12.92224,79.24002,80.1,28.55,52.0,119.35,Low,Clear,63.2,In Transit,Low,88.1
TRK-103,DRV-803,Ramesh Kumar,Intermodal Container (Ashok Leyland 4220),2026-08-31T09:03:54.206321,12.91164,79.39499,72.0,33.6,48.1,102.3,Moderate,Clear,68.4,In Transit,Moderate,98.3
TRK-103,DRV-803,Ramesh Kumar,Intermodal Container (Ashok Leyland 4220),2026-08-31T09:07:54.206321,12.87345,79.54718,89.3,28.09,43.7,85.25,Low,Clear,73.7,In Transit,Low,54.1
TRK-103,DRV-803,Ramesh Kumar,Intermodal Container (Ashok Leyland 4220),2026-08-31T09:11:54.206321,12.83526,79.69937,66.0,32.38,40.1,68.2,Moderate,Clear,78.9,In Transit,Moderate,72.9
TRK-103,DRV-803,Ramesh Kumar,Intermodal Container (Ashok Leyland 4220),2026-08-31T09:15:54.206321,12.91018,79.83525,87.6,28.54,36.9,51.15,Low,Clear,84.2,In Transit,Low,33.5
TRK-103,DRV-803,Ramesh Kumar,Intermodal Container (Ashok Leyland 4220),2026-08-31T09:19:54.206321,12.98244,79.97344,80.5,32.54,30.3,34.1,Low,Clear,89.5,In Transit,Low,24.9
TRK-103,DRV-803,Ramesh Kumar,Intermodal Container (Ashok Leyland 4220),2026-08-31T09:23:54.206321,13.03257,80.12207,70.1,36.27,27.3,17.05,Moderate,Clear,94.7,In Transit,Low,17.9
TRK-103,DRV-803,Ramesh Kumar,Intermodal Container (Ashok Leyland 4220),2026-08-31T09:27:54.206321,13.0827,80.2707,58.5,36.65,24.4,0.0,High,Clear,100.0,In Transit,Moderate,2.8
TRK-103,DRV-803,Ramesh Kumar,Intermodal Container (Ashok Leyland 4220),2026-08-31T22:11:54.206321,12.9716,77.5946,56.4,35.93,100.6,323.95,High,Clear,0.0,High Risk,High,516.0
TRK-103,DRV-803,Ramesh Kumar,Intermodal Container (Ashok Leyland 4220),2026-08-31T22:15:54.206321,12.86159,77.70461,92.3,31.29,95.5,306.9,Low,Clear,5.3,In Transit,Low,201.4
TRK-103,DRV-803,Ramesh Kumar,Intermodal Container (Ashok Leyland 4220),2026-08-31T22:19:54.206321,12.75158,77.81462,41.3,46.33,90.7,289.85,Severe,Clear,10.5,High Risk,High,837.9
TRK-103,DRV-803,Ramesh Kumar,Intermodal Container (Ashok Leyland 4220),2026-08-31T22:23:54.206321,12.67283,77.94889,67.1,34.53,88.3,272.8,Moderate,Clear,15.8,High Risk,High,294.3
TRK-103,DRV-803,Ramesh Kumar,Intermodal Container (Ashok Leyland 4220),2026-08-31T22:27:54.206321,12.59745,78.08577,63.2,36.53,84.7,255.75,High,Clear,21.1,High Risk,High,367.8
TRK-103,DRV-803,Ramesh Kumar,Intermodal Container (Ashok Leyland 4220),2026-08-31T22:31:54.206321,12.52999,78.2232,54.8,37.52,80.8,238.7,High,Clear,26.3,High Risk,High,391.3
TRK-103,DRV-803,Ramesh Kumar,Intermodal Container (Ashok Leyland 4220),2026-08-31T22:35:54.206321,12.58633,78.36926,61.8,31.55,79.1,221.65,Moderate,Clear,31.6,High Risk,High,257.2
TRK-103,DRV-803,Ramesh Kumar,Intermodal Container (Ashok Leyland 4220),2026-08-31T22:39:54.206321,12.64266,78.51532,76.7,31.92,72.1,204.6,Moderate,Clear,36.8,High Risk,High,195.3
TRK-103,DRV-803,Ramesh Kumar,Intermodal Container (Ashok Leyland 4220),2026-08-31T22:43:54.206321,12.7015,78.66032,85.7,31.11,67.5,187.55,Low,Clear,42.1,In Transit,Low,134.9
TRK-103,DRV-803,Ramesh Kumar,Intermodal Container (Ashok Leyland 4220),2026-08-31T22:47:54.206321,12.76636,78.80278,84.9,34.37,61.9,170.5,Moderate,Clear,47.4,In Transit,Moderate,141.4
TRK-103,DRV-803,Ramesh Kumar,Intermodal Container (Ashok Leyland 4220),2026-08-31T22:51:54.206321,12.83123,78.94523,93.9,32.07,65.6,153.45,Low,Clear,52.6,In Transit,Low,102.7
TRK-103,DRV-803,Ramesh Kumar,Intermodal Container (Ashok Leyland 4220),2026-08-31T22:55:54.206321,12.89609,79.08768,77.4,30.96,57.1,136.4,Low,Clear,57.9,In Transit,Low,101.8
TRK-103,DRV-803,Ramesh Kumar,Intermodal Container (Ashok Leyland 4220),2026-08-31T22:59:54.206321,12.92224,79.24002,84.6,27.9,48.9,119.35,Low,Clear,63.2,In Transit,Low,82.8
TRK-103,DRV-803,Ramesh Kumar,Intermodal Container (Ashok Leyland 4220),2026-08-31T23:03:54.206321,12.91164,79.39499,43.8,46.41,50.2,102.3,Severe,Clear,68.4,High Risk,High,279.8
TRK-103,DRV-803,Ramesh Kumar,Intermodal Container (Ashok Leyland 4220),2026-08-31T23:07:54.206321,12.87345,79.54718,85.7,30.94,44.9,85.25,Low,Clear,73.7,In Transit,Low,63.1
TRK-103,DRV-803,Ramesh Kumar,Intermodal Container (Ashok Leyland 4220),2026-08-31T23:11:54.206321,12.83526,79.69937,66.4,30.51,45.6,68.2,Moderate,Clear,78.9,In Transit,Moderate,74.8
TRK-103,DRV-803,Ramesh Kumar,Intermodal Container (Ashok Leyland 4220),2026-08-31T23:15:54.206321,12.91018,79.83525,56.1,37.49,37.1,51.15,High,Clear,84.2,High Risk,High,87.2
TRK-103,DRV-803,Ramesh Kumar,Intermodal Container (Ashok Leyland 4220),2026-08-31T23:19:54.206321,12.98244,79.97344,94.7,31.65,31.6,34.1,Low,Clear,89.5,In Transit,Low,26.5
TRK-103,DRV-803,Ramesh Kumar,Intermodal Container (Ashok Leyland 4220),2026-08-31T23:23:54.206321,13.03257,80.12207,98.8,31.9,29.3,17.05,Low,Clear,94.7,In Transit,Low,8.9
TRK-103,DRV-803,Ramesh Kumar,Intermodal Container (Ashok Leyland 4220),2026-08-31T23:27:54.206321,13.0827,80.2707,96.6,29.24,24.2,0.0,Low,Clear,100.0,Arrived,Low,0.5
TRK-103,DRV-803,Ramesh Kumar,Intermodal Container (Ashok Leyland 4220),2026-09-01T12:11:54.206321,12.9716,77.5946,38.4,40.69,100.7,323.95,High,Fog,0.0,Delayed,High,1025.6
TRK-103,DRV-803,Ramesh Kumar,Intermodal Container (Ashok Leyland 4220),2026-09-01T12:15:54.206321,12.86159,77.70461,60.1,37.17,94.4,306.9,Moderate,Fog,5.3,High Risk,High,499.4
TRK-103,DRV-803,Ramesh Kumar,Intermodal Container (Ashok Leyland 4220),2026-09-01T12:19:54.206321,12.75158,77.81462,55.5,42.12,92.6,289.85,High,Fog,10.5,High Risk,High,640.9
TRK-103,DRV-803,Ramesh Kumar,Intermodal Container (Ashok Leyland 4220),2026-09-01T12:23:54.206321,12.67283,77.94889,57.7,36.7,90.3,272.8,Moderate,Fog,15.8,High Risk,High,464.3
TRK-103,DRV-803,Ramesh Kumar,Intermodal Container (Ashok Leyland 4220),2026-09-01T12:27:54.206321,12.59745,78.08577,57.6,37.34,87.2,255.75,Moderate,Fog,21.1,High Risk,High,434.2
TRK-103,DRV-803,Ramesh Kumar,Intermodal Container (Ashok Leyland 4220),2026-09-01T12:31:54.206321,12.52999,78.2232,47.7,39.43,77.5,238.7,High,Fog,26.3,High Risk,High,605.0
TRK-103,DRV-803,Ramesh Kumar,Intermodal Container (Ashok Leyland 4220),2026-09-01T12:35:54.206321,12.58633,78.36926,58.5,35.56,77.2,221.65,Moderate,Fog,31.6,High Risk,High,362.5
TRK-103,DRV-803,Ramesh Kumar,Intermodal Container (Ashok Leyland 4220),2026-09-01T12:39:54.206321,12.64266,78.51532,76.5,30.92,71.4,204.6,Low,Fog,36.8,High Risk,High,213.2
TRK-103,DRV-803,Ramesh Kumar,Intermodal Container (Ashok Leyland 4220),2026-09-01T12:43:54.206321,12.7015,78.66032,73.5,32.06,67.7,187.55,Low,Fog,42.1,High Risk,High,213.7
TRK-103,DRV-803,Ramesh Kumar,Intermodal Container (Ashok Leyland 4220),2026-09-01T12:47:54.206321,12.76636,78.80278,75.9,32.15,63.6,170.5,Low,Fog,47.4,High Risk,High,184.8
TRK-103,DRV-803,Ramesh Kumar,Intermodal Container (Ashok Leyland 4220),2026-09-01T12:51:54.206321,12.83123,78.94523,40.6,38.85,66.9,153.45,High,Fog,52.6,High Risk,High,463.7
TRK-103,DRV-803,Ramesh Kumar,Intermodal Container (Ashok Leyland 4220),2026-09-01T12:55:54.206321,12.89609,79.08768,67.5,36.86,53.7,136.4,Moderate,Fog,57.9,High Risk,High,196.6
TRK-103,DRV-803,Ramesh Kumar,Intermodal Container (Ashok Leyland 4220),2026-09-01T12:59:54.206321,12.92224,79.24002,79.6,35.85,54.3,119.35,Low,Fog,63.2,High Risk,High,121.9
TRK-103,DRV-803,Ramesh Kumar,Intermodal Container (Ashok Leyland 4220),2026-09-01T13:03:54.206321,12.91164,79.39499,60.3,42.81,47.3,102.3,High,Fog,68.4,High Risk,High,200.4
TRK-103,DRV-803,Ramesh Kumar,Intermodal Container (Ashok Leyland 4220),2026-09-01T13:07:54.206321,12.87345,79.54718,58.3,39.3,42.2,85.25,Moderate,Fog,73.7,High Risk,High,143.9
TRK-103,DRV-803,Ramesh Kumar,Intermodal Container (Ashok Leyland 4220),2026-09-01T13:11:54.206321,12.83526,79.69937,65.7,36.57,39.2,68.2,Moderate,Fog,78.9,High Risk,High,102.9
TRK-103,DRV-803,Ramesh Kumar,Intermodal Container (Ashok Leyland 4220),2026-09-01T13:15:54.206321,12.91018,79.83525,30.0,49.85,39.2,51.15,Severe,Fog,84.2,Delayed,High,273.1
TRK-103,DRV-803,Ramesh Kumar,Intermodal Container (Ashok Leyland 4220),2026-09-01T13:19:54.206321,12.98244,79.97344,29.6,48.19,31.0,34.1,Severe,Fog,89.5,Delayed,High,185.4
TRK-103,DRV-803,Ramesh Kumar,Intermodal Container (Ashok Leyland 4220),2026-09-01T13:23:54.206321,13.03257,80.12207,44.6,41.5,28.4,17.05,High,Fog,94.7,High Risk,High,48.9
TRK-103,DRV-803,Ramesh Kumar,Intermodal Container (Ashok Leyland 4220),2026-09-01T13:27:54.206321,13.0827,80.2707,78.2,34.56,24.7,0.0,Low,Fog,100.0,Arrived,Low,0.5
TRK-103,DRV-803,Ramesh Kumar,Intermodal Container (Ashok Leyland 4220),2026-09-02T02:11:54.206321,12.9716,77.5946,87.0,26.98,100.9,323.95,Low,Clear,0.0,In Transit,Low,220.5
TRK-103,DRV-803,Ramesh Kumar,Intermodal Container (Ashok Leyland 4220),2026-09-02T02:15:54.206321,12.86159,77.70461,68.6,33.51,92.4,306.9,Moderate,Clear,5.3,High Risk,High,319.9
TRK-103,DRV-803,Ramesh Kumar,Intermodal Container (Ashok Leyland 4220),2026-09-02T02:19:54.206321,12.75158,77.81462,80.4,32.51,95.7,289.85,Moderate,Clear,10.5,High Risk,High,258.3
TRK-103,DRV-803,Ramesh Kumar,Intermodal Container (Ashok Leyland 4220),2026-09-02T02:23:54.206321,12.67283,77.94889,51.8,42.9,85.8,272.8,Severe,Clear,15.8,High Risk,High,634.8
TRK-103,DRV-803,Ramesh Kumar,Intermodal Container (Ashok Leyland 4220),2026-09-02T02:27:54.206321,12.59745,78.08577,50.8,37.28,82.0,255.75,High,Clear,21.1,High Risk,High,449.8
TRK-103,DRV-803,Ramesh Kumar,Intermodal Container (Ashok Leyland 4220),2026-09-02T02:31:54.206321,12.52999,78.2232,73.5,32.23,77.1,238.7,Moderate,Clear,26.3,High Risk,High,228.6
TRK-103,DRV-803,Ramesh Kumar,Intermodal Container (Ashok Leyland 4220),2026-09-02T02:35:54.206321,12.58633,78.36926,41.1,42.59,77.0,221.65,Severe,Clear,31.6,High Risk,High,649.0
TRK-103,DRV-803,Ramesh Kumar,Intermodal Container (Ashok Leyland 4220),2026-09-02T02:39:54.206321,12.64266,78.51532,48.1,46.46,73.1,204.6,Severe,Clear,36.8,High Risk,High,512.2
TRK-103,DRV-803,Ramesh Kumar,Intermodal Container (Ashok Leyland 4220),2026-09-02T02:43:54.206321,12.7015,78.66032,61.7,35.08,66.3,187.55,High,Clear,42.1,High Risk,High,272.2
TRK-103,DRV-803,Ramesh Kumar,Intermodal Container (Ashok Leyland 4220),2026-09-02T02:47:54.206321,12.76636,78.80278,69.3,31.98,63.9,170.5,Moderate,Clear,47.4,High Risk,High,181.6
TRK-103,DRV-803,Ramesh Kumar,Intermodal Container (Ashok Leyland 4220),2026-09-02T02:51:54.206321,12.83123,78.94523,86.7,33.11,60.6,153.45,Low,Clear,52.6,In Transit,Low,107.9
TRK-103,DRV-803,Ramesh Kumar,Intermodal Container (Ashok Leyland 4220),2026-09-02T02:55:54.206321,12.89609,79.08768,27.9,45.19,61.5,136.4,Severe,Clear,57.9,Delayed,High,584.6
TRK-103,DRV-803,Ramesh Kumar,Intermodal Container (Ashok Leyland 4220),2026-09-02T02:59:54.206321,12.92224,79.24002,75.2,31.8,52.5,119.35,Moderate,Clear,63.2,In Transit,Moderate,111.7
TRK-103,DRV-803,Ramesh Kumar,Intermodal Container (Ashok Leyland 4220),2026-09-02T03:03:54.206321,12.91164,79.39499,89.5,29.11,48.4,102.3,Low,Clear,68.4,In Transit,Low,69.5
TRK-103,DRV-803,Ramesh Kumar,Intermodal Container (Ashok Leyland 4220),2026-09-02T03:07:54.206321,12.87345,79.54718,75.1,35.25,43.8,85.25,Moderate,Clear,73.7,In Transit,Moderate,79.6
TRK-103,DRV-803,Ramesh Kumar,Intermodal Container (Ashok Leyland 4220),2026-09-02T03:11:54.206321,12.83526,79.69937,73.6,31.18,45.4,68.2,Moderate,Clear,78.9,In Transit,Moderate,69.6
TRK-103,DRV-803,Ramesh Kumar,Intermodal Container (Ashok Leyland 4220),2026-09-02T03:15:54.206321,12.91018,79.83525,93.3,34.16,35.4,51.15,Low,Clear,84.2,In Transit,Low,37.0
TRK-103,DRV-803,Ramesh Kumar,Intermodal Container (Ashok Leyland 4220),2026-09-02T03:19:54.206321,12.98244,79.97344,83.7,32.6,33.1,34.1,Low,Clear,89.5,In Transit,Low,28.4
TRK-103,DRV-803,Ramesh Kumar,Intermodal Container (Ashok Leyland 4220),2026-09-02T03:23:54.206321,13.03257,80.12207,82.8,29.88,28.3,17.05,Low,Clear,94.7,In Transit,Low,9.8
TRK-103,DRV-803,Ramesh Kumar,Intermodal Container (Ashok Leyland 4220),2026-09-02T03:27:54.206321,13.0827,80.2707,59.6,37.03,23.8,0.0,High,Clear,100.0,In Transit,Moderate,4.9
TRK-103,DRV-803,Ramesh Kumar,Intermodal Container (Ashok Leyland 4220),2026-09-02T16:11:54.206321,12.9716,77.5946,65.0,30.86,99.0,323.95,Moderate,Clear,0.0,High Risk,High,356.5
TRK-103,DRV-803,Ramesh Kumar,Intermodal Container (Ashok Leyland 4220),2026-09-02T16:15:54.206321,12.86159,77.70461,67.2,35.48,94.4,306.9,Moderate,Clear,5.3,High Risk,High,327.3
TRK-103,DRV-803,Ramesh Kumar,Intermodal Container (Ashok Leyland 4220),2026-09-02T16:19:54.206321,12.75158,77.81462,51.7,37.95,92.3,289.85,High,Clear,10.5,High Risk,High,498.3
TRK-103,DRV-803,Ramesh Kumar,Intermodal Container (Ashok Leyland 4220),2026-09-02T16:23:54.206321,12.67283,77.94889,77.1,32.1,88.0,272.8,Moderate,Clear,15.8,High Risk,High,250.4
TRK-103,DRV-803,Ramesh Kumar,Intermodal Container (Ashok Leyland 4220),2026-09-02T16:27:54.206321,12.59745,78.08577,68.0,30.41,86.0,255.75,Moderate,Clear,21.1,High Risk,High,272.1
TRK-103,DRV-803,Ramesh Kumar,Intermodal Container (Ashok Leyland 4220),2026-09-02T16:31:54.206321,12.52999,78.2232,68.4,31.96,81.0,238.7,Moderate,Clear,26.3,High Risk,High,249.1
TRK-103,DRV-803,Ramesh Kumar,Intermodal Container (Ashok Leyland 4220),2026-09-02T16:35:54.206321,12.58633,78.36926,79.8,32.51,74.4,221.65,Low,Clear,31.6,In Transit,Low,174.0
TRK-103,DRV-803,Ramesh Kumar,Intermodal Container (Ashok Leyland 4220),2026-09-02T16:39:54.206321,12.64266,78.51532,56.7,36.9,70.3,204.6,High,Clear,36.8,High Risk,High,321.8
TRK-103,DRV-803,Ramesh Kumar,Intermodal Container (Ashok Leyland 4220),2026-09-02T16:43:54.206321,12.7015,78.66032,87.1,28.97,67.5,187.55,Low,Clear,42.1,In Transit,Low,129.2
TRK-103,DRV-803,Ramesh Kumar,Intermodal Container (Ashok Leyland 4220),2026-09-02T16:47:54.206321,12.76636,78.80278,64.8,34.64,64.6,170.5,Moderate,Clear,47.4,High Risk,High,191.8
TRK-103,DRV-803,Ramesh Kumar,Intermodal Container (Ashok Leyland 4220),2026-09-02T16:51:54.206321,12.83123,78.94523,45.3,45.35,60.1,153.45,Severe,Clear,52.6,High Risk,High,406.6
TRK-103,DRV-803,Ramesh Kumar,Intermodal Container (Ashok Leyland 4220),2026-09-02T16:55:54.206321,12.89609,79.08768,87.7,31.57,61.5,136.4,Low,Clear,57.9,In Transit,Low,95.2
TRK-103,DRV-803,Ramesh Kumar,Intermodal Container (Ashok Leyland 4220),2026-09-02T16:59:54.206321,12.92224,79.24002,54.2,39.81,49.0,119.35,High,Clear,63.2,High Risk,High,205.2
TRK-103,DRV-803,Ramesh Kumar,Intermodal Container (Ashok Leyland 4220),2026-09-02T17:03:54.206321,12.91164,79.39499,67.0,34.8,46.7,102.3,Moderate,Clear,68.4,In Transit,Moderate,113.2
TRK-103,DRV-803,Ramesh Kumar,Intermodal Container (Ashok Leyland 4220),2026-09-02T17:07:54.206321,12.87345,79.54718,76.1,32.46,46.5,85.25,Moderate,Clear,73.7,In Transit,Moderate,82.1
TRK-103,DRV-803,Ramesh Kumar,Intermodal Container (Ashok Leyland 4220),2026-09-02T17:11:54.206321,12.83526,79.69937,88.8,31.83,44.9,68.2,Low,Clear,78.9,In Transit,Low,49.8
TRK-103,DRV-803,Ramesh Kumar,Intermodal Container (Ashok Leyland 4220),2026-09-02T17:15:54.206321,12.91018,79.83525,61.6,33.65,35.3,51.15,Moderate,Clear,84.2,In Transit,Low,58.1
TRK-103,DRV-803,Ramesh Kumar,Intermodal Container (Ashok Leyland 4220),2026-09-02T17:19:54.206321,12.98244,79.97344,95.4,29.51,32.5,34.1,Low,Clear,89.5,In Transit,Low,30.1
TRK-103,DRV-803,Ramesh Kumar,Intermodal Container (Ashok Leyland 4220),2026-09-02T17:23:54.206321,13.03257,80.12207,40.2,45.82,26.3,17.05,Severe,Clear,94.7,High Risk,High,53.6
TRK-103,DRV-803,Ramesh Kumar,Intermodal Container (Ashok Leyland 4220),2026-09-02T17:27:54.206321,13.0827,80.2707,101.2,30.24,21.6,0.0,Low,Clear,100.0,Arrived,Low,7.5
TRK-103,DRV-803,Ramesh Kumar,Intermodal Container (Ashok Leyland 4220),2026-09-03T06:11:54.206321,12.9716,77.5946,29.6,46.71,98.6,323.95,Severe,Clear,0.0,Delayed,High,1316.3
TRK-103,DRV-803,Ramesh Kumar,Intermodal Container (Ashok Leyland 4220),2026-09-03T06:15:54.206321,12.86159,77.70461,43.2,39.69,96.6,306.9,High,Clear,5.3,High Risk,High,639.6
TRK-103,DRV-803,Ramesh Kumar,Intermodal Container (Ashok Leyland 4220),2026-09-03T06:19:54.206321,12.75158,77.81462,56.8,37.52,90.5,289.85,High,Clear,10.5,High Risk,High,454.3
TRK-103,DRV-803,Ramesh Kumar,Intermodal Container (Ashok Leyland 4220),2026-09-03T06:23:54.206321,12.67283,77.94889,49.1,40.03,87.2,272.8,High,Clear,15.8,High Risk,High,499.4
TRK-103,DRV-803,Ramesh Kumar,Intermodal Container (Ashok Leyland 4220),2026-09-03T06:27:54.206321,12.59745,78.08577,61.8,35.51,80.7,255.75,Moderate,Clear,21.1,High Risk,High,299.5
TRK-103,DRV-803,Ramesh Kumar,Intermodal Container (Ashok Leyland 4220),2026-09-03T06:31:54.206321,12.52999,78.2232,60.5,35.8,79.8,238.7,High,Clear,26.3,High Risk,High,358.4
TRK-103,DRV-803,Ramesh Kumar,Intermodal Container (Ashok Leyland 4220),2026-09-03T06:35:54.206321,12.58633,78.36926,72.3,35.65,76.2,221.65,Moderate,Clear,31.6,High Risk,High,219.5
TRK-103,DRV-803,Ramesh Kumar,Intermodal Container (Ashok Leyland 4220),2026-09-03T06:39:54.206321,12.64266,78.51532,82.0,29.77,72.9,204.6,Low,Clear,36.8,In Transit,Low,152.9
TRK-103,DRV-803,Ramesh Kumar,Intermodal Container (Ashok Leyland 4220),2026-09-03T06:43:54.206321,12.7015,78.66032,58.2,33.35,68.8,187.55,Moderate,Clear,42.1,High Risk,High,227.3
TRK-103,DRV-803,Ramesh Kumar,Intermodal Container (Ashok Leyland 4220),2026-09-03T06:47:54.206321,12.76636,78.80278,62.1,37.14,63.5,170.5,Moderate,Clear,47.4,High Risk,High,193.8
TRK-103,DRV-803,Ramesh Kumar,Intermodal Container (Ashok Leyland 4220),2026-09-03T06:51:54.206321,12.83123,78.94523,39.5,38.48,62.4,153.45,High,Clear,52.6,Delayed,High,346.5
TRK-103,DRV-803,Ramesh Kumar,Intermodal Container (Ashok Leyland 4220),2026-09-03T06:55:54.206321,12.89609,79.08768,82.6,29.33,58.1,136.4,Low,Clear,57.9,In Transit,Low,95.6
TRK-103,DRV-803,Ramesh Kumar,Intermodal Container (Ashok Leyland 4220),2026-09-03T06:59:54.206321,12.92224,79.24002,83.4,27.23,53.3,119.35,Low,Clear,63.2,In Transit,Low,78.3
TRK-103,DRV-803,Ramesh Kumar,Intermodal Container (Ashok Leyland 4220),2026-09-03T07:03:54.206321,12.91164,79.39499,87.7,29.55,47.2,102.3,Low,Clear,68.4,In Transit,Low,67.3
TRK-103,DRV-803,Ramesh Kumar,Intermodal Container (Ashok Leyland 4220),2026-09-03T07:07:54.206321,12.87345,79.54718,45.5,38.56,46.0,85.25,High,Clear,73.7,High Risk,High,175.9
TRK-103,DRV-803,Ramesh Kumar,Intermodal Container (Ashok Leyland 4220),2026-09-03T07:11:54.206321,12.83526,79.69937,61.9,37.65,41.9,68.2,High,Clear,78.9,High Risk,High,102.4
TRK-103,DRV-803,Ramesh Kumar,Intermodal Container (Ashok Leyland 4220),2026-09-03T07:15:54.206321,12.91018,79.83525,90.7,29.3,35.7,51.15,Low,Clear,84.2,In Transit,Low,30.5
TRK-103,DRV-803,Ramesh Kumar,Intermodal Container (Ashok Leyland 4220),2026-09-03T07:19:54.206321,12.98244,79.97344,75.2,31.4,37.5,34.1,Moderate,Clear,89.5,In Transit,Low,36.3
TRK-103,DRV-803,Ramesh Kumar,Intermodal Container (Ashok Leyland 4220),2026-09-03T07:23:54.206321,13.03257,80.12207,76.9,32.87,30.9,17.05,Moderate,Clear,94.7,In Transit,Low,15.7
TRK-103,DRV-803,Ramesh Kumar,Intermodal Container (Ashok Leyland 4220),2026-09-03T07:27:54.206321,13.0827,80.2707,72.2,35.61,24.5,0.0,Moderate,Clear,100.0,Arrived,Low,0.9
TRK-103,DRV-803,Ramesh Kumar,Intermodal Container (Ashok Leyland 4220),2026-09-03T20:11:54.206321,12.9716,77.5946,80.2,31.01,101.5,323.95,Low,Clear,0.0,In Transit,Low,237.7
TRK-103,DRV-803,Ramesh Kumar,Intermodal Container (Ashok Leyland 4220),2026-09-03T20:15:54.206321,12.86159,77.70461,40.2,45.15,99.2,306.9,Severe,Clear,5.3,High Risk,High,921.6
TRK-103,DRV-803,Ramesh Kumar,Intermodal Container (Ashok Leyland 4220),2026-09-03T20:19:54.206321,12.75158,77.81462,41.3,46.18,94.4,289.85,Severe,Clear,10.5,High Risk,High,841.3
TRK-103,DRV-803,Ramesh Kumar,Intermodal Container (Ashok Leyland 4220),2026-09-03T20:23:54.206321,12.67283,77.94889,84.0,31.54,86.8,272.8,Low,Clear,15.8,In Transit,Low,196.0
TRK-103,DRV-803,Ramesh Kumar,Intermodal Container (Ashok Leyland 4220),2026-09-03T20:27:54.206321,12.59745,78.08577,66.5,37.11,81.7,255.75,Moderate,Clear,21.1,High Risk,High,274.3
TRK-103,DRV-803,Ramesh Kumar,Intermodal Container (Ashok Leyland 4220),2026-09-03T20:31:54.206321,12.52999,78.2232,98.0,31.42,79.1,238.7,Low,Clear,26.3,In Transit,Low,146.1
TRK-103,DRV-803,Ramesh Kumar,Intermodal Container (Ashok Leyland 4220),2026-09-03T20:35:54.206321,12.58633,78.36926,67.7,33.33,77.8,221.65,Moderate,Clear,31.6,High Risk,High,242.1
TRK-103,DRV-803,Ramesh Kumar,Intermodal Container (Ashok Leyland 4220),2026-09-03T20:39:54.206321,12.64266,78.51532,59.6,40.66,73.9,204.6,High,Clear,36.8,High Risk,High,311.5
TRK-103,DRV-803,Ramesh Kumar,Intermodal Container (Ashok Leyland 4220),2026-09-03T20:43:54.206321,12.7015,78.66032,68.6,33.48,67.2,187.55,Moderate,Clear,42.1,High Risk,High,191.1
TRK-103,DRV-803,Ramesh Kumar,Intermodal Container (Ashok Leyland 4220),2026-09-03T20:47:54.206321,12.76636,78.80278,66.1,33.42,64.5,170.5,Moderate,Clear,47.4,High Risk,High,190.9
TRK-103,DRV-803,Ramesh Kumar,Intermodal Container (Ashok Leyland 4220),2026-09-03T20:51:54.206321,12.83123,78.94523,85.1,31.77,59.9,153.45,Low,Clear,52.6,In Transit,Low,104.6
TRK-103,DRV-803,Ramesh Kumar,Intermodal Container (Ashok Leyland 4220),2026-09-03T20:55:54.206321,12.89609,79.08768,81.9,31.47,55.0,136.4,Low,Clear,57.9,In Transit,Low,94.5
TRK-103,DRV-803,Ramesh Kumar,Intermodal Container (Ashok Leyland 4220),2026-09-03T20:59:54.206321,12.92224,79.24002,83.0,30.56,53.1,119.35,Low,Clear,63.2,In Transit,Low,87.8
TRK-103,DRV-803,Ramesh Kumar,Intermodal Container (Ashok Leyland 4220),2026-09-03T21:03:54.206321,12.91164,79.39499,83.4,29.99,51.8,102.3,Low,Clear,68.4,In Transit,Low,72.9
TRK-103,DRV-803,Ramesh Kumar,Intermodal Container (Ashok Leyland 4220),2026-09-03T21:07:54.206321,12.87345,79.54718,79.9,32.61,47.0,85.25,Moderate,Clear,73.7,In Transit,Moderate,83.3
TRK-103,DRV-803,Ramesh Kumar,Intermodal Container (Ashok Leyland 4220),2026-09-03T21:11:54.206321,12.83526,79.69937,77.5,33.68,41.4,68.2,Moderate,Clear,78.9,In Transit,Moderate,67.6
TRK-103,DRV-803,Ramesh Kumar,Intermodal Container (Ashok Leyland 4220),2026-09-03T21:15:54.206321,12.91018,79.83525,52.7,33.15,35.8,51.15,Moderate,Clear,84.2,In Transit,Moderate,71.7
TRK-103,DRV-803,Ramesh Kumar,Intermodal Container (Ashok Leyland 4220),2026-09-03T21:19:54.206321,12.98244,79.97344,94.8,30.12,34.9,34.1,Low,Clear,89.5,In Transit,Low,21.1
TRK-103,DRV-803,Ramesh Kumar,Intermodal Container (Ashok Leyland 4220),2026-09-03T21:23:54.206321,13.03257,80.12207,68.0,33.6,30.0,17.05,Low,Clear,94.7,In Transit,Low,8.6
TRK-103,DRV-803,Ramesh Kumar,Intermodal Container (Ashok Leyland 4220),2026-09-03T21:27:54.206321,13.0827,80.2707,65.7,34.07,27.1,0.0,Moderate,Clear,100.0,Arrived,Low,0.5
TRK-103,DRV-803,Ramesh Kumar,Intermodal Container (Ashok Leyland 4220),2026-09-04T10:11:54.206321,12.9716,77.5946,56.2,39.15,100.2,323.95,Moderate,Fog,0.0,High Risk,High,562.1
TRK-103,DRV-803,Ramesh Kumar,Intermodal Container (Ashok Leyland 4220),2026-09-04T10:15:54.206321,12.86159,77.70461,63.3,32.94,96.5,306.9,Moderate,Fog,5.3,High Risk,High,465.6
TRK-103,DRV-803,Ramesh Kumar,Intermodal Container (Ashok Leyland 4220),2026-09-04T10:19:54.206321,12.75158,77.81462,37.6,46.28,94.0,289.85,Severe,Fog,10.5,Delayed,High,1243.5
TRK-103,DRV-803,Ramesh Kumar,Intermodal Container (Ashok Leyland 4220),2026-09-04T10:23:54.206321,12.67283,77.94889,77.0,33.27,86.9,272.8,Low,Fog,15.8,High Risk,High,285.7
TRK-103,DRV-803,Ramesh Kumar,Intermodal Container (Ashok Leyland 4220),2026-09-04T10:27:54.206321,12.59745,78.08577,74.4,35.26,85.1,255.75,Low,Fog,21.1,High Risk,High,275.5
TRK-103,DRV-803,Ramesh Kumar,Intermodal Container (Ashok Leyland 4220),2026-09-04T10:31:54.206321,12.52999,78.2232,60.3,37.5,79.1,238.7,Moderate,Fog,26.3,High Risk,High,379.8
TRK-103,DRV-803,Ramesh Kumar,Intermodal Container (Ashok Leyland 4220),2026-09-04T10:35:54.206321,12.58633,78.36926,59.7,35.76,78.5,221.65,Moderate,Fog,31.6,High Risk,High,354.7
TRK-103,DRV-803,Ramesh Kumar,Intermodal Container (Ashok Leyland 4220),2026-09-04T10:39:54.206321,12.64266,78.51532,69.6,33.22,73.6,204.6,Low,Fog,36.8,High Risk,High,234.5
TRK-103,DRV-803,Ramesh Kumar,Intermodal Container (Ashok Leyland 4220),2026-09-04T10:43:54.206321,12.7015,78.66032,79.0,32.77,68.4,187.55,Low,Fog,42.1,High Risk,High,191.0
TRK-103,DRV-803,Ramesh Kumar,Intermodal Container (Ashok Leyland 4220),2026-09-04T10:47:54.206321,12.76636,78.80278,35.8,47.61,64.5,170.5,Severe,Fog,47.4,Delayed,High,772.5
TRK-103,DRV-803,Ramesh Kumar,Intermodal Container (Ashok Leyland 4220),2026-09-04T10:51:54.206321,12.83123,78.94523,73.5,35.78,61.1,153.45,Low,Fog,52.6,High Risk,High,167.0
TRK-103,DRV-803,Ramesh Kumar,Intermodal Container (Ashok Leyland 4220),2026-09-04T10:55:54.206321,12.89609,79.08768,76.6,31.92,55.5,136.4,Low,Fog,57.9,High Risk,High,141.6
TRK-103,DRV-803,Ramesh Kumar,Intermodal Container (Ashok Leyland 4220),2026-09-04T10:59:54.206321,12.92224,79.24002,73.1,39.39,53.9,119.35,Moderate,Fog,63.2,High Risk,High,158.4
TRK-103,DRV-803,Ramesh Kumar,Intermodal Container (Ashok Leyland 4220),2026-09-04T11:03:54.206321,12.91164,79.39499,58.4,40.77,48.3,102.3,High,Fog,68.4,High Risk,High,219.5
TRK-103,DRV-803,Ramesh Kumar,Intermodal Container (Ashok Leyland 4220),2026-09-04T11:07:54.206321,12.87345,79.54718,69.6,34.48,44.3,85.25,Low,Fog,73.7,High Risk,High,102.7
TRK-103,DRV-803,Ramesh Kumar,Intermodal Container (Ashok Leyland 4220),2026-09-04T11:11:54.206321,12.83526,79.69937,68.8,35.94,41.7,68.2,Low,Fog,78.9,In Transit,Moderate,73.0
TRK-103,DRV-803,Ramesh Kumar,Intermodal Container (Ashok Leyland 4220),2026-09-04T11:15:54.206321,12.91018,79.83525,81.0,32.53,39.0,51.15,Low,Fog,84.2,In Transit,Moderate,55.3
TRK-103,DRV-803,Ramesh Kumar,Intermodal Container (Ashok Leyland 4220),2026-09-04T11:19:54.206321,12.98244,79.97344,45.4,45.43,32.8,34.1,Severe,Fog,89.5,High Risk,High,121.6
TRK-103,DRV-803,Ramesh Kumar,Intermodal Container (Ashok Leyland 4220),2026-09-04T11:23:54.206321,13.03257,80.12207,73.5,33.94,27.7,17.05,Low,Fog,94.7,In Transit,Moderate,27.9
TRK-103,DRV-803,Ramesh Kumar,Intermodal Container (Ashok Leyland 4220),2026-09-04T11:27:54.206321,13.0827,80.2707,67.6,28.73,23.2,0.0,Low,Fog,100.0,Arrived,Low,0.5
TRK-103,DRV-803,Ramesh Kumar,Intermodal Container (Ashok Leyland 4220),2026-09-05T00:11:54.206321,12.9716,77.5946,53.1,40.75,101.2,323.95,High,Clear,0.0,High Risk,High,544.1
TRK-103,DRV-803,Ramesh Kumar,Intermodal Container (Ashok Leyland 4220),2026-09-05T00:15:54.206321,12.86159,77.70461,79.0,36.52,96.8,306.9,Moderate,Clear,5.3,High Risk,High,278.1
TRK-103,DRV-803,Ramesh Kumar,Intermodal Container (Ashok Leyland 4220),2026-09-05T00:19:54.206321,12.75158,77.81462,87.1,34.22,91.9,289.85,Low,Clear,10.5,In Transit,Low,198.7
TRK-103,DRV-803,Ramesh Kumar,Intermodal Container (Ashok Leyland 4220),2026-09-05T00:23:54.206321,12.67283,77.94889,97.7,30.82,88.6,272.8,Low,Clear,15.8,In Transit,Low,172.5
TRK-103,DRV-803,Ramesh Kumar,Intermodal Container (Ashok Leyland 4220),2026-09-05T00:27:54.206321,12.59745,78.08577,67.8,35.49,85.3,255.75,Moderate,Clear,21.1,High Risk,High,268.8
TRK-103,DRV-803,Ramesh Kumar,Intermodal Container (Ashok Leyland 4220),2026-09-05T00:31:54.206321,12.52999,78.2232,83.8,28.14,77.2,238.7,Low,Clear,26.3,In Transit,Low,168.5
TRK-103,DRV-803,Ramesh Kumar,Intermodal Container (Ashok Leyland 4220),2026-09-05T00:35:54.206321,12.58633,78.36926,45.8,46.48,71.3,221.65,Severe,Clear,31.6,High Risk,High,578.7
TRK-103,DRV-803,Ramesh Kumar,Intermodal Container (Ashok Leyland 4220),2026-09-05T00:39:54.206321,12.64266,78.51532,73.5,30.79,74.3,204.6,Low,Clear,36.8,In Transit,Low,168.4
TRK-103,DRV-803,Ramesh Kumar,Intermodal Container (Ashok Leyland 4220),2026-09-05T00:43:54.206321,12.7015,78.66032,61.7,37.57,70.5,187.55,High,Clear,42.1,High Risk,High,264.3
TRK-103,DRV-803,Ramesh Kumar,Intermodal Container (Ashok Leyland 4220),2026-09-05T00:47:54.206321,12.76636,78.80278,80.0,33.24,63.7,170.5,Moderate,Clear,47.4,High Risk,High,156.4
TRK-103,DRV-803,Ramesh Kumar,Intermodal Container (Ashok Leyland 4220),2026-09-05T00:51:54.206321,12.83123,78.94523,73.4,35.38,60.3,153.45,Moderate,Clear,52.6,In Transit,Moderate,142.6
TRK-103,DRV-803,Ramesh Kumar,Intermodal Container (Ashok Leyland 4220),2026-09-05T00:55:54.206321,12.89609,79.08768,60.0,39.08,57.3,136.4,High,Clear,57.9,High Risk,High,203.5
TRK-103,DRV-803,Ramesh Kumar,Intermodal Container (Ashok Leyland 4220),2026-09-05T00:59:54.206321,12.92224,79.24002,54.6,36.56,51.8,119.35,High,Clear,63.2,High Risk,High,195.3
TRK-103,DRV-803,Ramesh Kumar,Intermodal Container (Ashok Leyland 4220),2026-09-05T01:03:54.206321,12.91164,79.39499,48.1,45.54,50.9,102.3,Severe,Clear,68.4,High Risk,High,250.2
TRK-103,DRV-803,Ramesh Kumar,Intermodal Container (Ashok Leyland 4220),2026-09-05T01:07:54.206321,12.87345,79.54718,40.8,45.09,47.0,85.25,Severe,Clear,73.7,High Risk,High,246.6
TRK-103,DRV-803,Ramesh Kumar,Intermodal Container (Ashok Leyland 4220),2026-09-05T01:11:54.206321,12.83526,79.69937,87.3,31.65,41.3,68.2,Low,Clear,78.9,In Transit,Low,46.4
TRK-103,DRV-803,Ramesh Kumar,Intermodal Container (Ashok Leyland 4220),2026-09-05T01:15:54.206321,12.91018,79.83525,47.4,38.16,36.9,51.15,High,Clear,84.2,High Risk,High,94.2
TRK-103,DRV-803,Ramesh Kumar,Intermodal Container (Ashok Leyland 4220),2026-09-05T01:19:54.206321,12.98244,79.97344,66.6,35.42,32.7,34.1,Moderate,Clear,89.5,In Transit,Low,33.7
TRK-103,DRV-803,Ramesh Kumar,Intermodal Container (Ashok Leyland 4220),2026-09-05T01:23:54.206321,13.03257,80.12207,49.0,38.88,29.6,17.05,High,Clear,94.7,In Transit,Moderate,28.5
TRK-103,DRV-803,Ramesh Kumar,Intermodal Container (Ashok Leyland 4220),2026-09-05T01:27:54.206321,13.0827,80.2707,76.6,34.02,24.6,0.0,Moderate,Clear,100.0,Arrived,Low,0.5
TRK-103,DRV-803,Ramesh Kumar,Intermodal Container (Ashok Leyland 4220),2026-09-05T14:11:54.206321,12.9716,77.5946,56.5,41.24,102.3,323.95,High,Clear,0.0,High Risk,High,505.7
TRK-103,DRV-803,Ramesh Kumar,Intermodal Container (Ashok Leyland 4220),2026-09-05T14:15:54.206321,12.86159,77.70461,82.4,33.3,95.4,306.9,Low,Clear,5.3,In Transit,Low,229.3
TRK-103,DRV-803,Ramesh Kumar,Intermodal Container (Ashok Leyland 4220),2026-09-05T14:19:54.206321,12.75158,77.81462,89.0,33.64,96.4,289.85,Low,Clear,10.5,In Transit,Low,199.3
TRK-103,DRV-803,Ramesh Kumar,Intermodal Container (Ashok Leyland 4220),2026-09-05T14:23:54.206321,12.67283,77.94889,70.5,30.69,88.8,272.8,Moderate,Clear,15.8,High Risk,High,280.3
TRK-103,DRV-803,Ramesh Kumar,Intermodal Container (Ashok Leyland 4220),2026-09-05T14:27:54.206321,12.59745,78.08577,97.7,27.48,84.0,255.75,Low,Clear,21.1,In Transit,Low,154.3
TRK-103,DRV-803,Ramesh Kumar,Intermodal Container (Ashok Leyland 4220),2026-09-05T14:31:54.206321,12.52999,78.2232,82.8,29.84,79.7,238.7,Low,Clear,26.3,In Transit,Low,163.5
TRK-103,DRV-803,Ramesh Kumar,Intermodal Container (Ashok Leyland 4220),2026-09-05T14:35:54.206321,12.58633,78.36926,82.6,29.36,73.3,221.65,Low,Clear,31.6,In Transit,Low,154.4
TRK-103,DRV-803,Ramesh Kumar,Intermodal Container (Ashok Leyland 4220),2026-09-05T14:39:54.206321,12.64266,78.51532,87.4,31.87,72.6,204.6,Low,Clear,36.8,In Transit,Low,145.9
TRK-103,DRV-803,Ramesh Kumar,Intermodal Container (Ashok Leyland 4220),2026-09-05T14:43:54.206321,12.7015,78.66032,54.9,37.2,69.3,187.55,High,Clear,42.1,High Risk,High,308.7
TRK-103,DRV-803,Ramesh Kumar,Intermodal Container (Ashok Leyland 4220),2026-09-05T14:47:54.206321,12.76636,78.80278,88.5,27.87,63.9,170.5,Low,Clear,47.4,In Transit,Low,119.3
TRK-103,DRV-803,Ramesh Kumar,Intermodal Container (Ashok Leyland 4220),2026-09-05T14:51:54.206321,12.83123,78.94523,62.8,36.04,63.0,153.45,High,Clear,52.6,High Risk,High,213.6
TRK-103,DRV-803,Ramesh Kumar,Intermodal Container (Ashok Leyland 4220),2026-09-05T14:55:54.206321,12.89609,79.08768,75.2,33.38,52.5,136.4,Moderate,Clear,57.9,In Transit,Moderate,131.1
TRK-103,DRV-803,Ramesh Kumar,Intermodal Container (Ashok Leyland 4220),2026-09-05T14:59:54.206321,12.92224,79.24002,73.9,32.82,56.8,119.35,Moderate,Clear,63.2,In Transit,Moderate,112.7
TRK-103,DRV-803,Ramesh Kumar,Intermodal Container (Ashok Leyland 4220),2026-09-05T15:03:54.206321,12.91164,79.39499,91.1,30.2,52.8,102.3,Low,Clear,68.4,In Transit,Low,71.8
TRK-103,DRV-803,Ramesh Kumar,Intermodal Container (Ashok Leyland 4220),2026-09-05T15:07:54.206321,12.87345,79.54718,85.7,29.49,44.8,85.25,Low,Clear,73.7,In Transit,Low,60.0
TRK-103,DRV-803,Ramesh Kumar,Intermodal Container (Ashok Leyland 4220),2026-09-05T15:11:54.206321,12.83526,79.69937,82.3,32.38,39.6,68.2,Low,Clear,78.9,In Transit,Low,47.7
TRK-103,DRV-803,Ramesh Kumar,Intermodal Container (Ashok Leyland 4220),2026-09-05T15:15:54.206321,12.91018,79.83525,42.8,42.73,35.4,51.15,Severe,Clear,84.2,High Risk,High,141.8
TRK-103,DRV-803,Ramesh Kumar,Intermodal Container (Ashok Leyland 4220),2026-09-05T15:19:54.206321,12.98244,79.97344,67.1,37.74,31.2,34.1,Moderate,Clear,89.5,In Transit,Low,35.9
TRK-103,DRV-803,Ramesh Kumar,Intermodal Container (Ashok Leyland 4220),2026-09-05T15:23:54.206321,13.03257,80.12207,45.5,45.23,28.9,17.05,Severe,Clear,94.7,In Transit,Moderate,43.8
TRK-103,DRV-803,Ramesh Kumar,Intermodal Container (Ashok Leyland 4220),2026-09-05T15:27:54.206321,13.0827,80.2707,49.7,37.56,23.3,0.0,High,Clear,100.0,In Transit,Moderate,2.4
TRK-103,DRV-803,Ramesh Kumar,Intermodal Container (Ashok Leyland 4220),2026-09-06T04:11:54.206321,12.9716,77.5946,79.7,33.1,100.0,323.95,Low,Rain,0.0,High Risk,High,303.1
TRK-103,DRV-803,Ramesh Kumar,Intermodal Container (Ashok Leyland 4220),2026-09-06T04:15:54.206321,12.86159,77.70461,38.6,46.63,92.1,306.9,Severe,Rain,5.3,Delayed,High,1194.6
TRK-103,DRV-803,Ramesh Kumar,Intermodal Container (Ashok Leyland 4220),2026-09-06T04:19:54.206321,12.75158,77.81462,68.8,35.66,93.0,289.85,Low,Rain,10.5,High Risk,High,319.5
TRK-103,DRV-803,Ramesh Kumar,Intermodal Container (Ashok Leyland 4220),2026-09-06T04:23:54.206321,12.67283,77.94889,89.6,30.61,90.0,272.8,Low,Rain,15.8,High Risk,High,234.2
TRK-103,DRV-803,Ramesh Kumar,Intermodal Container (Ashok Leyland 4220),2026-09-06T04:27:54.206321,12.59745,78.08577,31.6,47.87,89.6,255.75,Severe,Rain,21.1,Delayed,High,1213.9
TRK-103,DRV-803,Ramesh Kumar,Intermodal Container (Ashok Leyland 4220),2026-09-06T04:31:54.206321,12.52999,78.2232,67.1,37.63,81.2,238.7,Low,Rain,26.3,High Risk,High,263.1
TRK-103,DRV-803,Ramesh Kumar,Intermodal Container (Ashok Leyland 4220),2026-09-06T04:35:54.206321,12.58633,78.36926,84.2,31.51,74.8,221.65,Low,Rain,31.6,High Risk,High,195.0
TRK-103,DRV-803,Ramesh Kumar,Intermodal Container (Ashok Leyland 4220),2026-09-06T04:39:54.206321,12.64266,78.51532,72.4,32.47,74.2,204.6,Low,Rain,36.8,High Risk,High,217.9
TRK-103,DRV-803,Ramesh Kumar,Intermodal Container (Ashok Leyland 4220),2026-09-06T04:43:54.206321,12.7015,78.66032,39.7,41.29,67.6,187.55,High,Rain,42.1,Delayed,High,528.9
TRK-103,DRV-803,Ramesh Kumar,Intermodal Container (Ashok Leyland 4220),2026-09-06T04:47:54.206321,12.76636,78.80278,66.1,33.63,63.3,170.5,Moderate,Rain,47.4,High Risk,High,230.6
TRK-103,DRV-803,Ramesh Kumar,Intermodal Container (Ashok Leyland 4220),2026-09-06T04:51:54.206321,12.83123,78.94523,45.4,40.84,61.0,153.45,High,Rain,52.6,High Risk,High,378.6
TRK-103,DRV-803,Ramesh Kumar,Intermodal Container (Ashok Leyland 4220),2026-09-06T04:55:54.206321,12.89609,79.08768,72.9,31.05,53.2,136.4,Low,Rain,57.9,High Risk,High,148.2
TRK-103,DRV-803,Ramesh Kumar,Intermodal Container (Ashok Leyland 4220),2026-09-06T04:59:54.206321,12.92224,79.24002,49.9,40.16,51.6,119.35,High,Rain,63.2,High Risk,High,264.5
TRK-103,DRV-803,Ramesh Kumar,Intermodal Container (Ashok Leyland 4220),2026-09-06T05:03:54.206321,12.91164,79.39499,52.3,36.19,49.5,102.3,Moderate,Rain,68.4,High Risk,High,176.6
TRK-103,DRV-803,Ramesh Kumar,Intermodal Container (Ashok Leyland 4220),2026-09-06T05:07:54.206321,12.87345,79.54718,59.7,32.78,45.4,85.25,Moderate,Rain,73.7,High Risk,High,132.4
TRK-103,DRV-803,Ramesh Kumar,Intermodal Container (Ashok Leyland 4220),2026-09-06T05:11:54.206321,12.83526,79.69937,64.6,38.07,44.9,68.2,Moderate,Rain,78.9,High Risk,High,95.3
TRK-103,DRV-803,Ramesh Kumar,Intermodal Container (Ashok Leyland 4220),2026-09-06T05:15:54.206321,12.91018,79.83525,77.8,35.97,35.0,51.15,Low,Rain,84.2,In Transit,Moderate,49.7
TRK-103,DRV-803,Ramesh Kumar,Intermodal Container (Ashok Leyland 4220),2026-09-06T05:19:54.206321,12.98244,79.97344,71.8,33.61,37.4,34.1,Moderate,Rain,89.5,In Transit,Moderate,40.8
TRK-103,DRV-803,Ramesh Kumar,Intermodal Container (Ashok Leyland 4220),2026-09-06T05:23:54.206321,13.03257,80.12207,51.4,42.14,29.9,17.05,High,Rain,94.7,In Transit,Moderate,38.7
TRK-103,DRV-803,Ramesh Kumar,Intermodal Container (Ashok Leyland 4220),2026-09-06T05:27:54.206321,13.0827,80.2707,69.6,33.99,22.9,0.0,Low,Rain,100.0,Arrived,Low,0.5
TRK-103,DRV-803,Ramesh Kumar,Intermodal Container (Ashok Leyland 4220),2026-09-06T18:11:54.206321,12.9716,77.5946,48.0,45.22,99.1,323.95,Severe,Clear,0.0,High Risk,High,801.9
TRK-103,DRV-803,Ramesh Kumar,Intermodal Container (Ashok Leyland 4220),2026-09-06T18:15:54.206321,12.86159,77.70461,59.2,34.65,95.3,306.9,High,Clear,5.3,High Risk,High,473.3
TRK-103,DRV-803,Ramesh Kumar,Intermodal Container (Ashok Leyland 4220),2026-09-06T18:19:54.206321,12.75158,77.81462,77.2,33.48,89.1,289.85,Low,Clear,10.5,In Transit,Low,224.8
TRK-103,DRV-803,Ramesh Kumar,Intermodal Container (Ashok Leyland 4220),2026-09-06T18:23:54.206321,12.67283,77.94889,86.1,31.54,87.7,272.8,Low,Clear,15.8,In Transit,Low,192.7
TRK-103,DRV-803,Ramesh Kumar,Intermodal Container (Ashok Leyland 4220),2026-09-06T18:27:54.206321,12.59745,78.08577,56.8,39.73,84.3,255.75,High,Clear,21.1,High Risk,High,402.0
TRK-103,DRV-803,Ramesh Kumar,Intermodal Container (Ashok Leyland 4220),2026-09-06T18:31:54.206321,12.52999,78.2232,68.9,32.31,80.5,238.7,Moderate,Clear,26.3,High Risk,High,251.5
TRK-103,DRV-803,Ramesh Kumar,Intermodal Container (Ashok Leyland 4220),2026-09-06T18:35:54.206321,12.58633,78.36926,68.8,31.71,76.2,221.65,Moderate,Clear,31.6,High Risk,High,237.4
TRK-103,DRV-803,Ramesh Kumar,Intermodal Container (Ashok Leyland 4220),2026-09-06T18:39:54.206321,12.64266,78.51532,75.0,34.33,74.2,204.6,Low,Clear,36.8,In Transit,Low,160.1
TRK-103,DRV-803,Ramesh Kumar,Intermodal Container (Ashok Leyland 4220),2026-09-06T18:43:54.206321,12.7015,78.66032,75.2,27.34,68.0,187.55,Low,Clear,42.1,In Transit,Low,153.0
TRK-103,DRV-803,Ramesh Kumar,Intermodal Container (Ashok Leyland 4220),2026-09-06T18:47:54.206321,12.76636,78.80278,76.2,34.22,63.6,170.5,Moderate,Clear,47.4,High Risk,High,161.7
TRK-103,DRV-803,Ramesh Kumar,Intermodal Container (Ashok Leyland 4220),2026-09-06T18:51:54.206321,12.83123,78.94523,87.4,29.71,58.7,153.45,Low,Clear,52.6,In Transit,Low,106.0
TRK-103,DRV-803,Ramesh Kumar,Intermodal Container (Ashok Leyland 4220),2026-09-06T18:55:54.206321,12.89609,79.08768,83.9,31.89,52.3,136.4,Low,Clear,57.9,In Transit,Low,96.0
TRK-103,DRV-803,Ramesh Kumar,Intermodal Container (Ashok Leyland 4220),2026-09-06T18:59:54.206321,12.92224,79.24002,44.6,45.64,52.0,119.35,Severe,Clear,63.2,High Risk,High,322.7
TRK-103,DRV-803,Ramesh Kumar,Intermodal Container (Ashok Leyland 4220),2026-09-06T19:03:54.206321,12.91164,79.39499,89.1,32.89,49.8,102.3,Low,Clear,68.4,In Transit,Low,72.1
TRK-103,DRV-803,Ramesh Kumar,Intermodal Container (Ashok Leyland 4220),2026-09-06T19:07:54.206321,12.87345,79.54718,60.6,37.71,43.3,85.25,High,Clear,73.7,High Risk,High,123.9
TRK-103,DRV-803,Ramesh Kumar,Intermodal Container (Ashok Leyland 4220),2026-09-06T19:11:54.206321,12.83526,79.69937,59.2,36.51,36.8,68.2,High,Clear,78.9,High Risk,High,109.5
TRK-103,DRV-803,Ramesh Kumar,Intermodal Container (Ashok Leyland 4220),2026-09-06T19:15:54.206321,12.91018,79.83525,66.2,38.3,38.7,51.15,High,Clear,84.2,In Transit,Moderate,58.0
TRK-103,DRV-803,Ramesh Kumar,Intermodal Container (Ashok Leyland 4220),2026-09-06T19:19:54.206321,12.98244,79.97344,48.0,36.42,34.9,34.1,High,Clear,89.5,In Transit,Moderate,62.7
TRK-103,DRV-803,Ramesh Kumar,Intermodal Container (Ashok Leyland 4220),2026-09-06T19:23:54.206321,13.03257,80.12207,83.4,32.07,30.3,17.05,Low,Clear,94.7,In Transit,Low,17.3
TRK-103,DRV-803,Ramesh Kumar,Intermodal Container (Ashok Leyland 4220),2026-09-06T19:27:54.206321,13.0827,80.2707,66.0,37.08,26.4,0.0,High,Clear,100.0,In Transit,Moderate,0.5
TRK-103,DRV-803,Ramesh Kumar,Intermodal Container (Ashok Leyland 4220),2026-09-07T08:11:54.206321,12.9716,77.5946,56.8,36.23,96.6,323.95,Moderate,Rain,0.0,High Risk,High,514.1
TRK-103,DRV-803,Ramesh Kumar,Intermodal Container (Ashok Leyland 4220),2026-09-07T08:15:54.206321,12.86159,77.70461,67.6,31.71,98.6,306.9,Low,Rain,5.3,High Risk,High,342.5
TRK-103,DRV-803,Ramesh Kumar,Intermodal Container (Ashok Leyland 4220),2026-09-07T08:19:54.206321,12.75158,77.81462,72.5,35.02,91.4,289.85,Low,Rain,10.5,High Risk,High,304.1
TRK-103,DRV-803,Ramesh Kumar,Intermodal Container (Ashok Leyland 4220),2026-09-07T08:23:54.206321,12.67283,77.94889,69.8,31.1,88.9,272.8,Low,Rain,15.8,High Risk,High,290.2
TRK-103,DRV-803,Ramesh Kumar,Intermodal Container (Ashok Leyland 4220),2026-09-07T08:27:54.206321,12.59745,78.08577,36.1,46.35,82.6,255.75,Severe,Rain,21.1,Delayed,High,1063.9
TRK-103,DRV-803,Ramesh Kumar,Intermodal Container (Ashok Leyland 4220),2026-09-07T08:31:54.206321,12.52999,78.2232,71.0,36.21,82.6,238.7,Moderate,Rain,26.3,High Risk,High,305.9
TRK-103,DRV-803,Ramesh Kumar,Intermodal Container (Ashok Leyland 4220),2026-09-07T08:35:54.206321,12.58633,78.36926,48.9,39.25,77.5,221.65,High,Rain,31.6,High Risk,High,516.0
TRK-103,DRV-803,Ramesh Kumar,Intermodal Container (Ashok Leyland 4220),2026-09-07T08:39:54.206321,12.64266,78.51532,67.1,32.4,71.1,204.6,Low,Rain,36.8,High Risk,High,232.3
TRK-103,DRV-803,Ramesh Kumar,Intermodal Container (Ashok Leyland 4220),2026-09-07T08:43:54.206321,12.7015,78.66032,72.2,29.8,68.2,187.55,Low,Rain,42.1,High Risk,High,195.1
TRK-103,DRV-803,Ramesh Kumar,Intermodal Container (Ashok Leyland 4220),2026-09-07T08:47:54.206321,12.76636,78.80278,60.7,34.95,63.2,170.5,Moderate,Rain,47.4,High Risk,High,255.0
TRK-103,DRV-803,Ramesh Kumar,Intermodal Container (Ashok Leyland 4220),2026-09-07T08:51:54.206321,12.83123,78.94523,61.8,35.96,57.4,153.45,Moderate,Rain,52.6,High Risk,High,220.0
TRK-103,DRV-803,Ramesh Kumar,Intermodal Container (Ashok Leyland 4220),2026-09-07T08:55:54.206321,12.89609,79.08768,59.3,36.07,57.6,136.4,Moderate,Rain,57.9,High Risk,High,208.8
TRK-103,DRV-803,Ramesh Kumar,Intermodal Container (Ashok Leyland 4220),2026-09-07T08:59:54.206321,12.92224,79.24002,75.0,31.01,52.8,119.35,Low,Rain,63.2,In Transit,Moderate,112.5
TRK-103,DRV-803,Ramesh Kumar,Intermodal Container (Ashok Leyland 4220),2026-09-07T09:03:54.206321,12.91164,79.39499,40.1,39.14,49.2,102.3,High,Rain,68.4,High Risk,High,285.2
TRK-103,DRV-803,Ramesh Kumar,Intermodal Container (Ashok Leyland 4220),2026-09-07T09:07:54.206321,12.87345,79.54718,68.5,37.34,45.2,85.25,Moderate,Rain,73.7,High Risk,High,109.2
TRK-103,DRV-803,Ramesh Kumar,Intermodal Container (Ashok Leyland 4220),2026-09-07T09:11:54.206321,12.83526,79.69937,76.2,31.65,42.5,68.2,Low,Rain,78.9,In Transit,Moderate,71.4
TRK-103,DRV-803,Ramesh Kumar,Intermodal Container (Ashok Leyland 4220),2026-09-07T09:15:54.206321,12.91018,79.83525,76.8,36.8,36.7,51.15,Low,Rain,84.2,In Transit,Moderate,50.0
TRK-103,DRV-803,Ramesh Kumar,Intermodal Container (Ashok Leyland 4220),2026-09-07T09:19:54.206321,12.98244,79.97344,71.0,35.05,35.2,34.1,Low,Rain,89.5,In Transit,Low,36.9
TRK-103,DRV-803,Ramesh Kumar,Intermodal Container (Ashok Leyland 4220),2026-09-07T09:23:54.206321,13.03257,80.12207,77.0,32.49,27.6,17.05,Low,Rain,94.7,In Transit,Low,16.5
TRK-103,DRV-803,Ramesh Kumar,Intermodal Container (Ashok Leyland 4220),2026-09-07T09:27:54.206321,13.0827,80.2707,68.0,37.84,28.2,0.0,Moderate,Rain,100.0,Arrived,Low,0.8
TRK-103,DRV-803,Ramesh Kumar,Intermodal Container (Ashok Leyland 4220),2026-09-07T22:11:54.206321,12.9716,77.5946,89.9,31.46,101.0,323.95,Low,Clear,0.0,In Transit,Low,214.8
TRK-103,DRV-803,Ramesh Kumar,Intermodal Container (Ashok Leyland 4220),2026-09-07T22:15:54.206321,12.86159,77.70461,64.0,40.24,93.2,306.9,High,Clear,5.3,High Risk,High,435.9
TRK-103,DRV-803,Ramesh Kumar,Intermodal Container (Ashok Leyland 4220),2026-09-07T22:19:54.206321,12.75158,77.81462,82.6,31.2,92.7,289.85,Low,Clear,10.5,In Transit,Low,215.1
TRK-103,DRV-803,Ramesh Kumar,Intermodal Container (Ashok Leyland 4220),2026-09-07T22:23:54.206321,12.67283,77.94889,85.0,32.58,89.1,272.8,Low,Clear,15.8,In Transit,Low,196.2
TRK-103,DRV-803,Ramesh Kumar,Intermodal Container (Ashok Leyland 4220),2026-09-07T22:27:54.206321,12.59745,78.08577,62.7,33.25,87.0,255.75,Moderate,Clear,21.1,High Risk,High,290.7
TRK-103,DRV-803,Ramesh Kumar,Intermodal Container (Ashok Leyland 4220),2026-09-07T22:31:54.206321,12.52999,78.2232,81.1,28.8,83.8,238.7,Low,Clear,26.3,In Transit,Low,177.0
TRK-103,DRV-803,Ramesh Kumar,Intermodal Container (Ashok Leyland 4220),2026-09-07T22:35:54.206321,12.58633,78.36926,89.2,29.69,77.0,221.65,Low,Clear,31.6,In Transit,Low,146.4
TRK-103,DRV-803,Ramesh Kumar,Intermodal Container (Ashok Leyland 4220),2026-09-07T22:39:54.206321,12.64266,78.51532,76.6,32.27,73.2,204.6,Low,Clear,36.8,In Transit,Low,157.8
TRK-103,DRV-803,Ramesh Kumar,Intermodal Container (Ashok Leyland 4220),2026-09-07T22:43:54.206321,12.7015,78.66032,81.4,26.18,72.0,187.55,Low,Clear,42.1,In Transit,Low,136.9
TRK-103,DRV-803,Ramesh Kumar,Intermodal Container (Ashok Leyland 4220),2026-09-07T22:47:54.206321,12.76636,78.80278,88.3,28.17,64.0,170.5,Low,Clear,47.4,In Transit,Low,112.3
TRK-103,DRV-803,Ramesh Kumar,Intermodal Container (Ashok Leyland 4220),2026-09-07T22:51:54.206321,12.83123,78.94523,65.9,33.59,60.0,153.45,Moderate,Clear,52.6,In Transit,Moderate,164.0
TRK-103,DRV-803,Ramesh Kumar,Intermodal Container (Ashok Leyland 4220),2026-09-07T22:55:54.206321,12.89609,79.08768,77.2,33.11,56.7,136.4,Low,Clear,57.9,In Transit,Low,107.0
TRK-103,DRV-803,Ramesh Kumar,Intermodal Container (Ashok Leyland 4220),2026-09-07T22:59:54.206321,12.92224,79.24002,67.1,37.82,58.4,119.35,High,Clear,63.2,High Risk,High,160.0
TRK-103,DRV-803,Ramesh Kumar,Intermodal Container (Ashok Leyland 4220),2026-09-07T23:03:54.206321,12.91164,79.39499,86.0,29.0,47.5,102.3,Low,Clear,68.4,In Transit,Low,72.0
TRK-103,DRV-803,Ramesh Kumar,Intermodal Container (Ashok Leyland 4220),2026-09-07T23:07:54.206321,12.87345,79.54718,78.6,31.75,48.8,85.25,Low,Clear,73.7,In Transit,Low,67.1
TRK-103,DRV-803,Ramesh Kumar,Intermodal Container (Ashok Leyland 4220),2026-09-07T23:11:54.206321,12.83526,79.69937,65.7,34.3,40.6,68.2,Moderate,Clear,78.9,In Transit,Moderate,77.1
TRK-103,DRV-803,Ramesh Kumar,Intermodal Container (Ashok Leyland 4220),2026-09-07T23:15:54.206321,12.91018,79.83525,86.2,29.65,35.4,51.15,Low,Clear,84.2,In Transit,Low,34.7
TRK-103,DRV-803,Ramesh Kumar,Intermodal Container (Ashok Leyland 4220),2026-09-07T23:19:54.206321,12.98244,79.97344,50.1,45.32,33.8,34.1,Severe,Clear,89.5,High Risk,High,76.1
TRK-103,DRV-803,Ramesh Kumar,Intermodal Container (Ashok Leyland 4220),2026-09-07T23:23:54.206321,13.03257,80.12207,94.9,31.87,30.5,17.05,Low,Clear,94.7,In Transit,Low,16.5
TRK-103,DRV-803,Ramesh Kumar,Intermodal Container (Ashok Leyland 4220),2026-09-07T23:27:54.206321,13.0827,80.2707,76.1,35.76,26.3,0.0,Moderate,Clear,100.0,Arrived,Low,1.4
TRK-103,DRV-803,Ramesh Kumar,Intermodal Container (Ashok Leyland 4220),2026-09-08T12:11:54.206321,12.9716,77.5946,53.4,40.38,97.7,323.95,High,Clear,0.0,High Risk,High,550.6
TRK-103,DRV-803,Ramesh Kumar,Intermodal Container (Ashok Leyland 4220),2026-09-08T12:15:54.206321,12.86159,77.70461,84.6,33.49,96.1,306.9,Low,Clear,5.3,In Transit,Low,216.5
TRK-103,DRV-803,Ramesh Kumar,Intermodal Container (Ashok Leyland 4220),2026-09-08T12:19:54.206321,12.75158,77.81462,64.7,38.28,93.1,289.85,High,Clear,10.5,High Risk,High,398.9
TRK-103,DRV-803,Ramesh Kumar,Intermodal Container (Ashok Leyland 4220),2026-09-08T12:23:54.206321,12.67283,77.94889,84.7,29.78,88.0,272.8,Low,Clear,15.8,In Transit,Low,189.5
TRK-103,DRV-803,Ramesh Kumar,Intermodal Container (Ashok Leyland 4220),2026-09-08T12:27:54.206321,12.59745,78.08577,88.2,34.66,81.7,255.75,Low,Clear,21.1,In Transit,Low,171.6
TRK-103,DRV-803,Ramesh Kumar,Intermodal Container (Ashok Leyland 4220),2026-09-08T12:31:54.206321,12.52999,78.2232,80.4,29.09,80.4,238.7,Low,Clear,26.3,In Transit,Low,178.8
TRK-103,DRV-803,Ramesh Kumar,Intermodal Container (Ashok Leyland 4220),2026-09-08T12:35:54.206321,12.58633,78.36926,60.3,35.54,75.3,221.65,Moderate,Clear,31.6,High Risk,High,266.1
TRK-103,DRV-803,Ramesh Kumar,Intermodal Container (Ashok Leyland 4220),2026-09-08T12:39:54.206321,12.64266,78.51532,59.1,38.11,72.4,204.6,Moderate,Clear,36.8,High Risk,High,246.8
TRK-103,DRV-803,Ramesh Kumar,Intermodal Container (Ashok Leyland 4220),2026-09-08T12:43:54.206321,12.7015,78.66032,83.4,30.47,66.9,187.55,Low,Clear,42.1,In Transit,Low,132.0
TRK-103,DRV-803,Ramesh Kumar,Intermodal Container (Ashok Leyland 4220),2026-09-08T12:47:54.206321,12.76636,78.80278,56.0,38.46,64.4,170.5,High,Clear,47.4,High Risk,High,277.3
TRK-103,DRV-803,Ramesh Kumar,Intermodal Container (Ashok Leyland 4220),2026-09-08T12:51:54.206321,12.83123,78.94523,90.0,31.34,58.5,153.45,Low,Clear,52.6,In Transit,Low,99.2
TRK-103,DRV-803,Ramesh Kumar,Intermodal Container (Ashok Leyland 4220),2026-09-08T12:55:54.206321,12.89609,79.08768,67.2,34.19,57.0,136.4,Moderate,Clear,57.9,In Transit,Moderate,144.2
TRK-103,DRV-803,Ramesh Kumar,Intermodal Container (Ashok Leyland 4220),2026-09-08T12:59:54.206321,12.92224,79.24002,71.3,31.82,53.0,119.35,Moderate,Clear,63.2,In Transit,Moderate,121.8
TRK-103,DRV-803,Ramesh Kumar,Intermodal Container (Ashok Leyland 4220),2026-09-08T13:03:54.206321,12.91164,79.39499,63.7,38.04,46.5,102.3,Moderate,Clear,68.4,In Transit,Moderate,114.4
TRK-103,DRV-803,Ramesh Kumar,Intermodal Container (Ashok Leyland 4220),2026-09-08T13:07:54.206321,12.87345,79.54718,66.0,38.42,48.0,85.25,High,Clear,73.7,High Risk,High,108.6
TRK-103,DRV-803,Ramesh Kumar,Intermodal Container (Ashok Leyland 4220),2026-09-08T13:11:54.206321,12.83526,79.69937,57.0,39.27,40.2,68.2,High,Clear,78.9,High Risk,High,106.3
TRK-103,DRV-803,Ramesh Kumar,Intermodal Container (Ashok Leyland 4220),2026-09-08T13:15:54.206321,12.91018,79.83525,62.1,33.94,36.9,51.15,Moderate,Clear,84.2,In Transit,Low,56.5
TRK-103,DRV-803,Ramesh Kumar,Intermodal Container (Ashok Leyland 4220),2026-09-08T13:19:54.206321,12.98244,79.97344,77.6,33.26,29.8,34.1,Moderate,Clear,89.5,In Transit,Low,28.1
TRK-103,DRV-803,Ramesh Kumar,Intermodal Container (Ashok Leyland 4220),2026-09-08T13:23:54.206321,13.03257,80.12207,81.4,30.03,27.3,17.05,Low,Clear,94.7,In Transit,Low,10.3
TRK-103,DRV-803,Ramesh Kumar,Intermodal Container (Ashok Leyland 4220),2026-09-08T13:27:54.206321,13.0827,80.2707,81.2,32.52,23.5,0.0,Low,Clear,100.0,Arrived,Low,0.5
TRK-104,DRV-804,Vikram Reddy,High-Capacity Freight (Eicher Pro 6048),2026-08-28T22:11:54.206321,17.385,78.4867,79.8,37.89,97.3,516.73,Moderate,Clear,0.0,High Risk,High,469.7
TRK-104,DRV-804,Vikram Reddy,High-Capacity Freight (Eicher Pro 6048),2026-08-28T22:15:54.206321,17.18398,78.35515,37.4,49.15,93.2,489.53,Severe,Clear,5.3,Delayed,High,1568.8
TRK-104,DRV-804,Vikram Reddy,High-Capacity Freight (Eicher Pro 6048),2026-08-28T22:19:54.206321,17.00837,78.19353,80.8,34.87,92.0,462.33,Low,Clear,10.5,In Transit,Low,344.0
TRK-104,DRV-804,Vikram Reddy,High-Capacity Freight (Eicher Pro 6048),2026-08-28T22:23:54.206321,16.76805,78.14031,83.0,33.16,89.4,435.14,Low,Clear,15.8,In Transit,Low,312.2
TRK-104,DRV-804,Vikram Reddy,High-Capacity Freight (Eicher Pro 6048),2026-08-28T22:27:54.206321,16.52366,78.11353,73.7,37.54,85.3,407.94,Moderate,Clear,21.1,High Risk,High,402.8
TRK-104,DRV-804,Vikram Reddy,High-Capacity Freight (Eicher Pro 6048),2026-08-28T22:31:54.206321,16.27927,78.08674,56.9,40.55,80.4,380.75,High,Clear,26.3,High Risk,High,599.0
TRK-104,DRV-804,Vikram Reddy,High-Capacity Freight (Eicher Pro 6048),2026-08-28T22:35:54.206321,16.03487,78.05996,66.2,38.66,75.0,353.55,Moderate,Clear,31.6,High Risk,High,386.2
TRK-104,DRV-804,Vikram Reddy,High-Capacity Freight (Eicher Pro 6048),2026-08-28T22:39:54.206321,15.79492,78.01856,75.1,33.48,75.9,326.35,Low,Clear,36.8,In Transit,Low,261.8
TRK-104,DRV-804,Vikram Reddy,High-Capacity Freight (Eicher Pro 6048),2026-08-28T22:43:54.206321,15.57935,77.89681,87.6,36.11,63.1,299.16,Low,Clear,42.1,In Transit,Low,211.9
TRK-104,DRV-804,Vikram Reddy,High-Capacity Freight (Eicher Pro 6048),2026-08-28T22:47:54.206321,15.36379,77.77507,79.5,32.36,65.1,271.96,Low,Clear,47.4,In Transit,Low,207.0
TRK-104,DRV-804,Vikram Reddy,High-Capacity Freight (Eicher Pro 6048),2026-08-28T22:51:54.206321,15.14823,77.65332,49.7,38.74,64.8,244.77,High,Clear,52.6,High Risk,High,442.1
TRK-104,DRV-804,Vikram Reddy,High-Capacity Freight (Eicher Pro 6048),2026-08-28T22:55:54.206321,14.90743,77.61884,85.2,31.22,57.3,217.57,Low,Clear,57.9,In Transit,Low,154.0
TRK-104,DRV-804,Vikram Reddy,High-Capacity Freight (Eicher Pro 6048),2026-08-28T22:59:54.206321,14.66258,77.60376,81.5,34.24,52.6,190.37,Low,Clear,63.2,In Transit,Low,147.5
TRK-104,DRV-804,Vikram Reddy,High-Capacity Freight (Eicher Pro 6048),2026-08-28T23:03:54.206321,14.41985,77.64349,74.6,35.79,49.6,163.18,Moderate,Clear,68.4,In Transit,Moderate,154.8
TRK-104,DRV-804,Vikram Reddy,High-Capacity Freight (Eicher Pro 6048),2026-08-28T23:07:54.206321,14.17712,77.68322,67.7,41.69,45.3,135.98,High,Clear,73.7,High Risk,High,179.3
TRK-104,DRV-804,Vikram Reddy,High-Capacity Freight (Eicher Pro 6048),2026-08-28T23:11:54.206321,13.93439,77.72295,87.6,33.17,40.2,108.78,Low,Clear,78.9,In Transit,Low,70.4
TRK-104,DRV-804,Vikram Reddy,High-Capacity Freight (Eicher Pro 6048),2026-08-28T23:15:54.206321,13.69063,77.74217,56.3,44.76,36.8,81.59,High,Clear,84.2,High Risk,High,133.8
TRK-104,DRV-804,Vikram Reddy,High-Capacity Freight (Eicher Pro 6048),2026-08-28T23:19:54.206321,13.44519,77.72822,58.4,35.52,32.0,54.39,Moderate,Clear,89.5,In Transit,Moderate,70.0
TRK-104,DRV-804,Vikram Reddy,High-Capacity Freight (Eicher Pro 6048),2026-08-28T23:23:54.206321,13.20817,77.66281,79.2,32.36,30.9,27.2,Low,Clear,94.7,In Transit,Low,25.5
TRK-104,DRV-804,Vikram Reddy,High-Capacity Freight (Eicher Pro 6048),2026-08-28T23:27:54.206321,12.9716,77.5946,86.7,34.32,26.3,0.0,Low,Clear,100.0,Arrived,Low,0.5
TRK-104,DRV-804,Vikram Reddy,High-Capacity Freight (Eicher Pro 6048),2026-08-29T12:11:54.206321,17.385,78.4867,74.9,40.61,99.6,516.73,Moderate,Rain,0.0,High Risk,High,617.3
TRK-104,DRV-804,Vikram Reddy,High-Capacity Freight (Eicher Pro 6048),2026-08-29T12:15:54.206321,17.18398,78.35515,69.6,35.49,99.4,489.53,Low,Rain,5.3,High Risk,High,525.0
TRK-104,DRV-804,Vikram Reddy,High-Capacity Freight (Eicher Pro 6048),2026-08-29T12:19:54.206321,17.00837,78.19353,76.8,37.27,92.4,462.33,Low,Rain,10.5,High Risk,High,451.7
TRK-104,DRV-804,Vikram Reddy,High-Capacity Freight (Eicher Pro 6048),2026-08-29T12:23:54.206321,16.76805,78.14031,76.9,38.36,92.7,435.14,Low,Rain,15.8,High Risk,High,426.0
TRK-104,DRV-804,Vikram Reddy,High-Capacity Freight (Eicher Pro 6048),2026-08-29T12:27:54.206321,16.52366,78.11353,81.8,37.56,84.9,407.94,Low,Rain,21.1,High Risk,High,375.9
TRK-104,DRV-804,Vikram Reddy,High-Capacity Freight (Eicher Pro 6048),2026-08-29T12:31:54.206321,16.27927,78.08674,45.3,43.92,83.3,380.75,High,Rain,26.3,High Risk,High,942.2
TRK-104,DRV-804,Vikram Reddy,High-Capacity Freight (Eicher Pro 6048),2026-08-29T12:35:54.206321,16.03487,78.05996,75.8,38.13,76.7,353.55,Moderate,Rain,31.6,High Risk,High,414.9
TRK-104,DRV-804,Vikram Reddy,High-Capacity Freight (Eicher Pro 6048),2026-08-29T12:39:54.206321,15.79492,78.01856,61.7,37.06,73.6,326.35,Moderate,Rain,36.8,High Risk,High,476.5
TRK-104,DRV-804,Vikram Reddy,High-Capacity Freight (Eicher Pro 6048),2026-08-29T12:43:54.206321,15.57935,77.89681,77.8,36.33,67.2,299.16,Low,Rain,42.1,High Risk,High,287.5
TRK-104,DRV-804,Vikram Reddy,High-Capacity Freight (Eicher Pro 6048),2026-08-29T12:47:54.206321,15.36379,77.77507,82.7,36.41,65.5,271.96,Low,Rain,47.4,High Risk,High,242.7
TRK-104,DRV-804,Vikram Reddy,High-Capacity Freight (Eicher Pro 6048),2026-08-29T12:51:54.206321,15.14823,77.65332,53.4,43.68,53.3,244.77,High,Rain,52.6,High Risk,High,512.3
TRK-104,DRV-804,Vikram Reddy,High-Capacity Freight (Eicher Pro 6048),2026-08-29T12:55:54.206321,14.90743,77.61884,67.1,41.91,58.9,217.57,Moderate,Rain,57.9,High Risk,High,291.3
TRK-104,DRV-804,Vikram Reddy,High-Capacity Freight (Eicher Pro 6048),2026-08-29T12:59:54.206321,14.66258,77.60376,69.4,37.13,52.9,190.37,Moderate,Rain,63.2,High Risk,High,245.6
TRK-104,DRV-804,Vikram Reddy,High-Capacity Freight (Eicher Pro 6048),2026-08-29T13:03:54.206321,14.41985,77.64349,43.0,43.96,54.0,163.18,High,Rain,68.4,High Risk,High,429.4
TRK-104,DRV-804,Vikram Reddy,High-Capacity Freight (Eicher Pro 6048),2026-08-29T13:07:54.206321,14.17712,77.68322,65.0,39.04,42.5,135.98,Moderate,Rain,73.7,High Risk,High,193.4
TRK-104,DRV-804,Vikram Reddy,High-Capacity Freight (Eicher Pro 6048),2026-08-29T13:11:54.206321,13.93439,77.72295,47.9,43.54,38.8,108.78,High,Rain,78.9,High Risk,High,252.8
TRK-104,DRV-804,Vikram Reddy,High-Capacity Freight (Eicher Pro 6048),2026-08-29T13:15:54.206321,13.69063,77.74217,79.6,36.76,42.4,81.59,Low,Rain,84.2,In Transit,Moderate,76.0
TRK-104,DRV-804,Vikram Reddy,High-Capacity Freight (Eicher Pro 6048),2026-08-29T13:19:54.206321,13.44519,77.72822,61.1,43.91,35.7,54.39,High,Rain,89.5,High Risk,High,96.4
TRK-104,DRV-804,Vikram Reddy,High-Capacity Freight (Eicher Pro 6048),2026-08-29T13:23:54.206321,13.20817,77.66281,26.5,52.79,26.5,27.2,Severe,Rain,94.7,Delayed,High,152.1
TRK-104,DRV-804,Vikram Reddy,High-Capacity Freight (Eicher Pro 6048),2026-08-29T13:27:54.206321,12.9716,77.5946,70.9,35.9,24.6,0.0,Low,Rain,100.0,Arrived,Low,0.5
TRK-104,DRV-804,Vikram Reddy,High-Capacity Freight (Eicher Pro 6048),2026-08-30T02:11:54.206321,17.385,78.4867,67.0,38.53,98.2,516.73,Low,Rain,0.0,High Risk,High,579.1
TRK-104,DRV-804,Vikram Reddy,High-Capacity Freight (Eicher Pro 6048),2026-08-30T02:15:54.206321,17.18398,78.35515,76.3,36.39,94.9,489.53,Low,Rain,5.3,High Risk,High,484.0
TRK-104,DRV-804,Vikram Reddy,High-Capacity Freight (Eicher Pro 6048),2026-08-30T02:19:54.206321,17.00837,78.19353,39.2,50.34,93.3,462.33,Severe,Rain,10.5,Delayed,High,1767.9
TRK-104,DRV-804,Vikram Reddy,High-Capacity Freight (Eicher Pro 6048),2026-08-30T02:23:54.206321,16.76805,78.14031,65.8,37.9,88.7,435.14,Moderate,Rain,15.8,High Risk,High,595.5
TRK-104,DRV-804,Vikram Reddy,High-Capacity Freight (Eicher Pro 6048),2026-08-30T02:27:54.206321,16.52366,78.11353,76.7,36.44,88.0,407.94,Low,Rain,21.1,High Risk,High,396.0
TRK-104,DRV-804,Vikram Reddy,High-Capacity Freight (Eicher Pro 6048),2026-08-30T02:31:54.206321,16.27927,78.08674,83.3,33.9,77.7,380.75,Low,Rain,26.3,High Risk,High,339.8
TRK-104,DRV-804,Vikram Reddy,High-Capacity Freight (Eicher Pro 6048),2026-08-30T02:35:54.206321,16.03487,78.05996,59.5,40.41,79.0,353.55,Moderate,Rain,31.6,High Risk,High,538.0
TRK-104,DRV-804,Vikram Reddy,High-Capacity Freight (Eicher Pro 6048),2026-08-30T02:39:54.206321,15.79492,78.01856,82.9,35.64,70.8,326.35,Low,Rain,36.8,High Risk,High,298.1
TRK-104,DRV-804,Vikram Reddy,High-Capacity Freight (Eicher Pro 6048),2026-08-30T02:43:54.206321,15.57935,77.89681,51.7,41.01,70.7,299.16,High,Rain,42.1,High Risk,High,647.6
TRK-104,DRV-804,Vikram Reddy,High-Capacity Freight (Eicher Pro 6048),2026-08-30T02:47:54.206321,15.36379,77.77507,30.3,50.72,64.6,271.96,Severe,Rain,47.4,Delayed,High,1347.2
TRK-104,DRV-804,Vikram Reddy,High-Capacity Freight (Eicher Pro 6048),2026-08-30T02:51:54.206321,15.14823,77.65332,82.1,35.9,61.1,244.77,Low,Rain,52.6,High Risk,High,221.9
TRK-104,DRV-804,Vikram Reddy,High-Capacity Freight (Eicher Pro 6048),2026-08-30T02:55:54.206321,14.90743,77.61884,58.6,37.72,56.0,217.57,Moderate,Rain,57.9,High Risk,High,339.4
TRK-104,DRV-804,Vikram Reddy,High-Capacity Freight (Eicher Pro 6048),2026-08-30T02:59:54.206321,14.66258,77.60376,42.3,41.52,53.6,190.37,High,Rain,63.2,High Risk,High,503.0
TRK-104,DRV-804,Vikram Reddy,High-Capacity Freight (Eicher Pro 6048),2026-08-30T03:03:54.206321,14.41985,77.64349,77.4,35.53,49.4,163.18,Low,Rain,68.4,High Risk,High,154.5
TRK-104,DRV-804,Vikram Reddy,High-Capacity Freight (Eicher Pro 6048),2026-08-30T03:07:54.206321,14.17712,77.68322,48.8,39.72,43.3,135.98,Moderate,Rain,73.7,High Risk,High,247.7
TRK-104,DRV-804,Vikram Reddy,High-Capacity Freight (Eicher Pro 6048),2026-08-30T03:11:54.206321,13.93439,77.72295,82.3,33.22,41.4,108.78,Low,Rain,78.9,In Transit,Moderate,96.7
TRK-104,DRV-804,Vikram Reddy,High-Capacity Freight (Eicher Pro 6048),2026-08-30T03:15:54.206321,13.69063,77.74217,58.6,37.25,40.0,81.59,Moderate,Rain,84.2,High Risk,High,127.7
TRK-104,DRV-804,Vikram Reddy,High-Capacity Freight (Eicher Pro 6048),2026-08-30T03:19:54.206321,13.44519,77.72822,51.2,39.5,36.4,54.39,Moderate,Rain,89.5,High Risk,High,91.7
TRK-104,DRV-804,Vikram Reddy,High-Capacity Freight (Eicher Pro 6048),2026-08-30T03:23:54.206321,13.20817,77.66281,66.3,33.3,30.3,27.2,Low,Rain,94.7,In Transit,Low,31.7
TRK-104,DRV-804,Vikram Reddy,High-Capacity Freight (Eicher Pro 6048),2026-08-30T03:27:54.206321,12.9716,77.5946,69.9,39.28,26.3,0.0,Low,Rain,100.0,Arrived,Low,0.5
TRK-104,DRV-804,Vikram Reddy,High-Capacity Freight (Eicher Pro 6048),2026-08-30T16:11:54.206321,17.385,78.4867,77.7,33.98,97.4,516.73,Low,Clear,0.0,In Transit,Low,402.0
TRK-104,DRV-804,Vikram Reddy,High-Capacity Freight (Eicher Pro 6048),2026-08-30T16:15:54.206321,17.18398,78.35515,84.5,32.51,90.4,489.53,Low,Clear,5.3,In Transit,Low,347.4
TRK-104,DRV-804,Vikram Reddy,High-Capacity Freight (Eicher Pro 6048),2026-08-30T16:19:54.206321,17.00837,78.19353,48.5,37.41,88.9,462.33,High,Clear,10.5,High Risk,High,856.6
TRK-104,DRV-804,Vikram Reddy,High-Capacity Freight (Eicher Pro 6048),2026-08-30T16:23:54.206321,16.76805,78.14031,73.3,37.28,88.3,435.14,Moderate,Clear,15.8,High Risk,High,424.2
TRK-104,DRV-804,Vikram Reddy,High-Capacity Freight (Eicher Pro 6048),2026-08-30T16:27:54.206321,16.52366,78.11353,90.6,35.66,82.6,407.94,Low,Clear,21.1,In Transit,Low,268.9
TRK-104,DRV-804,Vikram Reddy,High-Capacity Freight (Eicher Pro 6048),2026-08-30T16:31:54.206321,16.27927,78.08674,75.3,35.99,81.6,380.75,Moderate,Clear,26.3,High Risk,High,366.0
TRK-104,DRV-804,Vikram Reddy,High-Capacity Freight (Eicher Pro 6048),2026-08-30T16:35:54.206321,16.03487,78.05996,72.2,39.21,75.1,353.55,Moderate,Clear,31.6,High Risk,High,347.8
TRK-104,DRV-804,Vikram Reddy,High-Capacity Freight (Eicher Pro 6048),2026-08-30T16:39:54.206321,15.79492,78.01856,35.2,45.9,70.4,326.35,Severe,Clear,36.8,Delayed,High,1113.0
TRK-104,DRV-804,Vikram Reddy,High-Capacity Freight (Eicher Pro 6048),2026-08-30T16:43:54.206321,15.57935,77.89681,71.8,38.85,70.0,299.16,Moderate,Clear,42.1,High Risk,High,301.7
TRK-104,DRV-804,Vikram Reddy,High-Capacity Freight (Eicher Pro 6048),2026-08-30T16:47:54.206321,15.36379,77.77507,87.7,32.48,67.1,271.96,Low,Clear,47.4,In Transit,Low,189.0
TRK-104,DRV-804,Vikram Reddy,High-Capacity Freight (Eicher Pro 6048),2026-08-30T16:51:54.206321,15.14823,77.65332,56.1,42.34,59.8,244.77,High,Clear,52.6,High Risk,High,392.3
TRK-104,DRV-804,Vikram Reddy,High-Capacity Freight (Eicher Pro 6048),2026-08-30T16:55:54.206321,14.90743,77.61884,88.6,34.56,56.2,217.57,Low,Clear,57.9,In Transit,Low,144.4
TRK-104,DRV-804,Vikram Reddy,High-Capacity Freight (Eicher Pro 6048),2026-08-30T16:59:54.206321,14.66258,77.60376,87.2,33.53,51.6,190.37,Low,Clear,63.2,In Transit,Low,128.4
TRK-104,DRV-804,Vikram Reddy,High-Capacity Freight (Eicher Pro 6048),2026-08-30T17:03:54.206321,14.41985,77.64349,81.2,34.03,45.1,163.18,Low,Clear,68.4,In Transit,Low,113.5
TRK-104,DRV-804,Vikram Reddy,High-Capacity Freight (Eicher Pro 6048),2026-08-30T17:07:54.206321,14.17712,77.68322,81.5,35.78,43.5,135.98,Low,Clear,73.7,In Transit,Low,103.8
TRK-104,DRV-804,Vikram Reddy,High-Capacity Freight (Eicher Pro 6048),2026-08-30T17:11:54.206321,13.93439,77.72295,75.5,36.58,43.8,108.78,Moderate,Clear,78.9,In Transit,Moderate,100.8
TRK-104,DRV-804,Vikram Reddy,High-Capacity Freight (Eicher Pro 6048),2026-08-30T17:15:54.206321,13.69063,77.74217,83.8,32.98,32.6,81.59,Low,Clear,84.2,In Transit,Low,57.2
TRK-104,DRV-804,Vikram Reddy,High-Capacity Freight (Eicher Pro 6048),2026-08-30T17:19:54.206321,13.44519,77.72822,92.4,33.95,35.2,54.39,Low,Clear,89.5,In Transit,Low,36.3
TRK-104,DRV-804,Vikram Reddy,High-Capacity Freight (Eicher Pro 6048),2026-08-30T17:23:54.206321,13.20817,77.66281,97.0,34.63,29.0,27.2,Low,Clear,94.7,In Transit,Low,18.4
TRK-104,DRV-804,Vikram Reddy,High-Capacity Freight (Eicher Pro 6048),2026-08-30T17:27:54.206321,12.9716,77.5946,78.7,39.37,24.1,0.0,Moderate,Clear,100.0,Arrived,Low,1.4
TRK-104,DRV-804,Vikram Reddy,High-Capacity Freight (Eicher Pro 6048),2026-08-31T06:11:54.206321,17.385,78.4867,61.7,42.0,100.5,516.73,High,Clear,0.0,High Risk,High,747.6
TRK-104,DRV-804,Vikram Reddy,High-Capacity Freight (Eicher Pro 6048),2026-08-31T06:15:54.206321,17.18398,78.35515,80.4,30.85,94.8,489.53,Low,Clear,5.3,In Transit,Low,365.4
TRK-104,DRV-804,Vikram Reddy,High-Capacity Freight (Eicher Pro 6048),2026-08-31T06:19:54.206321,17.00837,78.19353,77.5,35.94,94.4,462.33,Moderate,Clear,10.5,High Risk,High,430.5
TRK-104,DRV-804,Vikram Reddy,High-Capacity Freight (Eicher Pro 6048),2026-08-31T06:23:54.206321,16.76805,78.14031,83.4,35.46,88.1,435.14,Low,Clear,15.8,In Transit,Low,312.4
TRK-104,DRV-804,Vikram Reddy,High-Capacity Freight (Eicher Pro 6048),2026-08-31T06:27:54.206321,16.52366,78.11353,63.9,37.35,84.7,407.94,Moderate,Clear,21.1,High Risk,High,458.9
TRK-104,DRV-804,Vikram Reddy,High-Capacity Freight (Eicher Pro 6048),2026-08-31T06:31:54.206321,16.27927,78.08674,86.8,35.02,82.4,380.75,Low,Clear,26.3,In Transit,Low,266.3
TRK-104,DRV-804,Vikram Reddy,High-Capacity Freight (Eicher Pro 6048),2026-08-31T06:35:54.206321,16.03487,78.05996,68.8,36.56,77.9,353.55,Moderate,Clear,31.6,High Risk,High,371.8
TRK-104,DRV-804,Vikram Reddy,High-Capacity Freight (Eicher Pro 6048),2026-08-31T06:39:54.206321,15.79492,78.01856,66.4,36.68,72.6,326.35,Moderate,Clear,36.8,High Risk,High,352.8
TRK-104,DRV-804,Vikram Reddy,High-Capacity Freight (Eicher Pro 6048),2026-08-31T06:43:54.206321,15.57935,77.89681,68.7,35.12,72.0,299.16,Moderate,Clear,42.1,High Risk,High,306.4
TRK-104,DRV-804,Vikram Reddy,High-Capacity Freight (Eicher Pro 6048),2026-08-31T06:47:54.206321,15.36379,77.77507,62.7,42.81,65.4,271.96,High,Clear,47.4,High Risk,High,390.1
TRK-104,DRV-804,Vikram Reddy,High-Capacity Freight (Eicher Pro 6048),2026-08-31T06:51:54.206321,15.14823,77.65332,70.4,37.59,58.9,244.77,Moderate,Clear,52.6,High Risk,High,249.9
TRK-104,DRV-804,Vikram Reddy,High-Capacity Freight (Eicher Pro 6048),2026-08-31T06:55:54.206321,14.90743,77.61884,61.3,34.43,56.8,217.57,Moderate,Clear,57.9,High Risk,High,252.8
TRK-104,DRV-804,Vikram Reddy,High-Capacity Freight (Eicher Pro 6048),2026-08-31T06:59:54.206321,14.66258,77.60376,70.4,38.17,53.6,190.37,Moderate,Clear,63.2,High Risk,High,196.5
TRK-104,DRV-804,Vikram Reddy,High-Capacity Freight (Eicher Pro 6048),2026-08-31T07:03:54.206321,14.41985,77.64349,84.7,33.3,51.1,163.18,Low,Clear,68.4,In Transit,Low,112.2
TRK-104,DRV-804,Vikram Reddy,High-Capacity Freight (Eicher Pro 6048),2026-08-31T07:07:54.206321,14.17712,77.68322,88.4,32.47,44.5,135.98,Low,Clear,73.7,In Transit,Low,88.1
TRK-104,DRV-804,Vikram Reddy,High-Capacity Freight (Eicher Pro 6048),2026-08-31T07:11:54.206321,13.93439,77.72295,85.8,38.42,41.3,108.78,Moderate,Clear,78.9,In Transit,Moderate,86.4
TRK-104,DRV-804,Vikram Reddy,High-Capacity Freight (Eicher Pro 6048),2026-08-31T07:15:54.206321,13.69063,77.74217,86.9,35.59,39.5,81.59,Low,Clear,84.2,In Transit,Low,57.7
TRK-104,DRV-804,Vikram Reddy,High-Capacity Freight (Eicher Pro 6048),2026-08-31T07:19:54.206321,13.44519,77.72822,68.9,38.94,35.6,54.39,Moderate,Clear,89.5,In Transit,Moderate,57.4
TRK-104,DRV-804,Vikram Reddy,High-Capacity Freight (Eicher Pro 6048),2026-08-31T07:23:54.206321,13.20817,77.66281,80.8,35.29,32.3,27.2,Low,Clear,94.7,In Transit,Low,21.1
TRK-104,DRV-804,Vikram Reddy,High-Capacity Freight (Eicher Pro 6048),2026-08-31T07:27:54.206321,12.9716,77.5946,74.4,29.32,26.9,0.0,Low,Clear,100.0,Arrived,Low,0.8
TRK-104,DRV-804,Vikram Reddy,High-Capacity Freight (Eicher Pro 6048),2026-08-31T20:11:54.206321,17.385,78.4867,78.1,35.32,105.2,516.73,Low,Clear,0.0,In Transit,Low,397.2
TRK-104,DRV-804,Vikram Reddy,High-Capacity Freight (Eicher Pro 6048),2026-08-31T20:15:54.206321,17.18398,78.35515,37.1,50.2,98.4,489.53,Severe,Clear,5.3,Delayed,High,1582.2
TRK-104,DRV-804,Vikram Reddy,High-Capacity Freight (Eicher Pro 6048),2026-08-31T20:19:54.206321,17.00837,78.19353,58.1,40.66,91.7,462.33,High,Clear,10.5,High Risk,High,723.4
TRK-104,DRV-804,Vikram Reddy,High-Capacity Freight (Eicher Pro 6048),2026-08-31T20:23:54.206321,16.76805,78.14031,47.4,50.82,88.0,435.14,Severe,Clear,15.8,High Risk,High,1099.8
TRK-104,DRV-804,Vikram Reddy,High-Capacity Freight (Eicher Pro 6048),2026-08-31T20:27:54.206321,16.52366,78.11353,91.3,31.1,84.0,407.94,Low,Clear,21.1,In Transit,Low,268.7
TRK-104,DRV-804,Vikram Reddy,High-Capacity Freight (Eicher Pro 6048),2026-08-31T20:31:54.206321,16.27927,78.08674,72.2,34.68,79.2,380.75,Low,Clear,26.3,In Transit,Low,315.7
TRK-104,DRV-804,Vikram Reddy,High-Capacity Freight (Eicher Pro 6048),2026-08-31T20:35:54.206321,16.03487,78.05996,51.4,41.21,79.3,353.55,High,Clear,31.6,High Risk,High,622.1
TRK-104,DRV-804,Vikram Reddy,High-Capacity Freight (Eicher Pro 6048),2026-08-31T20:39:54.206321,15.79492,78.01856,89.9,32.68,72.7,326.35,Low,Clear,36.8,In Transit,Low,216.6
TRK-104,DRV-804,Vikram Reddy,High-Capacity Freight (Eicher Pro 6048),2026-08-31T20:43:54.206321,15.57935,77.89681,87.3,35.06,66.9,299.16,Low,Clear,42.1,In Transit,Low,199.6
TRK-104,DRV-804,Vikram Reddy,High-Capacity Freight (Eicher Pro 6048),2026-08-31T20:47:54.206321,15.36379,77.77507,80.6,32.45,63.4,271.96,Low,Clear,47.4,In Transit,Low,202.5
TRK-104,DRV-804,Vikram Reddy,High-Capacity Freight (Eicher Pro 6048),2026-08-31T20:51:54.206321,15.14823,77.65332,71.2,38.76,59.3,244.77,High,Clear,52.6,High Risk,High,314.6
TRK-104,DRV-804,Vikram Reddy,High-Capacity Freight (Eicher Pro 6048),2026-08-31T20:55:54.206321,14.90743,77.61884,62.7,37.52,55.5,217.57,Moderate,Clear,57.9,High Risk,High,246.6
TRK-104,DRV-804,Vikram Reddy,High-Capacity Freight (Eicher Pro 6048),2026-08-31T20:59:54.206321,14.66258,77.60376,84.9,35.26,52.0,190.37,Low,Clear,63.2,In Transit,Low,135.0
TRK-104,DRV-804,Vikram Reddy,High-Capacity Freight (Eicher Pro 6048),2026-08-31T21:03:54.206321,14.41985,77.64349,90.5,33.0,49.9,163.18,Low,Clear,68.4,In Transit,Low,109.5
TRK-104,DRV-804,Vikram Reddy,High-Capacity Freight (Eicher Pro 6048),2026-08-31T21:07:54.206321,14.17712,77.68322,54.1,41.84,42.3,135.98,High,Clear,73.7,High Risk,High,228.8
TRK-104,DRV-804,Vikram Reddy,High-Capacity Freight (Eicher Pro 6048),2026-08-31T21:11:54.206321,13.93439,77.72295,92.2,34.14,40.4,108.78,Low,Clear,78.9,In Transit,Low,73.2
TRK-104,DRV-804,Vikram Reddy,High-Capacity Freight (Eicher Pro 6048),2026-08-31T21:15:54.206321,13.69063,77.74217,83.0,34.22,38.0,81.59,Low,Clear,84.2,In Transit,Low,59.0
TRK-104,DRV-804,Vikram Reddy,High-Capacity Freight (Eicher Pro 6048),2026-08-31T21:19:54.206321,13.44519,77.72822,60.5,39.21,33.7,54.39,High,Clear,89.5,In Transit,Moderate,78.6
TRK-104,DRV-804,Vikram Reddy,High-Capacity Freight (Eicher Pro 6048),2026-08-31T21:23:54.206321,13.20817,77.66281,91.2,36.55,26.0,27.2,Low,Clear,94.7,In Transit,Low,15.7
TRK-104,DRV-804,Vikram Reddy,High-Capacity Freight (Eicher Pro 6048),2026-08-31T21:27:54.206321,12.9716,77.5946,57.1,42.3,23.4,0.0,High,Clear,100.0,In Transit,Moderate,1.4
TRK-104,DRV-804,Vikram Reddy,High-Capacity Freight (Eicher Pro 6048),2026-09-01T10:11:54.206321,17.385,78.4867,58.9,39.49,99.7,516.73,Moderate,Fog,0.0,High Risk,High,852.5
TRK-104,DRV-804,Vikram Reddy,High-Capacity Freight (Eicher Pro 6048),2026-09-01T10:15:54.206321,17.18398,78.35515,81.8,38.46,95.9,489.53,Low,Fog,5.3,High Risk,High,474.2
TRK-104,DRV-804,Vikram Reddy,High-Capacity Freight (Eicher Pro 6048),2026-09-01T10:19:54.206321,17.00837,78.19353,75.2,38.38,91.7,462.33,Low,Fog,10.5,High Risk,High,496.7
TRK-104,DRV-804,Vikram Reddy,High-Capacity Freight (Eicher Pro 6048),2026-09-01T10:23:54.206321,16.76805,78.14031,59.5,41.46,88.8,435.14,Moderate,Fog,15.8,High Risk,High,712.7
TRK-104,DRV-804,Vikram Reddy,High-Capacity Freight (Eicher Pro 6048),2026-09-01T10:27:54.206321,16.52366,78.11353,76.5,36.19,84.6,407.94,Low,Fog,21.1,High Risk,High,430.3
TRK-104,DRV-804,Vikram Reddy,High-Capacity Freight (Eicher Pro 6048),2026-09-01T10:31:54.206321,16.27927,78.08674,77.3,36.19,78.9,380.75,Low,Fog,26.3,High Risk,High,396.0
TRK-104,DRV-804,Vikram Reddy,High-Capacity Freight (Eicher Pro 6048),2026-09-01T10:35:54.206321,16.03487,78.05996,62.9,38.35,82.4,353.55,Low,Fog,31.6,High Risk,High,463.0
TRK-104,DRV-804,Vikram Reddy,High-Capacity Freight (Eicher Pro 6048),2026-09-01T10:39:54.206321,15.79492,78.01856,67.1,36.92,73.6,326.35,Low,Fog,36.8,High Risk,High,389.4
TRK-104,DRV-804,Vikram Reddy,High-Capacity Freight (Eicher Pro 6048),2026-09-01T10:43:54.206321,15.57935,77.89681,76.0,37.77,69.6,299.16,Low,Fog,42.1,High Risk,High,319.9
TRK-104,DRV-804,Vikram Reddy,High-Capacity Freight (Eicher Pro 6048),2026-09-01T10:47:54.206321,15.36379,77.77507,82.5,36.33,62.2,271.96,Low,Fog,47.4,High Risk,High,269.0
TRK-104,DRV-804,Vikram Reddy,High-Capacity Freight (Eicher Pro 6048),2026-09-01T10:51:54.206321,15.14823,77.65332,61.3,39.97,60.9,244.77,Moderate,Fog,52.6,High Risk,High,384.0
TRK-104,DRV-804,Vikram Reddy,High-Capacity Freight (Eicher Pro 6048),2026-09-01T10:55:54.206321,14.90743,77.61884,60.4,39.56,56.1,217.57,Moderate,Fog,57.9,High Risk,High,351.9
TRK-104,DRV-804,Vikram Reddy,High-Capacity Freight (Eicher Pro 6048),2026-09-01T10:59:54.206321,14.66258,77.60376,71.1,41.98,54.4,190.37,Moderate,Fog,63.2,High Risk,High,259.6
TRK-104,DRV-804,Vikram Reddy,High-Capacity Freight (Eicher Pro 6048),2026-09-01T11:03:54.206321,14.41985,77.64349,80.7,38.76,49.6,163.18,Low,Fog,68.4,High Risk,High,165.1
TRK-104,DRV-804,Vikram Reddy,High-Capacity Freight (Eicher Pro 6048),2026-09-01T11:07:54.206321,14.17712,77.68322,69.3,38.82,44.6,135.98,Low,Fog,73.7,High Risk,High,163.6
TRK-104,DRV-804,Vikram Reddy,High-Capacity Freight (Eicher Pro 6048),2026-09-01T11:11:54.206321,13.93439,77.72295,38.1,51.1,40.5,108.78,Severe,Fog,78.9,Delayed,High,462.5
TRK-104,DRV-804,Vikram Reddy,High-Capacity Freight (Eicher Pro 6048),2026-09-01T11:15:54.206321,13.69063,77.74217,68.5,39.91,35.0,81.59,Moderate,Fog,84.2,High Risk,High,116.9
TRK-104,DRV-804,Vikram Reddy,High-Capacity Freight (Eicher Pro 6048),2026-09-01T11:19:54.206321,13.44519,77.72822,66.9,41.36,30.1,54.39,Moderate,Fog,89.5,High Risk,High,74.9
TRK-104,DRV-804,Vikram Reddy,High-Capacity Freight (Eicher Pro 6048),2026-09-01T11:23:54.206321,13.20817,77.66281,56.0,44.22,23.4,27.2,High,Fog,94.7,High Risk,High,59.9
TRK-104,DRV-804,Vikram Reddy,High-Capacity Freight (Eicher Pro 6048),2026-09-01T11:27:54.206321,12.9716,77.5946,53.6,42.57,25.4,0.0,High,Fog,100.0,In Transit,Moderate,4.4
TRK-104,DRV-804,Vikram Reddy,High-Capacity Freight (Eicher Pro 6048),2026-09-02T00:11:54.206321,17.385,78.4867,87.8,33.09,97.5,516.73,Low,Clear,0.0,In Transit,Low,359.3
TRK-104,DRV-804,Vikram Reddy,High-Capacity Freight (Eicher Pro 6048),2026-09-02T00:15:54.206321,17.18398,78.35515,79.4,34.42,98.4,489.53,Moderate,Clear,5.3,High Risk,High,442.6
TRK-104,DRV-804,Vikram Reddy,High-Capacity Freight (Eicher Pro 6048),2026-09-02T00:19:54.206321,17.00837,78.19353,89.1,32.81,92.2,462.33,Low,Clear,10.5,In Transit,Low,307.5
TRK-104,DRV-804,Vikram Reddy,High-Capacity Freight (Eicher Pro 6048),2026-09-02T00:23:54.206321,16.76805,78.14031,88.9,34.84,85.5,435.14,Low,Clear,15.8,In Transit,Low,291.0
TRK-104,DRV-804,Vikram Reddy,High-Capacity Freight (Eicher Pro 6048),2026-09-02T00:27:54.206321,16.52366,78.11353,83.3,35.7,81.7,407.94,Low,Clear,21.1,In Transit,Low,293.9
TRK-104,DRV-804,Vikram Reddy,High-Capacity Freight (Eicher Pro 6048),2026-09-02T00:31:54.206321,16.27927,78.08674,87.8,34.72,80.9,380.75,Low,Clear,26.3,In Transit,Low,256.8
TRK-104,DRV-804,Vikram Reddy,High-Capacity Freight (Eicher Pro 6048),2026-09-02T00:35:54.206321,16.03487,78.05996,91.0,31.86,74.8,353.55,Low,Clear,31.6,In Transit,Low,230.3
TRK-104,DRV-804,Vikram Reddy,High-Capacity Freight (Eicher Pro 6048),2026-09-02T00:39:54.206321,15.79492,78.01856,83.7,35.94,72.4,326.35,Low,Clear,36.8,In Transit,Low,233.0
TRK-104,DRV-804,Vikram Reddy,High-Capacity Freight (Eicher Pro 6048),2026-09-02T00:43:54.206321,15.57935,77.89681,51.7,50.09,72.3,299.16,Severe,Clear,42.1,High Risk,High,693.4
TRK-104,DRV-804,Vikram Reddy,High-Capacity Freight (Eicher Pro 6048),2026-09-02T00:47:54.206321,15.36379,77.77507,64.3,38.7,65.6,271.96,Moderate,Clear,47.4,High Risk,High,303.7
TRK-104,DRV-804,Vikram Reddy,High-Capacity Freight (Eicher Pro 6048),2026-09-02T00:51:54.206321,15.14823,77.65332,80.6,31.59,63.3,244.77,Low,Clear,52.6,In Transit,Low,184.6
TRK-104,DRV-804,Vikram Reddy,High-Capacity Freight (Eicher Pro 6048),2026-09-02T00:55:54.206321,14.90743,77.61884,66.5,38.35,57.4,217.57,Moderate,Clear,57.9,High Risk,High,235.0
TRK-104,DRV-804,Vikram Reddy,High-Capacity Freight (Eicher Pro 6048),2026-09-02T00:59:54.206321,14.66258,77.60376,86.2,33.28,55.2,190.37,Low,Clear,63.2,In Transit,Low,132.8
TRK-104,DRV-804,Vikram Reddy,High-Capacity Freight (Eicher Pro 6048),2026-09-02T01:03:54.206321,14.41985,77.64349,83.8,38.54,48.0,163.18,Moderate,Clear,68.4,High Risk,High,142.1
TRK-104,DRV-804,Vikram Reddy,High-Capacity Freight (Eicher Pro 6048),2026-09-02T01:07:54.206321,14.17712,77.68322,97.6,34.94,45.2,135.98,Low,Clear,73.7,In Transit,Low,87.2
TRK-104,DRV-804,Vikram Reddy,High-Capacity Freight (Eicher Pro 6048),2026-09-02T01:11:54.206321,13.93439,77.72295,54.9,42.77,42.2,108.78,High,Clear,78.9,High Risk,High,173.0
TRK-104,DRV-804,Vikram Reddy,High-Capacity Freight (Eicher Pro 6048),2026-09-02T01:15:54.206321,13.69063,77.74217,85.0,31.26,37.4,81.59,Low,Clear,84.2,In Transit,Low,62.1
TRK-104,DRV-804,Vikram Reddy,High-Capacity Freight (Eicher Pro 6048),2026-09-02T01:19:54.206321,13.44519,77.72822,65.4,35.93,34.2,54.39,Moderate,Clear,89.5,In Transit,Moderate,66.4
TRK-104,DRV-804,Vikram Reddy,High-Capacity Freight (Eicher Pro 6048),2026-09-02T01:23:54.206321,13.20817,77.66281,46.1,50.52,29.1,27.2,Severe,Clear,94.7,High Risk,High,69.0
TRK-104,DRV-804,Vikram Reddy,High-Capacity Freight (Eicher Pro 6048),2026-09-02T01:27:54.206321,12.9716,77.5946,92.7,34.83,26.0,0.0,Low,Clear,100.0,Arrived,Low,0.5
TRK-104,DRV-804,Vikram Reddy,High-Capacity Freight (Eicher Pro 6048),2026-09-02T14:11:54.206321,17.385,78.4867,60.9,39.94,100.9,516.73,High,Clear,0.0,High Risk,High,765.7
TRK-104,DRV-804,Vikram Reddy,High-Capacity Freight (Eicher Pro 6048),2026-09-02T14:15:54.206321,17.18398,78.35515,79.2,33.78,96.1,489.53,Low,Clear,5.3,In Transit,Low,366.8
TRK-104,DRV-804,Vikram Reddy,High-Capacity Freight (Eicher Pro 6048),2026-09-02T14:19:54.206321,17.00837,78.19353,65.3,40.71,90.9,462.33,High,Clear,10.5,High Risk,High,633.9
TRK-104,DRV-804,Vikram Reddy,High-Capacity Freight (Eicher Pro 6048),2026-09-02T14:23:54.206321,16.76805,78.14031,70.5,36.72,87.0,435.14,Moderate,Clear,15.8,High Risk,High,439.8
TRK-104,DRV-804,Vikram Reddy,High-Capacity Freight (Eicher Pro 6048),2026-09-02T14:27:54.206321,16.52366,78.11353,72.4,37.17,83.9,407.94,Moderate,Clear,21.1,High Risk,High,399.2
TRK-104,DRV-804,Vikram Reddy,High-Capacity Freight (Eicher Pro 6048),2026-09-02T14:31:54.206321,16.27927,78.08674,87.2,35.22,83.2,380.75,Low,Clear,26.3,In Transit,Low,262.6
TRK-104,DRV-804,Vikram Reddy,High-Capacity Freight (Eicher Pro 6048),2026-09-02T14:35:54.206321,16.03487,78.05996,78.3,37.08,79.1,353.55,Low,Clear,31.6,In Transit,Low,274.4
TRK-104,DRV-804,Vikram Reddy,High-Capacity Freight (Eicher Pro 6048),2026-09-02T14:39:54.206321,15.79492,78.01856,66.2,40.2,72.8,326.35,Moderate,Clear,36.8,High Risk,High,358.6
TRK-104,DRV-804,Vikram Reddy,High-Capacity Freight (Eicher Pro 6048),2026-09-02T14:43:54.206321,15.57935,77.89681,50.7,42.43,70.5,299.16,High,Clear,42.1,High Risk,High,535.7
TRK-104,DRV-804,Vikram Reddy,High-Capacity Freight (Eicher Pro 6048),2026-09-02T14:47:54.206321,15.36379,77.77507,88.2,32.53,66.5,271.96,Low,Clear,47.4,In Transit,Low,183.6
TRK-104,DRV-804,Vikram Reddy,High-Capacity Freight (Eicher Pro 6048),2026-09-02T14:51:54.206321,15.14823,77.65332,79.9,35.93,59.8,244.77,Moderate,Clear,52.6,High Risk,High,216.8
TRK-104,DRV-804,Vikram Reddy,High-Capacity Freight (Eicher Pro 6048),2026-09-02T14:55:54.206321,14.90743,77.61884,70.7,32.95,56.3,217.57,Low,Clear,57.9,In Transit,Low,186.0
TRK-104,DRV-804,Vikram Reddy,High-Capacity Freight (Eicher Pro 6048),2026-09-02T14:59:54.206321,14.66258,77.60376,40.8,51.49,52.5,190.37,Severe,Clear,63.2,High Risk,High,559.6
TRK-104,DRV-804,Vikram Reddy,High-Capacity Freight (Eicher Pro 6048),2026-09-02T15:03:54.206321,14.41985,77.64349,74.7,31.97,50.9,163.18,Low,Clear,68.4,In Transit,Low,126.6
TRK-104,DRV-804,Vikram Reddy,High-Capacity Freight (Eicher Pro 6048),2026-09-02T15:07:54.206321,14.17712,77.68322,81.4,35.45,40.7,135.98,Low,Clear,73.7,In Transit,Low,95.8
TRK-104,DRV-804,Vikram Reddy,High-Capacity Freight (Eicher Pro 6048),2026-09-02T15:11:54.206321,13.93439,77.72295,82.3,36.09,36.9,108.78,Low,Clear,78.9,In Transit,Low,79.4
TRK-104,DRV-804,Vikram Reddy,High-Capacity Freight (Eicher Pro 6048),2026-09-02T15:15:54.206321,13.69063,77.74217,89.5,33.75,40.3,81.59,Low,Clear,84.2,In Transit,Low,56.5
TRK-104,DRV-804,Vikram Reddy,High-Capacity Freight (Eicher Pro 6048),2026-09-02T15:19:54.206321,13.44519,77.72822,85.3,33.83,34.1,54.39,Low,Clear,89.5,In Transit,Low,35.0
TRK-104,DRV-804,Vikram Reddy,High-Capacity Freight (Eicher Pro 6048),2026-09-02T15:23:54.206321,13.20817,77.66281,84.1,33.56,26.3,27.2,Low,Clear,94.7,In Transit,Low,18.2
TRK-104,DRV-804,Vikram Reddy,High-Capacity Freight (Eicher Pro 6048),2026-09-02T15:27:54.206321,12.9716,77.5946,80.9,34.8,22.1,0.0,Moderate,Clear,100.0,Arrived,Low,5.8
TRK-104,DRV-804,Vikram Reddy,High-Capacity Freight (Eicher Pro 6048),2026-09-03T04:11:54.206321,17.385,78.4867,47.9,43.32,102.3,516.73,High,Fog,0.0,High Risk,High,1311.8
TRK-104,DRV-804,Vikram Reddy,High-Capacity Freight (Eicher Pro 6048),2026-09-03T04:15:54.206321,17.18398,78.35515,80.9,34.82,92.9,489.53,Low,Fog,5.3,High Risk,High,487.8
TRK-104,DRV-804,Vikram Reddy,High-Capacity Freight (Eicher Pro 6048),2026-09-03T04:19:54.206321,17.00837,78.19353,63.7,34.56,93.1,462.33,Low,Fog,10.5,High Risk,High,596.0
TRK-104,DRV-804,Vikram Reddy,High-Capacity Freight (Eicher Pro 6048),2026-09-03T04:23:54.206321,16.76805,78.14031,33.2,51.9,90.4,435.14,Severe,Fog,15.8,Delayed,High,2122.4
TRK-104,DRV-804,Vikram Reddy,High-Capacity Freight (Eicher Pro 6048),2026-09-03T04:27:54.206321,16.52366,78.11353,83.3,34.61,85.7,407.94,Low,Fog,21.1,High Risk,High,398.5
TRK-104,DRV-804,Vikram Reddy,High-Capacity Freight (Eicher Pro 6048),2026-09-03T04:31:54.206321,16.27927,78.08674,58.0,43.15,79.1,380.75,Moderate,Fog,26.3,High Risk,High,636.4
TRK-104,DRV-804,Vikram Reddy,High-Capacity Freight (Eicher Pro 6048),2026-09-03T04:35:54.206321,16.03487,78.05996,46.5,44.06,77.0,353.55,High,Fog,31.6,High Risk,High,926.3
TRK-104,DRV-804,Vikram Reddy,High-Capacity Freight (Eicher Pro 6048),2026-09-03T04:39:54.206321,15.79492,78.01856,60.5,40.08,73.1,326.35,Moderate,Fog,36.8,High Risk,High,522.7
TRK-104,DRV-804,Vikram Reddy,High-Capacity Freight (Eicher Pro 6048),2026-09-03T04:43:54.206321,15.57935,77.89681,61.3,39.55,67.6,299.16,Moderate,Fog,42.1,High Risk,High,475.3
TRK-104,DRV-804,Vikram Reddy,High-Capacity Freight (Eicher Pro 6048),2026-09-03T04:47:54.206321,15.36379,77.77507,33.1,51.59,62.3,271.96,Severe,Fog,47.4,Delayed,High,1330.6
TRK-104,DRV-804,Vikram Reddy,High-Capacity Freight (Eicher Pro 6048),2026-09-03T04:51:54.206321,15.14823,77.65332,50.5,48.08,61.1,244.77,High,Fog,52.6,High Risk,High,587.9
TRK-104,DRV-804,Vikram Reddy,High-Capacity Freight (Eicher Pro 6048),2026-09-03T04:55:54.206321,14.90743,77.61884,77.2,35.69,58.9,217.57,Low,Fog,57.9,High Risk,High,230.3
TRK-104,DRV-804,Vikram Reddy,High-Capacity Freight (Eicher Pro 6048),2026-09-03T04:59:54.206321,14.66258,77.60376,72.9,37.72,52.4,190.37,Low,Fog,63.2,High Risk,High,214.5
TRK-104,DRV-804,Vikram Reddy,High-Capacity Freight (Eicher Pro 6048),2026-09-03T05:03:54.206321,14.41985,77.64349,62.8,36.13,48.7,163.18,Moderate,Fog,68.4,High Risk,High,250.8
TRK-104,DRV-804,Vikram Reddy,High-Capacity Freight (Eicher Pro 6048),2026-09-03T05:07:54.206321,14.17712,77.68322,65.7,39.5,45.2,135.98,Moderate,Fog,73.7,High Risk,High,198.2
TRK-104,DRV-804,Vikram Reddy,High-Capacity Freight (Eicher Pro 6048),2026-09-03T05:11:54.206321,13.93439,77.72295,65.4,37.2,41.6,108.78,Moderate,Fog,78.9,High Risk,High,161.2
TRK-104,DRV-804,Vikram Reddy,High-Capacity Freight (Eicher Pro 6048),2026-09-03T05:15:54.206321,13.69063,77.74217,39.9,44.91,32.8,81.59,High,Fog,84.2,Delayed,High,253.0
TRK-104,DRV-804,Vikram Reddy,High-Capacity Freight (Eicher Pro 6048),2026-09-03T05:19:54.206321,13.44519,77.72822,52.6,46.55,34.5,54.39,High,Fog,89.5,High Risk,High,125.4
TRK-104,DRV-804,Vikram Reddy,High-Capacity Freight (Eicher Pro 6048),2026-09-03T05:23:54.206321,13.20817,77.66281,66.3,37.86,27.0,27.2,Low,Fog,94.7,In Transit,Moderate,37.9
TRK-104,DRV-804,Vikram Reddy,High-Capacity Freight (Eicher Pro 6048),2026-09-03T05:27:54.206321,12.9716,77.5946,39.8,50.3,27.1,0.0,Severe,Fog,100.0,Arrived,Low,0.5
TRK-104,DRV-804,Vikram Reddy,High-Capacity Freight (Eicher Pro 6048),2026-09-03T18:11:54.206321,17.385,78.4867,81.7,34.7,101.7,516.73,Low,Clear,0.0,In Transit,Low,384.1
TRK-104,DRV-804,Vikram Reddy,High-Capacity Freight (Eicher Pro 6048),2026-09-03T18:15:54.206321,17.18398,78.35515,82.0,38.31,96.9,489.53,Moderate,Clear,5.3,High Risk,High,431.0
TRK-104,DRV-804,Vikram Reddy,High-Capacity Freight (Eicher Pro 6048),2026-09-03T18:19:54.206321,17.00837,78.19353,38.0,49.88,96.4,462.33,Severe,Clear,10.5,Delayed,High,1461.6
TRK-104,DRV-804,Vikram Reddy,High-Capacity Freight (Eicher Pro 6048),2026-09-03T18:23:54.206321,16.76805,78.14031,52.6,36.47,85.8,435.14,Moderate,Clear,15.8,High Risk,High,599.0
TRK-104,DRV-804,Vikram Reddy,High-Capacity Freight (Eicher Pro 6048),2026-09-03T18:27:54.206321,16.52366,78.11353,71.8,36.32,84.7,407.94,Moderate,Clear,21.1,High Risk,High,409.3
TRK-104,DRV-804,Vikram Reddy,High-Capacity Freight (Eicher Pro 6048),2026-09-03T18:31:54.206321,16.27927,78.08674,51.7,49.25,79.1,380.75,Severe,Clear,26.3,High Risk,High,884.8
TRK-104,DRV-804,Vikram Reddy,High-Capacity Freight (Eicher Pro 6048),2026-09-03T18:35:54.206321,16.03487,78.05996,88.7,36.31,76.8,353.55,Low,Clear,31.6,In Transit,Low,241.0
TRK-104,DRV-804,Vikram Reddy,High-Capacity Freight (Eicher Pro 6048),2026-09-03T18:39:54.206321,15.79492,78.01856,46.1,50.61,69.8,326.35,Severe,Clear,36.8,High Risk,High,845.6
TRK-104,DRV-804,Vikram Reddy,High-Capacity Freight (Eicher Pro 6048),2026-09-03T18:43:54.206321,15.57935,77.89681,87.2,36.9,71.0,299.16,Low,Clear,42.1,In Transit,Low,208.7
TRK-104,DRV-804,Vikram Reddy,High-Capacity Freight (Eicher Pro 6048),2026-09-03T18:47:54.206321,15.36379,77.77507,61.0,41.86,66.8,271.96,High,Clear,47.4,High Risk,High,407.9
TRK-104,DRV-804,Vikram Reddy,High-Capacity Freight (Eicher Pro 6048),2026-09-03T18:51:54.206321,15.14823,77.65332,55.9,38.98,58.0,244.77,High,Clear,52.6,High Risk,High,399.9
TRK-104,DRV-804,Vikram Reddy,High-Capacity Freight (Eicher Pro 6048),2026-09-03T18:55:54.206321,14.90743,77.61884,48.2,43.5,57.1,217.57,High,Clear,57.9,High Risk,High,396.4
TRK-104,DRV-804,Vikram Reddy,High-Capacity Freight (Eicher Pro 6048),2026-09-03T18:59:54.206321,14.66258,77.60376,80.4,34.27,49.1,190.37,Low,Clear,63.2,In Transit,Low,139.2
TRK-104,DRV-804,Vikram Reddy,High-Capacity Freight (Eicher Pro 6048),2026-09-03T19:03:54.206321,14.41985,77.64349,85.4,34.63,44.6,163.18,Low,Clear,68.4,In Transit,Low,115.9
TRK-104,DRV-804,Vikram Reddy,High-Capacity Freight (Eicher Pro 6048),2026-09-03T19:07:54.206321,14.17712,77.68322,85.0,34.28,40.0,135.98,Low,Clear,73.7,In Transit,Low,91.9
TRK-104,DRV-804,Vikram Reddy,High-Capacity Freight (Eicher Pro 6048),2026-09-03T19:11:54.206321,13.93439,77.72295,83.4,36.49,42.2,108.78,Low,Clear,78.9,In Transit,Low,85.5
TRK-104,DRV-804,Vikram Reddy,High-Capacity Freight (Eicher Pro 6048),2026-09-03T19:15:54.206321,13.69063,77.74217,95.4,33.0,39.3,81.59,Low,Clear,84.2,In Transit,Low,49.5
TRK-104,DRV-804,Vikram Reddy,High-Capacity Freight (Eicher Pro 6048),2026-09-03T19:19:54.206321,13.44519,77.72822,88.0,35.24,29.9,54.39,Low,Clear,89.5,In Transit,Low,39.5
TRK-104,DRV-804,Vikram Reddy,High-Capacity Freight (Eicher Pro 6048),2026-09-03T19:23:54.206321,13.20817,77.66281,84.1,31.67,29.4,27.2,Low,Clear,94.7,In Transit,Low,19.9
TRK-104,DRV-804,Vikram Reddy,High-Capacity Freight (Eicher Pro 6048),2026-09-03T19:27:54.206321,12.9716,77.5946,39.6,50.17,24.8,0.0,Severe,Clear,100.0,Arrived,Low,1.8
TRK-104,DRV-804,Vikram Reddy,High-Capacity Freight (Eicher Pro 6048),2026-09-04T08:11:54.206321,17.385,78.4867,81.2,31.69,99.4,516.73,Low,Clear,0.0,In Transit,Low,379.9
TRK-104,DRV-804,Vikram Reddy,High-Capacity Freight (Eicher Pro 6048),2026-09-04T08:15:54.206321,17.18398,78.35515,68.4,38.06,96.8,489.53,Moderate,Clear,5.3,High Risk,High,518.0
TRK-104,DRV-804,Vikram Reddy,High-Capacity Freight (Eicher Pro 6048),2026-09-04T08:19:54.206321,17.00837,78.19353,87.5,33.69,91.2,462.33,Low,Clear,10.5,In Transit,Low,312.4
TRK-104,DRV-804,Vikram Reddy,High-Capacity Freight (Eicher Pro 6048),2026-09-04T08:23:54.206321,16.76805,78.14031,50.9,40.95,91.3,435.14,High,Clear,15.8,High Risk,High,777.8
TRK-104,DRV-804,Vikram Reddy,High-Capacity Freight (Eicher Pro 6048),2026-09-04T08:27:54.206321,16.52366,78.11353,72.2,40.08,82.2,407.94,Moderate,Clear,21.1,High Risk,High,409.3
TRK-104,DRV-804,Vikram Reddy,High-Capacity Freight (Eicher Pro 6048),2026-09-04T08:31:54.206321,16.27927,78.08674,88.3,33.95,80.4,380.75,Low,Clear,26.3,In Transit,Low,252.0
TRK-104,DRV-804,Vikram Reddy,High-Capacity Freight (Eicher Pro 6048),2026-09-04T08:35:54.206321,16.03487,78.05996,75.9,36.05,75.8,353.55,Moderate,Clear,31.6,High Risk,High,336.3
TRK-104,DRV-804,Vikram Reddy,High-Capacity Freight (Eicher Pro 6048),2026-09-04T08:39:54.206321,15.79492,78.01856,66.1,39.39,69.5,326.35,Moderate,Clear,36.8,High Risk,High,353.8
TRK-104,DRV-804,Vikram Reddy,High-Capacity Freight (Eicher Pro 6048),2026-09-04T08:43:54.206321,15.57935,77.89681,48.3,50.99,71.1,299.16,Severe,Clear,42.1,High Risk,High,744.7
TRK-104,DRV-804,Vikram Reddy,High-Capacity Freight (Eicher Pro 6048),2026-09-04T08:47:54.206321,15.36379,77.77507,69.0,35.3,61.5,271.96,Moderate,Clear,47.4,High Risk,High,280.2
TRK-104,DRV-804,Vikram Reddy,High-Capacity Freight (Eicher Pro 6048),2026-09-04T08:51:54.206321,15.14823,77.65332,56.2,41.5,62.4,244.77,High,Clear,52.6,High Risk,High,388.0
TRK-104,DRV-804,Vikram Reddy,High-Capacity Freight (Eicher Pro 6048),2026-09-04T08:55:54.206321,14.90743,77.61884,75.6,34.36,57.0,217.57,Moderate,Clear,57.9,High Risk,High,207.6
TRK-104,DRV-804,Vikram Reddy,High-Capacity Freight (Eicher Pro 6048),2026-09-04T08:59:54.206321,14.66258,77.60376,46.6,46.03,52.8,190.37,Severe,Clear,63.2,High Risk,High,494.2
TRK-104,DRV-804,Vikram Reddy,High-Capacity Freight (Eicher Pro 6048),2026-09-04T09:03:54.206321,14.41985,77.64349,53.1,40.19,44.2,163.18,High,Clear,68.4,High Risk,High,276.2
TRK-104,DRV-804,Vikram Reddy,High-Capacity Freight (Eicher Pro 6048),2026-09-04T09:07:54.206321,14.17712,77.68322,82.4,36.46,44.7,135.98,Low,Clear,73.7,In Transit,Low,99.4
TRK-104,DRV-804,Vikram Reddy,High-Capacity Freight (Eicher Pro 6048),2026-09-04T09:11:54.206321,13.93439,77.72295,76.3,30.81,41.9,108.78,Low,Clear,78.9,In Transit,Low,83.9
TRK-104,DRV-804,Vikram Reddy,High-Capacity Freight (Eicher Pro 6048),2026-09-04T09:15:54.206321,13.69063,77.74217,41.3,48.06,38.2,81.59,Severe,Clear,84.2,High Risk,High,240.4
TRK-104,DRV-804,Vikram Reddy,High-Capacity Freight (Eicher Pro 6048),2026-09-04T09:19:54.206321,13.44519,77.72822,80.7,37.08,32.1,54.39,Low,Clear,89.5,In Transit,Low,41.1
TRK-104,DRV-804,Vikram Reddy,High-Capacity Freight (Eicher Pro 6048),2026-09-04T09:23:54.206321,13.20817,77.66281,60.7,44.24,28.4,27.2,High,Clear,94.7,In Transit,Moderate,46.0
TRK-104,DRV-804,Vikram Reddy,High-Capacity Freight (Eicher Pro 6048),2026-09-04T09:27:54.206321,12.9716,77.5946,90.7,36.67,22.4,0.0,Low,Clear,100.0,Arrived,Low,1.1
TRK-104,DRV-804,Vikram Reddy,High-Capacity Freight (Eicher Pro 6048),2026-09-04T22:11:54.206321,17.385,78.4867,75.0,37.37,97.7,516.73,Low,Clear,0.0,In Transit,Low,410.3
TRK-104,DRV-804,Vikram Reddy,High-Capacity Freight (Eicher Pro 6048),2026-09-04T22:15:54.206321,17.18398,78.35515,80.0,37.46,95.6,489.53,Low,Clear,5.3,In Transit,Low,370.2
TRK-104,DRV-804,Vikram Reddy,High-Capacity Freight (Eicher Pro 6048),2026-09-04T22:19:54.206321,17.00837,78.19353,77.9,37.51,95.7,462.33,Moderate,Clear,10.5,High Risk,High,429.8
TRK-104,DRV-804,Vikram Reddy,High-Capacity Freight (Eicher Pro 6048),2026-09-04T22:23:54.206321,16.76805,78.14031,75.3,36.31,88.4,435.14,Low,Clear,15.8,In Transit,Low,352.3
TRK-104,DRV-804,Vikram Reddy,High-Capacity Freight (Eicher Pro 6048),2026-09-04T22:27:54.206321,16.52366,78.11353,93.5,34.78,85.7,407.94,Low,Clear,21.1,In Transit,Low,267.9
TRK-104,DRV-804,Vikram Reddy,High-Capacity Freight (Eicher Pro 6048),2026-09-04T22:31:54.206321,16.27927,78.08674,55.9,50.49,79.8,380.75,Severe,Clear,26.3,High Risk,High,817.8
TRK-104,DRV-804,Vikram Reddy,High-Capacity Freight (Eicher Pro 6048),2026-09-04T22:35:54.206321,16.03487,78.05996,57.7,40.14,76.5,353.55,High,Clear,31.6,High Risk,High,550.2
TRK-104,DRV-804,Vikram Reddy,High-Capacity Freight (Eicher Pro 6048),2026-09-04T22:39:54.206321,15.79492,78.01856,62.6,34.81,72.9,326.35,Moderate,Clear,36.8,High Risk,High,363.2
TRK-104,DRV-804,Vikram Reddy,High-Capacity Freight (Eicher Pro 6048),2026-09-04T22:43:54.206321,15.57935,77.89681,51.3,43.42,68.1,299.16,High,Clear,42.1,High Risk,High,524.3
TRK-104,DRV-804,Vikram Reddy,High-Capacity Freight (Eicher Pro 6048),2026-09-04T22:47:54.206321,15.36379,77.77507,90.6,31.78,66.1,271.96,Low,Clear,47.4,In Transit,Low,184.0
TRK-104,DRV-804,Vikram Reddy,High-Capacity Freight (Eicher Pro 6048),2026-09-04T22:51:54.206321,15.14823,77.65332,60.7,34.73,58.5,244.77,Moderate,Clear,52.6,High Risk,High,291.5
TRK-104,DRV-804,Vikram Reddy,High-Capacity Freight (Eicher Pro 6048),2026-09-04T22:55:54.206321,14.90743,77.61884,85.7,33.14,52.0,217.57,Low,Clear,57.9,In Transit,Low,145.5
TRK-104,DRV-804,Vikram Reddy,High-Capacity Freight (Eicher Pro 6048),2026-09-04T22:59:54.206321,14.66258,77.60376,82.9,33.27,51.7,190.37,Low,Clear,63.2,In Transit,Low,145.6
TRK-104,DRV-804,Vikram Reddy,High-Capacity Freight (Eicher Pro 6048),2026-09-04T23:03:54.206321,14.41985,77.64349,78.1,37.5,46.8,163.18,Low,Clear,68.4,In Transit,Low,130.6
TRK-104,DRV-804,Vikram Reddy,High-Capacity Freight (Eicher Pro 6048),2026-09-04T23:07:54.206321,14.17712,77.68322,54.9,43.47,47.5,135.98,High,Clear,73.7,High Risk,High,218.9
TRK-104,DRV-804,Vikram Reddy,High-Capacity Freight (Eicher Pro 6048),2026-09-04T23:11:54.206321,13.93439,77.72295,55.2,41.15,40.5,108.78,High,Clear,78.9,High Risk,High,175.1
TRK-104,DRV-804,Vikram Reddy,High-Capacity Freight (Eicher Pro 6048),2026-09-04T23:15:54.206321,13.69063,77.74217,68.5,39.58,37.5,81.59,Moderate,Clear,84.2,In Transit,Moderate,85.2
TRK-104,DRV-804,Vikram Reddy,High-Capacity Freight (Eicher Pro 6048),2026-09-04T23:19:54.206321,13.44519,77.72822,93.2,34.39,32.8,54.39,Low,Clear,89.5,In Transit,Low,36.3
TRK-104,DRV-804,Vikram Reddy,High-Capacity Freight (Eicher Pro 6048),2026-09-04T23:23:54.206321,13.20817,77.66281,74.7,36.81,27.8,27.2,Low,Clear,94.7,In Transit,Low,24.1
TRK-104,DRV-804,Vikram Reddy,High-Capacity Freight (Eicher Pro 6048),2026-09-04T23:27:54.206321,12.9716,77.5946,82.5,32.39,26.1,0.0,Low,Clear,100.0,Arrived,Low,0.5
TRK-104,DRV-804,Vikram Reddy,High-Capacity Freight (Eicher Pro 6048),2026-09-05T12:11:54.206321,17.385,78.4867,93.0,32.53,98.6,516.73,Low,Clear,0.0,In Transit,Low,330.7
TRK-104,DRV-804,Vikram Reddy,High-Capacity Freight (Eicher Pro 6048),2026-09-05T12:15:54.206321,17.18398,78.35515,67.7,32.48,99.1,489.53,Low,Clear,5.3,In Transit,Low,432.0
TRK-104,DRV-804,Vikram Reddy,High-Capacity Freight (Eicher Pro 6048),2026-09-05T12:19:54.206321,17.00837,78.19353,85.4,34.85,94.0,462.33,Low,Clear,10.5,In Transit,Low,325.1
TRK-104,DRV-804,Vikram Reddy,High-Capacity Freight (Eicher Pro 6048),2026-09-05T12:23:54.206321,16.76805,78.14031,80.8,31.4,90.0,435.14,Moderate,Clear,15.8,High Risk,High,382.1
TRK-104,DRV-804,Vikram Reddy,High-Capacity Freight (Eicher Pro 6048),2026-09-05T12:27:54.206321,16.52366,78.11353,66.5,31.93,85.2,407.94,Moderate,Clear,21.1,High Risk,High,436.7
TRK-104,DRV-804,Vikram Reddy,High-Capacity Freight (Eicher Pro 6048),2026-09-05T12:31:54.206321,16.27927,78.08674,67.2,37.58,81.6,380.75,Moderate,Clear,26.3,High Risk,High,411.7
TRK-104,DRV-804,Vikram Reddy,High-Capacity Freight (Eicher Pro 6048),2026-09-05T12:35:54.206321,16.03487,78.05996,76.2,39.81,75.3,353.55,Moderate,Clear,31.6,High Risk,High,329.7
TRK-104,DRV-804,Vikram Reddy,High-Capacity Freight (Eicher Pro 6048),2026-09-05T12:39:54.206321,15.79492,78.01856,67.8,41.41,74.2,326.35,High,Clear,36.8,High Risk,High,431.8
TRK-104,DRV-804,Vikram Reddy,High-Capacity Freight (Eicher Pro 6048),2026-09-05T12:43:54.206321,15.57935,77.89681,87.4,32.93,69.6,299.16,Low,Clear,42.1,In Transit,Low,207.3
TRK-104,DRV-804,Vikram Reddy,High-Capacity Freight (Eicher Pro 6048),2026-09-05T12:47:54.206321,15.36379,77.77507,79.1,35.87,67.7,271.96,Low,Clear,47.4,In Transit,Low,209.2
TRK-104,DRV-804,Vikram Reddy,High-Capacity Freight (Eicher Pro 6048),2026-09-05T12:51:54.206321,15.14823,77.65332,49.8,44.51,58.8,244.77,High,Clear,52.6,High Risk,High,438.5
TRK-104,DRV-804,Vikram Reddy,High-Capacity Freight (Eicher Pro 6048),2026-09-05T12:55:54.206321,14.90743,77.61884,94.5,31.73,55.7,217.57,Low,Clear,57.9,In Transit,Low,141.7
TRK-104,DRV-804,Vikram Reddy,High-Capacity Freight (Eicher Pro 6048),2026-09-05T12:59:54.206321,14.66258,77.60376,75.1,36.29,55.3,190.37,Moderate,Clear,63.2,High Risk,High,186.8
TRK-104,DRV-804,Vikram Reddy,High-Capacity Freight (Eicher Pro 6048),2026-09-05T13:03:54.206321,14.41985,77.64349,78.3,31.28,51.0,163.18,Low,Clear,68.4,In Transit,Low,129.0
TRK-104,DRV-804,Vikram Reddy,High-Capacity Freight (Eicher Pro 6048),2026-09-05T13:07:54.206321,14.17712,77.68322,70.0,37.99,48.1,135.98,Moderate,Clear,73.7,In Transit,Moderate,134.8
TRK-104,DRV-804,Vikram Reddy,High-Capacity Freight (Eicher Pro 6048),2026-09-05T13:11:54.206321,13.93439,77.72295,74.3,38.58,41.1,108.78,Moderate,Clear,78.9,In Transit,Moderate,105.2
TRK-104,DRV-804,Vikram Reddy,High-Capacity Freight (Eicher Pro 6048),2026-09-05T13:15:54.206321,13.69063,77.74217,57.2,37.75,39.4,81.59,High,Clear,84.2,High Risk,High,123.6
TRK-104,DRV-804,Vikram Reddy,High-Capacity Freight (Eicher Pro 6048),2026-09-05T13:19:54.206321,13.44519,77.72822,34.5,50.33,34.1,54.39,Severe,Clear,89.5,Delayed,High,183.4
TRK-104,DRV-804,Vikram Reddy,High-Capacity Freight (Eicher Pro 6048),2026-09-05T13:23:54.206321,13.20817,77.66281,75.9,35.07,30.3,27.2,Moderate,Clear,94.7,In Transit,Moderate,32.4
TRK-104,DRV-804,Vikram Reddy,High-Capacity Freight (Eicher Pro 6048),2026-09-05T13:27:54.206321,12.9716,77.5946,92.3,36.31,27.1,0.0,Low,Clear,100.0,Arrived,Low,0.5
TRK-104,DRV-804,Vikram Reddy,High-Capacity Freight (Eicher Pro 6048),2026-09-06T02:11:54.206321,17.385,78.4867,83.2,32.04,97.3,516.73,Low,Clear,0.0,In Transit,Low,371.3
TRK-104,DRV-804,Vikram Reddy,High-Capacity Freight (Eicher Pro 6048),2026-09-06T02:15:54.206321,17.18398,78.35515,70.5,36.27,96.6,489.53,Moderate,Clear,5.3,High Risk,High,501.1
TRK-104,DRV-804,Vikram Reddy,High-Capacity Freight (Eicher Pro 6048),2026-09-06T02:19:54.206321,17.00837,78.19353,67.1,36.59,91.8,462.33,Moderate,Clear,10.5,High Risk,High,498.8
TRK-104,DRV-804,Vikram Reddy,High-Capacity Freight (Eicher Pro 6048),2026-09-06T02:23:54.206321,16.76805,78.14031,71.4,37.26,89.0,435.14,Moderate,Clear,15.8,High Risk,High,438.2
TRK-104,DRV-804,Vikram Reddy,High-Capacity Freight (Eicher Pro 6048),2026-09-06T02:27:54.206321,16.52366,78.11353,79.7,38.39,83.0,407.94,Moderate,Clear,21.1,High Risk,High,373.8
TRK-104,DRV-804,Vikram Reddy,High-Capacity Freight (Eicher Pro 6048),2026-09-06T02:31:54.206321,16.27927,78.08674,74.9,38.77,82.1,380.75,Moderate,Clear,26.3,High Risk,High,367.2
TRK-104,DRV-804,Vikram Reddy,High-Capacity Freight (Eicher Pro 6048),2026-09-06T02:35:54.206321,16.03487,78.05996,44.4,48.01,73.2,353.55,Severe,Clear,31.6,High Risk,High,952.8
TRK-104,DRV-804,Vikram Reddy,High-Capacity Freight (Eicher Pro 6048),2026-09-06T02:39:54.206321,15.79492,78.01856,87.6,34.77,73.4,326.35,Low,Clear,36.8,In Transit,Low,226.5
TRK-104,DRV-804,Vikram Reddy,High-Capacity Freight (Eicher Pro 6048),2026-09-06T02:43:54.206321,15.57935,77.89681,82.0,35.21,67.8,299.16,Low,Clear,42.1,In Transit,Low,216.3
TRK-104,DRV-804,Vikram Reddy,High-Capacity Freight (Eicher Pro 6048),2026-09-06T02:47:54.206321,15.36379,77.77507,73.5,35.2,64.5,271.96,Moderate,Clear,47.4,High Risk,High,265.8
TRK-104,DRV-804,Vikram Reddy,High-Capacity Freight (Eicher Pro 6048),2026-09-06T02:51:54.206321,15.14823,77.65332,50.1,39.35,62.4,244.77,High,Clear,52.6,High Risk,High,441.2
TRK-104,DRV-804,Vikram Reddy,High-Capacity Freight (Eicher Pro 6048),2026-09-06T02:55:54.206321,14.90743,77.61884,73.7,31.33,56.3,217.57,Low,Clear,57.9,In Transit,Low,181.3
TRK-104,DRV-804,Vikram Reddy,High-Capacity Freight (Eicher Pro 6048),2026-09-06T02:59:54.206321,14.66258,77.60376,64.3,37.11,51.5,190.37,Moderate,Clear,63.2,High Risk,High,213.4
TRK-104,DRV-804,Vikram Reddy,High-Capacity Freight (Eicher Pro 6048),2026-09-06T03:03:54.206321,14.41985,77.64349,79.0,36.55,51.2,163.18,Moderate,Clear,68.4,High Risk,High,150.1
TRK-104,DRV-804,Vikram Reddy,High-Capacity Freight (Eicher Pro 6048),2026-09-06T03:07:54.206321,14.17712,77.68322,88.7,36.1,42.4,135.98,Low,Clear,73.7,In Transit,Low,90.6
TRK-104,DRV-804,Vikram Reddy,High-Capacity Freight (Eicher Pro 6048),2026-09-06T03:11:54.206321,13.93439,77.72295,82.0,34.75,40.8,108.78,Low,Clear,78.9,In Transit,Low,79.7
TRK-104,DRV-804,Vikram Reddy,High-Capacity Freight (Eicher Pro 6048),2026-09-06T03:15:54.206321,13.69063,77.74217,81.8,38.27,37.4,81.59,Moderate,Clear,84.2,In Transit,Moderate,74.5
TRK-104,DRV-804,Vikram Reddy,High-Capacity Freight (Eicher Pro 6048),2026-09-06T03:19:54.206321,13.44519,77.72822,79.9,37.02,34.6,54.39,Low,Clear,89.5,In Transit,Low,44.0
TRK-104,DRV-804,Vikram Reddy,High-Capacity Freight (Eicher Pro 6048),2026-09-06T03:23:54.206321,13.20817,77.66281,83.9,27.88,29.6,27.2,Low,Clear,94.7,In Transit,Low,15.3
TRK-104,DRV-804,Vikram Reddy,High-Capacity Freight (Eicher Pro 6048),2026-09-06T03:27:54.206321,12.9716,77.5946,52.5,42.92,26.8,0.0,High,Clear,100.0,In Transit,Moderate,6.5
TRK-104,DRV-804,Vikram Reddy,High-Capacity Freight (Eicher Pro 6048),2026-09-06T16:11:54.206321,17.385,78.4867,50.9,45.16,99.8,516.73,High,Rain,0.0,High Risk,High,1139.5
TRK-104,DRV-804,Vikram Reddy,High-Capacity Freight (Eicher Pro 6048),2026-09-06T16:15:54.206321,17.18398,78.35515,86.9,37.32,94.6,489.53,Low,Rain,5.3,High Risk,High,428.4
TRK-104,DRV-804,Vikram Reddy,High-Capacity Freight (Eicher Pro 6048),2026-09-06T16:19:54.206321,17.00837,78.19353,82.3,37.93,89.3,462.33,Low,Rain,10.5,High Risk,High,425.1
TRK-104,DRV-804,Vikram Reddy,High-Capacity Freight (Eicher Pro 6048),2026-09-06T16:23:54.206321,16.76805,78.14031,40.9,42.48,86.0,435.14,High,Rain,15.8,High Risk,High,1197.3
TRK-104,DRV-804,Vikram Reddy,High-Capacity Freight (Eicher Pro 6048),2026-09-06T16:27:54.206321,16.52366,78.11353,81.0,37.25,82.3,407.94,Low,Rain,21.1,High Risk,High,385.5
TRK-104,DRV-804,Vikram Reddy,High-Capacity Freight (Eicher Pro 6048),2026-09-06T16:31:54.206321,16.27927,78.08674,56.5,44.73,84.1,380.75,High,Rain,26.3,High Risk,High,758.9
TRK-104,DRV-804,Vikram Reddy,High-Capacity Freight (Eicher Pro 6048),2026-09-06T16:35:54.206321,16.03487,78.05996,65.9,41.5,73.7,353.55,Moderate,Rain,31.6,High Risk,High,483.5
TRK-104,DRV-804,Vikram Reddy,High-Capacity Freight (Eicher Pro 6048),2026-09-06T16:39:54.206321,15.79492,78.01856,76.0,35.86,71.2,326.35,Low,Rain,36.8,High Risk,High,321.3
TRK-104,DRV-804,Vikram Reddy,High-Capacity Freight (Eicher Pro 6048),2026-09-06T16:43:54.206321,15.57935,77.89681,73.8,35.96,68.3,299.16,Low,Rain,42.1,High Risk,High,306.2
TRK-104,DRV-804,Vikram Reddy,High-Capacity Freight (Eicher Pro 6048),2026-09-06T16:47:54.206321,15.36379,77.77507,71.3,38.92,65.1,271.96,Moderate,Rain,47.4,High Risk,High,349.1
TRK-104,DRV-804,Vikram Reddy,High-Capacity Freight (Eicher Pro 6048),2026-09-06T16:51:54.206321,15.14823,77.65332,65.6,35.84,63.2,244.77,Moderate,Rain,52.6,High Risk,High,337.5
TRK-104,DRV-804,Vikram Reddy,High-Capacity Freight (Eicher Pro 6048),2026-09-06T16:55:54.206321,14.90743,77.61884,59.1,43.52,56.8,217.57,High,Rain,57.9,High Risk,High,417.6
TRK-104,DRV-804,Vikram Reddy,High-Capacity Freight (Eicher Pro 6048),2026-09-06T16:59:54.206321,14.66258,77.60376,66.1,35.33,54.9,190.37,Low,Rain,63.2,High Risk,High,214.1
TRK-104,DRV-804,Vikram Reddy,High-Capacity Freight (Eicher Pro 6048),2026-09-06T17:03:54.206321,14.41985,77.64349,74.0,33.94,51.0,163.18,Low,Rain,68.4,High Risk,High,163.8
TRK-104,DRV-804,Vikram Reddy,High-Capacity Freight (Eicher Pro 6048),2026-09-06T17:07:54.206321,14.17712,77.68322,38.6,53.82,45.4,135.98,Severe,Rain,73.7,Delayed,High,534.2
TRK-104,DRV-804,Vikram Reddy,High-Capacity Freight (Eicher Pro 6048),2026-09-06T17:11:54.206321,13.93439,77.72295,78.6,36.0,42.4,108.78,Low,Rain,78.9,In Transit,Moderate,100.8
TRK-104,DRV-804,Vikram Reddy,High-Capacity Freight (Eicher Pro 6048),2026-09-06T17:15:54.206321,13.69063,77.74217,64.2,34.53,38.5,81.59,Low,Rain,84.2,In Transit,Moderate,90.0
TRK-104,DRV-804,Vikram Reddy,High-Capacity Freight (Eicher Pro 6048),2026-09-06T17:19:54.206321,13.44519,77.72822,80.3,33.19,31.9,54.39,Low,Rain,89.5,In Transit,Low,50.1
TRK-104,DRV-804,Vikram Reddy,High-Capacity Freight (Eicher Pro 6048),2026-09-06T17:23:54.206321,13.20817,77.66281,47.9,43.72,30.4,27.2,High,Rain,94.7,High Risk,High,62.4
TRK-104,DRV-804,Vikram Reddy,High-Capacity Freight (Eicher Pro 6048),2026-09-06T17:27:54.206321,12.9716,77.5946,50.7,45.0,26.7,0.0,High,Rain,100.0,In Transit,Moderate,8.3
TRK-104,DRV-804,Vikram Reddy,High-Capacity Freight (Eicher Pro 6048),2026-09-07T06:11:54.206321,17.385,78.4867,51.9,40.71,101.0,516.73,High,Clear,0.0,High Risk,High,902.7
TRK-104,DRV-804,Vikram Reddy,High-Capacity Freight (Eicher Pro 6048),2026-09-07T06:15:54.206321,17.18398,78.35515,85.8,37.38,96.7,489.53,Moderate,Clear,5.3,High Risk,High,422.8
TRK-104,DRV-804,Vikram Reddy,High-Capacity Freight (Eicher Pro 6048),2026-09-07T06:19:54.206321,17.00837,78.19353,44.8,41.73,92.1,462.33,High,Clear,10.5,High Risk,High,929.3
TRK-104,DRV-804,Vikram Reddy,High-Capacity Freight (Eicher Pro 6048),2026-09-07T06:23:54.206321,16.76805,78.14031,90.8,35.85,87.0,435.14,Low,Clear,15.8,In Transit,Low,285.1
TRK-104,DRV-804,Vikram Reddy,High-Capacity Freight (Eicher Pro 6048),2026-09-07T06:27:54.206321,16.52366,78.11353,49.4,46.67,87.2,407.94,Severe,Clear,21.1,High Risk,High,991.0
TRK-104,DRV-804,Vikram Reddy,High-Capacity Freight (Eicher Pro 6048),2026-09-07T06:31:54.206321,16.27927,78.08674,42.5,47.16,80.3,380.75,Severe,Clear,26.3,High Risk,High,1078.0
TRK-104,DRV-804,Vikram Reddy,High-Capacity Freight (Eicher Pro 6048),2026-09-07T06:35:54.206321,16.03487,78.05996,76.2,32.39,76.5,353.55,Low,Clear,31.6,In Transit,Low,281.7
TRK-104,DRV-804,Vikram Reddy,High-Capacity Freight (Eicher Pro 6048),2026-09-07T06:39:54.206321,15.79492,78.01856,83.9,35.81,72.1,326.35,Low,Clear,36.8,In Transit,Low,231.8
TRK-104,DRV-804,Vikram Reddy,High-Capacity Freight (Eicher Pro 6048),2026-09-07T06:43:54.206321,15.57935,77.89681,87.6,36.15,69.4,299.16,Low,Clear,42.1,In Transit,Low,202.2
TRK-104,DRV-804,Vikram Reddy,High-Capacity Freight (Eicher Pro 6048),2026-09-07T06:47:54.206321,15.36379,77.77507,69.0,34.45,62.4,271.96,Moderate,Clear,47.4,High Risk,High,287.5
TRK-104,DRV-804,Vikram Reddy,High-Capacity Freight (Eicher Pro 6048),2026-09-07T06:51:54.206321,15.14823,77.65332,87.4,33.39,60.7,244.77,Low,Clear,52.6,In Transit,Low,169.1
TRK-104,DRV-804,Vikram Reddy,High-Capacity Freight (Eicher Pro 6048),2026-09-07T06:55:54.206321,14.90743,77.61884,72.3,33.44,57.6,217.57,Low,Clear,57.9,In Transit,Low,187.9
TRK-104,DRV-804,Vikram Reddy,High-Capacity Freight (Eicher Pro 6048),2026-09-07T06:59:54.206321,14.66258,77.60376,72.3,38.26,51.9,190.37,Moderate,Clear,63.2,High Risk,High,188.7
TRK-104,DRV-804,Vikram Reddy,High-Capacity Freight (Eicher Pro 6048),2026-09-07T07:03:54.206321,14.41985,77.64349,81.6,37.31,48.3,163.18,Moderate,Clear,68.4,In Transit,Moderate,139.0
TRK-104,DRV-804,Vikram Reddy,High-Capacity Freight (Eicher Pro 6048),2026-09-07T07:07:54.206321,14.17712,77.68322,83.3,31.15,45.8,135.98,Low,Clear,73.7,In Transit,Low,98.2
TRK-104,DRV-804,Vikram Reddy,High-Capacity Freight (Eicher Pro 6048),2026-09-07T07:11:54.206321,13.93439,77.72295,81.6,41.86,40.1,108.78,Moderate,Clear,78.9,In Transit,Moderate,99.7
TRK-104,DRV-804,Vikram Reddy,High-Capacity Freight (Eicher Pro 6048),2026-09-07T07:15:54.206321,13.69063,77.74217,56.2,42.88,38.3,81.59,High,Clear,84.2,High Risk,High,134.4
TRK-104,DRV-804,Vikram Reddy,High-Capacity Freight (Eicher Pro 6048),2026-09-07T07:19:54.206321,13.44519,77.72822,43.0,47.29,32.8,54.39,Severe,Clear,89.5,High Risk,High,148.3
TRK-104,DRV-804,Vikram Reddy,High-Capacity Freight (Eicher Pro 6048),2026-09-07T07:23:54.206321,13.20817,77.66281,71.4,41.4,29.4,27.2,Moderate,Clear,94.7,In Transit,Low,23.0
TRK-104,DRV-804,Vikram Reddy,High-Capacity Freight (Eicher Pro 6048),2026-09-07T07:27:54.206321,12.9716,77.5946,83.0,35.24,22.4,0.0,Low,Clear,100.0,Arrived,Low,0.5
TRK-104,DRV-804,Vikram Reddy,High-Capacity Freight (Eicher Pro 6048),2026-09-07T20:11:54.206321,17.385,78.4867,71.6,39.0,99.1,516.73,Low,Rain,0.0,High Risk,High,544.3
TRK-104,DRV-804,Vikram Reddy,High-Capacity Freight (Eicher Pro 6048),2026-09-07T20:15:54.206321,17.18398,78.35515,82.7,36.9,97.2,489.53,Low,Rain,5.3,High Risk,High,444.0
TRK-104,DRV-804,Vikram Reddy,High-Capacity Freight (Eicher Pro 6048),2026-09-07T20:19:54.206321,17.00837,78.19353,78.8,39.72,92.1,462.33,Low,Rain,10.5,High Risk,High,441.3
TRK-104,DRV-804,Vikram Reddy,High-Capacity Freight (Eicher Pro 6048),2026-09-07T20:23:54.206321,16.76805,78.14031,52.1,44.96,89.6,435.14,High,Rain,15.8,High Risk,High,942.9
TRK-104,DRV-804,Vikram Reddy,High-Capacity Freight (Eicher Pro 6048),2026-09-07T20:27:54.206321,16.52366,78.11353,66.1,34.4,85.5,407.94,Low,Rain,21.1,High Risk,High,460.4
TRK-104,DRV-804,Vikram Reddy,High-Capacity Freight (Eicher Pro 6048),2026-09-07T20:31:54.206321,16.27927,78.08674,73.2,38.23,79.9,380.75,Moderate,Rain,26.3,High Risk,High,466.0
TRK-104,DRV-804,Vikram Reddy,High-Capacity Freight (Eicher Pro 6048),2026-09-07T20:35:54.206321,16.03487,78.05996,76.8,36.1,78.0,353.55,Low,Rain,31.6,High Risk,High,342.0
TRK-104,DRV-804,Vikram Reddy,High-Capacity Freight (Eicher Pro 6048),2026-09-07T20:39:54.206321,15.79492,78.01856,45.1,43.61,73.5,326.35,High,Rain,36.8,High Risk,High,818.0
TRK-104,DRV-804,Vikram Reddy,High-Capacity Freight (Eicher Pro 6048),2026-09-07T20:43:54.206321,15.57935,77.89681,71.0,32.16,65.9,299.16,Low,Rain,42.1,High Risk,High,317.8
TRK-104,DRV-804,Vikram Reddy,High-Capacity Freight (Eicher Pro 6048),2026-09-07T20:47:54.206321,15.36379,77.77507,72.6,36.03,61.9,271.96,Low,Rain,47.4,High Risk,High,282.4
TRK-104,DRV-804,Vikram Reddy,High-Capacity Freight (Eicher Pro 6048),2026-09-07T20:51:54.206321,15.14823,77.65332,60.2,44.14,63.0,244.77,High,Rain,52.6,High Risk,High,457.4
TRK-104,DRV-804,Vikram Reddy,High-Capacity Freight (Eicher Pro 6048),2026-09-07T20:55:54.206321,14.90743,77.61884,47.2,45.2,59.2,217.57,High,Rain,57.9,High Risk,High,517.5
TRK-104,DRV-804,Vikram Reddy,High-Capacity Freight (Eicher Pro 6048),2026-09-07T20:59:54.206321,14.66258,77.60376,72.9,35.04,54.8,190.37,Low,Rain,63.2,High Risk,High,198.7
TRK-104,DRV-804,Vikram Reddy,High-Capacity Freight (Eicher Pro 6048),2026-09-07T21:03:54.206321,14.41985,77.64349,77.3,36.65,48.4,163.18,Low,Rain,68.4,High Risk,High,161.4
TRK-104,DRV-804,Vikram Reddy,High-Capacity Freight (Eicher Pro 6048),2026-09-07T21:07:54.206321,14.17712,77.68322,63.0,38.84,43.1,135.98,Moderate,Rain,73.7,High Risk,High,193.2
TRK-104,DRV-804,Vikram Reddy,High-Capacity Freight (Eicher Pro 6048),2026-09-07T21:11:54.206321,13.93439,77.72295,76.9,36.22,43.1,108.78,Low,Rain,78.9,In Transit,Moderate,102.8
TRK-104,DRV-804,Vikram Reddy,High-Capacity Freight (Eicher Pro 6048),2026-09-07T21:15:54.206321,13.69063,77.74217,57.7,39.03,33.0,81.59,Moderate,Rain,84.2,High Risk,High,125.6
TRK-104,DRV-804,Vikram Reddy,High-Capacity Freight (Eicher Pro 6048),2026-09-07T21:19:54.206321,13.44519,77.72822,43.8,44.45,31.0,54.39,High,Rain,89.5,High Risk,High,137.0
TRK-104,DRV-804,Vikram Reddy,High-Capacity Freight (Eicher Pro 6048),2026-09-07T21:23:54.206321,13.20817,77.66281,46.8,44.39,27.1,27.2,High,Rain,94.7,High Risk,High,67.9
TRK-104,DRV-804,Vikram Reddy,High-Capacity Freight (Eicher Pro 6048),2026-09-07T21:27:54.206321,12.9716,77.5946,86.2,34.44,24.3,0.0,Low,Rain,100.0,Arrived,Low,0.5
TRK-104,DRV-804,Vikram Reddy,High-Capacity Freight (Eicher Pro 6048),2026-09-08T10:11:54.206321,17.385,78.4867,87.0,32.71,99.9,516.73,Low,Clear,0.0,In Transit,Low,353.9
TRK-104,DRV-804,Vikram Reddy,High-Capacity Freight (Eicher Pro 6048),2026-09-08T10:15:54.206321,17.18398,78.35515,77.9,30.65,97.6,489.53,Low,Clear,5.3,In Transit,Low,380.0
TRK-104,DRV-804,Vikram Reddy,High-Capacity Freight (Eicher Pro 6048),2026-09-08T10:19:54.206321,17.00837,78.19353,54.0,41.49,91.9,462.33,High,Clear,10.5,High Risk,High,773.6
TRK-104,DRV-804,Vikram Reddy,High-Capacity Freight (Eicher Pro 6048),2026-09-08T10:23:54.206321,16.76805,78.14031,57.5,43.69,89.1,435.14,High,Clear,15.8,High Risk,High,685.6
TRK-104,DRV-804,Vikram Reddy,High-Capacity Freight (Eicher Pro 6048),2026-09-08T10:27:54.206321,16.52366,78.11353,77.5,34.61,84.6,407.94,Moderate,Clear,21.1,High Risk,High,378.4
TRK-104,DRV-804,Vikram Reddy,High-Capacity Freight (Eicher Pro 6048),2026-09-08T10:31:54.206321,16.27927,78.08674,91.0,33.97,79.8,380.75,Low,Clear,26.3,In Transit,Low,251.3
TRK-104,DRV-804,Vikram Reddy,High-Capacity Freight (Eicher Pro 6048),2026-09-08T10:35:54.206321,16.03487,78.05996,79.8,35.5,77.0,353.55,Low,Clear,31.6,In Transit,Low,267.3
TRK-104,DRV-804,Vikram Reddy,High-Capacity Freight (Eicher Pro 6048),2026-09-08T10:39:54.206321,15.79492,78.01856,81.4,36.68,74.7,326.35,Low,Clear,36.8,In Transit,Low,241.8
TRK-104,DRV-804,Vikram Reddy,High-Capacity Freight (Eicher Pro 6048),2026-09-08T10:43:54.206321,15.57935,77.89681,82.3,33.43,65.4,299.16,Low,Clear,42.1,In Transit,Low,224.5
TRK-104,DRV-804,Vikram Reddy,High-Capacity Freight (Eicher Pro 6048),2026-09-08T10:47:54.206321,15.36379,77.77507,77.7,36.71,65.7,271.96,Low,Clear,47.4,In Transit,Low,212.6
TRK-104,DRV-804,Vikram Reddy,High-Capacity Freight (Eicher Pro 6048),2026-09-08T10:51:54.206321,15.14823,77.65332,51.7,43.33,61.3,244.77,High,Clear,52.6,High Risk,High,418.1
TRK-104,DRV-804,Vikram Reddy,High-Capacity Freight (Eicher Pro 6048),2026-09-08T10:55:54.206321,14.90743,77.61884,73.8,39.69,59.7,217.57,Moderate,Clear,57.9,High Risk,High,214.9
TRK-104,DRV-804,Vikram Reddy,High-Capacity Freight (Eicher Pro 6048),2026-09-08T10:59:54.206321,14.66258,77.60376,95.7,34.96,48.5,190.37,Low,Clear,63.2,In Transit,Low,120.3
TRK-104,DRV-804,Vikram Reddy,High-Capacity Freight (Eicher Pro 6048),2026-09-08T11:03:54.206321,14.41985,77.64349,56.9,41.3,50.9,163.18,High,Clear,68.4,High Risk,High,260.9
TRK-104,DRV-804,Vikram Reddy,High-Capacity Freight (Eicher Pro 6048),2026-09-08T11:07:54.206321,14.17712,77.68322,75.7,39.5,47.3,135.98,Moderate,Clear,73.7,In Transit,Moderate,126.4
TRK-104,DRV-804,Vikram Reddy,High-Capacity Freight (Eicher Pro 6048),2026-09-08T11:11:54.206321,13.93439,77.72295,36.9,48.29,41.9,108.78,Severe,Clear,78.9,Delayed,High,351.4
TRK-104,DRV-804,Vikram Reddy,High-Capacity Freight (Eicher Pro 6048),2026-09-08T11:15:54.206321,13.69063,77.74217,91.3,32.76,38.0,81.59,Low,Clear,84.2,In Transit,Low,54.5
TRK-104,DRV-804,Vikram Reddy,High-Capacity Freight (Eicher Pro 6048),2026-09-08T11:19:54.206321,13.44519,77.72822,89.7,36.17,34.5,54.39,Low,Clear,89.5,In Transit,Low,34.4
TRK-104,DRV-804,Vikram Reddy,High-Capacity Freight (Eicher Pro 6048),2026-09-08T11:23:54.206321,13.20817,77.66281,88.0,34.63,26.7,27.2,Low,Clear,94.7,In Transit,Low,21.6
TRK-104,DRV-804,Vikram Reddy,High-Capacity Freight (Eicher Pro 6048),2026-09-08T11:27:54.206321,12.9716,77.5946,64.9,38.47,23.8,0.0,High,Clear,100.0,In Transit,Moderate,0.5
TRK-104,DRV-804,Vikram Reddy,High-Capacity Freight (Eicher Pro 6048),2026-09-09T00:11:54.206321,17.385,78.4867,84.5,35.62,99.5,516.73,Low,Clear,0.0,In Transit,Low,356.0
TRK-104,DRV-804,Vikram Reddy,High-Capacity Freight (Eicher Pro 6048),2026-09-09T00:15:54.206321,17.18398,78.35515,67.9,36.08,90.8,489.53,Moderate,Clear,5.3,High Risk,High,518.8
TRK-104,DRV-804,Vikram Reddy,High-Capacity Freight (Eicher Pro 6048),2026-09-09T00:19:54.206321,17.00837,78.19353,52.1,40.93,89.6,462.33,High,Clear,10.5,High Risk,High,805.4
TRK-104,DRV-804,Vikram Reddy,High-Capacity Freight (Eicher Pro 6048),2026-09-09T00:23:54.206321,16.76805,78.14031,79.8,28.86,88.3,435.14,Low,Clear,15.8,In Transit,Low,331.5
TRK-104,DRV-804,Vikram Reddy,High-Capacity Freight (Eicher Pro 6048),2026-09-09T00:27:54.206321,16.52366,78.11353,81.7,34.59,84.3,407.94,Low,Clear,21.1,In Transit,Low,298.2
TRK-104,DRV-804,Vikram Reddy,High-Capacity Freight (Eicher Pro 6048),2026-09-09T00:31:54.206321,16.27927,78.08674,85.5,36.08,79.3,380.75,Low,Clear,26.3,In Transit,Low,264.7
TRK-104,DRV-804,Vikram Reddy,High-Capacity Freight (Eicher Pro 6048),2026-09-09T00:35:54.206321,16.03487,78.05996,63.5,36.45,75.0,353.55,Moderate,Clear,31.6,High Risk,High,402.4
TRK-104,DRV-804,Vikram Reddy,High-Capacity Freight (Eicher Pro 6048),2026-09-09T00:39:54.206321,15.79492,78.01856,76.1,39.67,70.1,326.35,Moderate,Clear,36.8,High Risk,High,311.3
TRK-104,DRV-804,Vikram Reddy,High-Capacity Freight (Eicher Pro 6048),2026-09-09T00:43:54.206321,15.57935,77.89681,59.4,42.62,69.7,299.16,High,Clear,42.1,High Risk,High,453.3
TRK-104,DRV-804,Vikram Reddy,High-Capacity Freight (Eicher Pro 6048),2026-09-09T00:47:54.206321,15.36379,77.77507,91.4,34.37,62.0,271.96,Low,Clear,47.4,In Transit,Low,174.3
TRK-104,DRV-804,Vikram Reddy,High-Capacity Freight (Eicher Pro 6048),2026-09-09T00:51:54.206321,15.14823,77.65332,81.8,32.91,59.4,244.77,Low,Clear,52.6,In Transit,Low,181.5
TRK-104,DRV-804,Vikram Reddy,High-Capacity Freight (Eicher Pro 6048),2026-09-09T00:55:54.206321,14.90743,77.61884,89.4,32.51,54.9,217.57,Low,Clear,57.9,In Transit,Low,144.3
TRK-104,DRV-804,Vikram Reddy,High-Capacity Freight (Eicher Pro 6048),2026-09-09T00:59:54.206321,14.66258,77.60376,89.1,33.11,59.7,190.37,Low,Clear,63.2,In Transit,Low,125.6
TRK-104,DRV-804,Vikram Reddy,High-Capacity Freight (Eicher Pro 6048),2026-09-09T01:03:54.206321,14.41985,77.64349,76.7,35.38,49.4,163.18,Moderate,Clear,68.4,In Transit,Moderate,151.8
TRK-104,DRV-804,Vikram Reddy,High-Capacity Freight (Eicher Pro 6048),2026-09-09T01:07:54.206321,14.17712,77.68322,35.1,53.25,42.4,135.98,Severe,Clear,73.7,Delayed,High,469.9
TRK-104,DRV-804,Vikram Reddy,High-Capacity Freight (Eicher Pro 6048),2026-09-09T01:11:54.206321,13.93439,77.72295,87.0,31.08,38.7,108.78,Low,Clear,78.9,In Transit,Low,76.1
TRK-104,DRV-804,Vikram Reddy,High-Capacity Freight (Eicher Pro 6048),2026-09-09T01:15:54.206321,13.69063,77.74217,89.8,34.51,36.9,81.59,Low,Clear,84.2,In Transit,Low,55.1
TRK-104,DRV-804,Vikram Reddy,High-Capacity Freight (Eicher Pro 6048),2026-09-09T01:19:54.206321,13.44519,77.72822,68.4,41.48,30.6,54.39,High,Clear,89.5,In Transit,Moderate,71.2
TRK-104,DRV-804,Vikram Reddy,High-Capacity Freight (Eicher Pro 6048),2026-09-09T01:23:54.206321,13.20817,77.66281,52.2,42.04,29.9,27.2,High,Clear,94.7,In Transit,Moderate,49.6
TRK-104,DRV-804,Vikram Reddy,High-Capacity Freight (Eicher Pro 6048),2026-09-09T01:27:54.206321,12.9716,77.5946,46.0,50.31,26.8,0.0,Severe,Clear,100.0,Arrived,Low,0.9
TRK-105,DRV-805,Subhashis Ghosh,Heavy Tipper (Tata Signa 4825.TK),2026-08-29T10:11:54.206321,22.5726,88.3639,72.6,33.96,99.5,653.55,Low,Rain,0.0,High Risk,High,673.0
TRK-105,DRV-805,Subhashis Ghosh,Heavy Tipper (Tata Signa 4825.TK),2026-08-29T10:15:54.206321,22.83061,88.17805,33.5,46.47,92.7,619.15,Severe,Rain,5.3,Delayed,High,2771.9
TRK-105,DRV-805,Subhashis Ghosh,Heavy Tipper (Tata Signa 4825.TK),2026-08-29T10:19:54.206321,23.08153,87.98036,78.6,36.58,91.3,584.76,Low,Rain,10.5,High Risk,High,559.4
TRK-105,DRV-805,Subhashis Ghosh,Heavy Tipper (Tata Signa 4825.TK),2026-08-29T10:23:54.206321,23.29354,87.74483,80.2,36.78,90.4,550.36,Low,Rain,15.8,High Risk,High,516.7
TRK-105,DRV-805,Subhashis Ghosh,Heavy Tipper (Tata Signa 4825.TK),2026-08-29T10:27:54.206321,23.44686,87.45223,56.9,37.27,83.4,515.96,Moderate,Rain,21.1,High Risk,High,817.8
TRK-105,DRV-805,Subhashis Ghosh,Heavy Tipper (Tata Signa 4825.TK),2026-08-29T10:31:54.206321,23.59595,87.15685,59.2,37.79,79.2,481.56,Moderate,Rain,26.3,High Risk,High,732.9
TRK-105,DRV-805,Subhashis Ghosh,Heavy Tipper (Tata Signa 4825.TK),2026-08-29T10:35:54.206321,23.71255,86.84747,57.5,39.72,74.9,447.17,Moderate,Rain,31.6,High Risk,High,697.6
TRK-105,DRV-805,Subhashis Ghosh,Heavy Tipper (Tata Signa 4825.TK),2026-08-29T10:39:54.206321,23.77829,86.51773,63.6,37.29,70.4,412.77,Moderate,Rain,36.8,High Risk,High,585.4
TRK-105,DRV-805,Subhashis Ghosh,Heavy Tipper (Tata Signa 4825.TK),2026-08-29T10:43:54.206321,23.90535,86.21233,58.3,38.66,69.1,378.37,Moderate,Rain,42.1,High Risk,High,589.4
TRK-105,DRV-805,Subhashis Ghosh,Heavy Tipper (Tata Signa 4825.TK),2026-08-29T10:47:54.206321,24.0545,85.91571,30.9,50.72,61.8,343.97,Severe,Rain,47.4,Delayed,High,1674.9
TRK-105,DRV-805,Subhashis Ghosh,Heavy Tipper (Tata Signa 4825.TK),2026-08-29T10:51:54.206321,24.20366,85.61908,72.9,33.37,59.0,309.58,Low,Rain,52.6,High Risk,High,323.5
TRK-105,DRV-805,Subhashis Ghosh,Heavy Tipper (Tata Signa 4825.TK),2026-08-29T10:55:54.206321,24.38551,85.35234,56.4,35.15,57.1,275.18,Moderate,Rain,57.9,High Risk,High,436.6
TRK-105,DRV-805,Subhashis Ghosh,Heavy Tipper (Tata Signa 4825.TK),2026-08-29T10:59:54.206321,24.6297,85.1426,75.4,34.13,52.7,240.78,Low,Rain,63.2,High Risk,High,245.9
TRK-105,DRV-805,Subhashis Ghosh,Heavy Tipper (Tata Signa 4825.TK),2026-08-29T11:03:54.206321,24.80774,84.89174,64.6,40.17,47.5,206.38,High,Rain,68.4,High Risk,High,363.9
TRK-105,DRV-805,Subhashis Ghosh,Heavy Tipper (Tata Signa 4825.TK),2026-08-29T11:07:54.206321,24.84586,84.55392,75.1,32.29,42.6,171.99,Low,Rain,73.7,High Risk,High,164.5
TRK-105,DRV-805,Subhashis Ghosh,Heavy Tipper (Tata Signa 4825.TK),2026-08-29T11:11:54.206321,24.88398,84.21611,68.9,35.31,38.9,137.59,Low,Rain,78.9,High Risk,High,152.9
TRK-105,DRV-805,Subhashis Ghosh,Heavy Tipper (Tata Signa 4825.TK),2026-08-29T11:15:54.206321,24.9221,83.87829,59.9,36.92,36.3,103.19,Moderate,Rain,84.2,High Risk,High,155.5
TRK-105,DRV-805,Subhashis Ghosh,Heavy Tipper (Tata Signa 4825.TK),2026-08-29T11:19:54.206321,24.98514,83.55014,64.1,33.98,32.8,68.79,Low,Rain,89.5,In Transit,Moderate,86.7
TRK-105,DRV-805,Subhashis Ghosh,Heavy Tipper (Tata Signa 4825.TK),2026-08-29T11:23:54.206321,25.15137,83.26202,83.3,35.37,28.3,34.4,Low,Rain,94.7,In Transit,Low,34.5
TRK-105,DRV-805,Subhashis Ghosh,Heavy Tipper (Tata Signa 4825.TK),2026-08-29T11:27:54.206321,25.3176,82.9739,82.3,35.95,23.6,0.0,Low,Rain,100.0,Arrived,Low,5.5
TRK-105,DRV-805,Subhashis Ghosh,Heavy Tipper (Tata Signa 4825.TK),2026-08-30T00:11:54.206321,22.5726,88.3639,83.3,34.2,97.9,653.55,Low,Clear,0.0,In Transit,Low,465.8
TRK-105,DRV-805,Subhashis Ghosh,Heavy Tipper (Tata Signa 4825.TK),2026-08-30T00:15:54.206321,22.83061,88.17805,70.0,32.71,96.2,619.15,Moderate,Clear,5.3,High Risk,High,631.8
TRK-105,DRV-805,Subhashis Ghosh,Heavy Tipper (Tata Signa 4825.TK),2026-08-30T00:19:54.206321,23.08153,87.98036,63.5,33.57,86.2,584.76,Moderate,Clear,10.5,High Risk,High,666.9
TRK-105,DRV-805,Subhashis Ghosh,Heavy Tipper (Tata Signa 4825.TK),2026-08-30T00:23:54.206321,23.29354,87.74483,95.3,34.71,88.3,550.36,Low,Clear,15.8,In Transit,Low,343.3
TRK-105,DRV-805,Subhashis Ghosh,Heavy Tipper (Tata Signa 4825.TK),2026-08-30T00:27:54.206321,23.44686,87.45223,89.7,33.6,81.6,515.96,Low,Clear,21.1,In Transit,Low,343.9
TRK-105,DRV-805,Subhashis Ghosh,Heavy Tipper (Tata Signa 4825.TK),2026-08-30T00:31:54.206321,23.59595,87.15685,79.8,34.38,81.8,481.56,Low,Clear,26.3,In Transit,Low,360.3
TRK-105,DRV-805,Subhashis Ghosh,Heavy Tipper (Tata Signa 4825.TK),2026-08-30T00:35:54.206321,23.71255,86.84747,72.3,36.64,78.4,447.17,Moderate,Clear,31.6,High Risk,High,448.5
TRK-105,DRV-805,Subhashis Ghosh,Heavy Tipper (Tata Signa 4825.TK),2026-08-30T00:39:54.206321,23.77829,86.51773,47.2,49.23,78.0,412.77,Severe,Clear,36.8,High Risk,High,1046.5
TRK-105,DRV-805,Subhashis Ghosh,Heavy Tipper (Tata Signa 4825.TK),2026-08-30T00:43:54.206321,23.90535,86.21233,81.5,39.36,65.1,378.37,Moderate,Clear,42.1,High Risk,High,329.8
TRK-105,DRV-805,Subhashis Ghosh,Heavy Tipper (Tata Signa 4825.TK),2026-08-30T00:47:54.206321,24.0545,85.91571,59.6,38.09,63.0,343.97,High,Clear,47.4,High Risk,High,521.2
TRK-105,DRV-805,Subhashis Ghosh,Heavy Tipper (Tata Signa 4825.TK),2026-08-30T00:51:54.206321,24.20366,85.61908,66.9,31.02,63.7,309.58,Moderate,Clear,52.6,High Risk,High,339.2
TRK-105,DRV-805,Subhashis Ghosh,Heavy Tipper (Tata Signa 4825.TK),2026-08-30T00:55:54.206321,24.38551,85.35234,69.6,36.16,57.8,275.18,Moderate,Clear,57.9,High Risk,High,283.0
TRK-105,DRV-805,Subhashis Ghosh,Heavy Tipper (Tata Signa 4825.TK),2026-08-30T00:59:54.206321,24.6297,85.1426,80.0,31.4,51.6,240.78,Low,Clear,63.2,In Transit,Low,177.9
TRK-105,DRV-805,Subhashis Ghosh,Heavy Tipper (Tata Signa 4825.TK),2026-08-30T01:03:54.206321,24.80774,84.89174,79.6,34.56,47.8,206.38,Low,Clear,68.4,In Transit,Low,148.4
TRK-105,DRV-805,Subhashis Ghosh,Heavy Tipper (Tata Signa 4825.TK),2026-08-30T01:07:54.206321,24.84586,84.55392,68.0,34.6,43.7,171.99,Moderate,Clear,73.7,High Risk,High,177.2
TRK-105,DRV-805,Subhashis Ghosh,Heavy Tipper (Tata Signa 4825.TK),2026-08-30T01:11:54.206321,24.88398,84.21611,83.9,34.37,40.3,137.59,Low,Clear,78.9,In Transit,Low,93.5
TRK-105,DRV-805,Subhashis Ghosh,Heavy Tipper (Tata Signa 4825.TK),2026-08-30T01:15:54.206321,24.9221,83.87829,64.5,39.99,38.7,103.19,High,Clear,84.2,High Risk,High,142.0
TRK-105,DRV-805,Subhashis Ghosh,Heavy Tipper (Tata Signa 4825.TK),2026-08-30T01:19:54.206321,24.98514,83.55014,79.8,30.56,32.0,68.79,Low,Clear,89.5,In Transit,Low,54.5
TRK-105,DRV-805,Subhashis Ghosh,Heavy Tipper (Tata Signa 4825.TK),2026-08-30T01:23:54.206321,25.15137,83.26202,61.1,49.23,27.9,34.4,Severe,Clear,94.7,High Risk,High,67.2
TRK-105,DRV-805,Subhashis Ghosh,Heavy Tipper (Tata Signa 4825.TK),2026-08-30T01:27:54.206321,25.3176,82.9739,61.0,35.31,24.4,0.0,High,Clear,100.0,In Transit,Moderate,0.5
TRK-105,DRV-805,Subhashis Ghosh,Heavy Tipper (Tata Signa 4825.TK),2026-08-30T14:11:54.206321,22.5726,88.3639,84.4,30.92,98.1,653.55,Low,Clear,0.0,In Transit,Low,458.5
TRK-105,DRV-805,Subhashis Ghosh,Heavy Tipper (Tata Signa 4825.TK),2026-08-30T14:15:54.206321,22.83061,88.17805,77.1,36.97,97.1,619.15,Moderate,Clear,5.3,High Risk,High,580.1
TRK-105,DRV-805,Subhashis Ghosh,Heavy Tipper (Tata Signa 4825.TK),2026-08-30T14:19:54.206321,23.08153,87.98036,67.0,35.55,91.8,584.76,Moderate,Clear,10.5,High Risk,High,621.8
TRK-105,DRV-805,Subhashis Ghosh,Heavy Tipper (Tata Signa 4825.TK),2026-08-30T14:23:54.206321,23.29354,87.74483,72.8,34.0,89.2,550.36,Moderate,Clear,15.8,High Risk,High,550.4
TRK-105,DRV-805,Subhashis Ghosh,Heavy Tipper (Tata Signa 4825.TK),2026-08-30T14:27:54.206321,23.44686,87.45223,74.0,33.52,82.5,515.96,Moderate,Clear,21.1,High Risk,High,499.1
TRK-105,DRV-805,Subhashis Ghosh,Heavy Tipper (Tata Signa 4825.TK),2026-08-30T14:31:54.206321,23.59595,87.15685,79.7,36.94,80.9,481.56,Moderate,Clear,26.3,High Risk,High,434.5
TRK-105,DRV-805,Subhashis Ghosh,Heavy Tipper (Tata Signa 4825.TK),2026-08-30T14:35:54.206321,23.71255,86.84747,54.3,38.38,79.1,447.17,High,Clear,31.6,High Risk,High,737.7
TRK-105,DRV-805,Subhashis Ghosh,Heavy Tipper (Tata Signa 4825.TK),2026-08-30T14:39:54.206321,23.77829,86.51773,92.8,33.04,70.6,412.77,Low,Clear,36.8,In Transit,Low,265.0
TRK-105,DRV-805,Subhashis Ghosh,Heavy Tipper (Tata Signa 4825.TK),2026-08-30T14:43:54.206321,23.90535,86.21233,82.8,33.71,68.7,378.37,Low,Clear,42.1,In Transit,Low,266.3
TRK-105,DRV-805,Subhashis Ghosh,Heavy Tipper (Tata Signa 4825.TK),2026-08-30T14:47:54.206321,24.0545,85.91571,90.3,32.31,66.4,343.97,Low,Clear,47.4,In Transit,Low,227.2
TRK-105,DRV-805,Subhashis Ghosh,Heavy Tipper (Tata Signa 4825.TK),2026-08-30T14:51:54.206321,24.20366,85.61908,91.0,32.85,60.9,309.58,Low,Clear,52.6,In Transit,Low,204.3
TRK-105,DRV-805,Subhashis Ghosh,Heavy Tipper (Tata Signa 4825.TK),2026-08-30T14:55:54.206321,24.38551,85.35234,70.4,36.27,59.0,275.18,Moderate,Clear,57.9,High Risk,High,274.5
TRK-105,DRV-805,Subhashis Ghosh,Heavy Tipper (Tata Signa 4825.TK),2026-08-30T14:59:54.206321,24.6297,85.1426,71.1,32.37,53.3,240.78,Moderate,Clear,63.2,High Risk,High,240.7
TRK-105,DRV-805,Subhashis Ghosh,Heavy Tipper (Tata Signa 4825.TK),2026-08-30T15:03:54.206321,24.80774,84.89174,38.1,47.42,48.0,206.38,Severe,Clear,68.4,Delayed,High,650.2
TRK-105,DRV-805,Subhashis Ghosh,Heavy Tipper (Tata Signa 4825.TK),2026-08-30T15:07:54.206321,24.84586,84.55392,47.1,49.19,45.0,171.99,Severe,Clear,73.7,High Risk,High,437.1
TRK-105,DRV-805,Subhashis Ghosh,Heavy Tipper (Tata Signa 4825.TK),2026-08-30T15:11:54.206321,24.88398,84.21611,76.0,33.42,41.9,137.59,Moderate,Clear,78.9,In Transit,Moderate,127.4
TRK-105,DRV-805,Subhashis Ghosh,Heavy Tipper (Tata Signa 4825.TK),2026-08-30T15:15:54.206321,24.9221,83.87829,73.9,31.6,37.3,103.19,Moderate,Clear,84.2,In Transit,Moderate,102.7
TRK-105,DRV-805,Subhashis Ghosh,Heavy Tipper (Tata Signa 4825.TK),2026-08-30T15:19:54.206321,24.98514,83.55014,39.4,46.39,31.5,68.79,Severe,Clear,89.5,Delayed,High,207.8
TRK-105,DRV-805,Subhashis Ghosh,Heavy Tipper (Tata Signa 4825.TK),2026-08-30T15:23:54.206321,25.15137,83.26202,65.3,40.31,26.3,34.4,High,Clear,94.7,In Transit,Moderate,46.4
TRK-105,DRV-805,Subhashis Ghosh,Heavy Tipper (Tata Signa 4825.TK),2026-08-30T15:27:54.206321,25.3176,82.9739,83.2,32.18,23.2,0.0,Low,Clear,100.0,Arrived,Low,0.5
TRK-105,DRV-805,Subhashis Ghosh,Heavy Tipper (Tata Signa 4825.TK),2026-08-31T04:11:54.206321,22.5726,88.3639,84.4,30.21,99.1,653.55,Low,Clear,0.0,In Transit,Low,463.0
TRK-105,DRV-805,Subhashis Ghosh,Heavy Tipper (Tata Signa 4825.TK),2026-08-31T04:15:54.206321,22.83061,88.17805,74.1,31.79,95.0,619.15,Low,Clear,5.3,In Transit,Low,495.9
TRK-105,DRV-805,Subhashis Ghosh,Heavy Tipper (Tata Signa 4825.TK),2026-08-31T04:19:54.206321,23.08153,87.98036,79.5,30.45,90.4,584.76,Low,Clear,10.5,In Transit,Low,437.2
TRK-105,DRV-805,Subhashis Ghosh,Heavy Tipper (Tata Signa 4825.TK),2026-08-31T04:23:54.206321,23.29354,87.74483,75.0,35.85,87.5,550.36,Moderate,Clear,15.8,High Risk,High,533.3
TRK-105,DRV-805,Subhashis Ghosh,Heavy Tipper (Tata Signa 4825.TK),2026-08-31T04:27:54.206321,23.44686,87.45223,78.9,33.16,81.8,515.96,Low,Clear,21.1,In Transit,Low,389.3
TRK-105,DRV-805,Subhashis Ghosh,Heavy Tipper (Tata Signa 4825.TK),2026-08-31T04:31:54.206321,23.59595,87.15685,72.1,33.04,76.8,481.56,Moderate,Clear,26.3,High Risk,High,476.0
TRK-105,DRV-805,Subhashis Ghosh,Heavy Tipper (Tata Signa 4825.TK),2026-08-31T04:35:54.206321,23.71255,86.84747,87.7,29.31,75.7,447.17,Low,Clear,31.6,In Transit,Low,307.5
TRK-105,DRV-805,Subhashis Ghosh,Heavy Tipper (Tata Signa 4825.TK),2026-08-31T04:39:54.206321,23.77829,86.51773,69.6,33.24,74.4,412.77,Moderate,Clear,36.8,High Risk,High,429.4
TRK-105,DRV-805,Subhashis Ghosh,Heavy Tipper (Tata Signa 4825.TK),2026-08-31T04:43:54.206321,23.90535,86.21233,57.1,38.45,67.0,378.37,High,Clear,42.1,High Risk,High,592.5
TRK-105,DRV-805,Subhashis Ghosh,Heavy Tipper (Tata Signa 4825.TK),2026-08-31T04:47:54.206321,24.0545,85.91571,83.2,29.4,67.4,343.97,Low,Clear,47.4,In Transit,Low,244.7
TRK-105,DRV-805,Subhashis Ghosh,Heavy Tipper (Tata Signa 4825.TK),2026-08-31T04:51:54.206321,24.20366,85.61908,84.9,34.49,62.1,309.58,Low,Clear,52.6,In Transit,Low,222.7
TRK-105,DRV-805,Subhashis Ghosh,Heavy Tipper (Tata Signa 4825.TK),2026-08-31T04:55:54.206321,24.38551,85.35234,50.3,43.34,54.3,275.18,Severe,Clear,57.9,High Risk,High,657.7
TRK-105,DRV-805,Subhashis Ghosh,Heavy Tipper (Tata Signa 4825.TK),2026-08-31T04:59:54.206321,24.6297,85.1426,81.9,30.47,53.0,240.78,Low,Clear,63.2,In Transit,Low,180.2
TRK-105,DRV-805,Subhashis Ghosh,Heavy Tipper (Tata Signa 4825.TK),2026-08-31T05:03:54.206321,24.80774,84.89174,57.0,40.08,47.3,206.38,High,Clear,68.4,High Risk,High,326.6
TRK-105,DRV-805,Subhashis Ghosh,Heavy Tipper (Tata Signa 4825.TK),2026-08-31T05:07:54.206321,24.84586,84.55392,53.4,38.73,44.1,171.99,High,Clear,73.7,High Risk,High,291.1
TRK-105,DRV-805,Subhashis Ghosh,Heavy Tipper (Tata Signa 4825.TK),2026-08-31T05:11:54.206321,24.88398,84.21611,81.4,34.4,41.6,137.59,Moderate,Clear,78.9,In Transit,Moderate,124.6
TRK-105,DRV-805,Subhashis Ghosh,Heavy Tipper (Tata Signa 4825.TK),2026-08-31T05:15:54.206321,24.9221,83.87829,88.8,30.43,38.8,103.19,Low,Clear,84.2,In Transit,Low,71.5
TRK-105,DRV-805,Subhashis Ghosh,Heavy Tipper (Tata Signa 4825.TK),2026-08-31T05:19:54.206321,24.98514,83.55014,93.2,32.12,33.4,68.79,Low,Clear,89.5,In Transit,Low,42.7
TRK-105,DRV-805,Subhashis Ghosh,Heavy Tipper (Tata Signa 4825.TK),2026-08-31T05:23:54.206321,25.15137,83.26202,78.0,33.15,28.0,34.4,Low,Clear,94.7,In Transit,Low,27.8
TRK-105,DRV-805,Subhashis Ghosh,Heavy Tipper (Tata Signa 4825.TK),2026-08-31T05:27:54.206321,25.3176,82.9739,92.3,30.07,25.3,0.0,Low,Clear,100.0,Arrived,Low,2.0
TRK-105,DRV-805,Subhashis Ghosh,Heavy Tipper (Tata Signa 4825.TK),2026-08-31T18:11:54.206321,22.5726,88.3639,52.7,40.11,98.7,653.55,High,Clear,0.0,High Risk,High,1118.0
TRK-105,DRV-805,Subhashis Ghosh,Heavy Tipper (Tata Signa 4825.TK),2026-08-31T18:15:54.206321,22.83061,88.17805,76.7,35.62,93.7,619.15,Moderate,Clear,5.3,High Risk,High,579.6
TRK-105,DRV-805,Subhashis Ghosh,Heavy Tipper (Tata Signa 4825.TK),2026-08-31T18:19:54.206321,23.08153,87.98036,77.2,32.61,89.7,584.76,Moderate,Clear,10.5,High Risk,High,543.5
TRK-105,DRV-805,Subhashis Ghosh,Heavy Tipper (Tata Signa 4825.TK),2026-08-31T18:23:54.206321,23.29354,87.74483,87.9,29.16,88.7,550.36,Low,Clear,15.8,In Transit,Low,376.3
TRK-105,DRV-805,Subhashis Ghosh,Heavy Tipper (Tata Signa 4825.TK),2026-08-31T18:27:54.206321,23.44686,87.45223,69.2,33.17,84.3,515.96,Moderate,Clear,21.1,High Risk,High,533.4
TRK-105,DRV-805,Subhashis Ghosh,Heavy Tipper (Tata Signa 4825.TK),2026-08-31T18:31:54.206321,23.59595,87.15685,57.0,41.9,81.4,481.56,High,Clear,26.3,High Risk,High,759.2
TRK-105,DRV-805,Subhashis Ghosh,Heavy Tipper (Tata Signa 4825.TK),2026-08-31T18:35:54.206321,23.71255,86.84747,51.1,37.54,75.3,447.17,High,Clear,31.6,High Risk,High,782.5
TRK-105,DRV-805,Subhashis Ghosh,Heavy Tipper (Tata Signa 4825.TK),2026-08-31T18:39:54.206321,23.77829,86.51773,93.1,32.59,73.7,412.77,Low,Clear,36.8,In Transit,Low,268.3
TRK-105,DRV-805,Subhashis Ghosh,Heavy Tipper (Tata Signa 4825.TK),2026-08-31T18:43:54.206321,23.90535,86.21233,92.7,31.06,65.6,378.37,Low,Clear,42.1,In Transit,Low,244.1
TRK-105,DRV-805,Subhashis Ghosh,Heavy Tipper (Tata Signa 4825.TK),2026-08-31T18:47:54.206321,24.0545,85.91571,59.8,38.48,65.0,343.97,High,Clear,47.4,High Risk,High,517.2
TRK-105,DRV-805,Subhashis Ghosh,Heavy Tipper (Tata Signa 4825.TK),2026-08-31T18:51:54.206321,24.20366,85.61908,59.9,40.32,60.7,309.58,High,Clear,52.6,High Risk,High,465.8
TRK-105,DRV-805,Subhashis Ghosh,Heavy Tipper (Tata Signa 4825.TK),2026-08-31T18:55:54.206321,24.38551,85.35234,86.4,30.05,55.9,275.18,Low,Clear,57.9,In Transit,Low,190.3
TRK-105,DRV-805,Subhashis Ghosh,Heavy Tipper (Tata Signa 4825.TK),2026-08-31T18:59:54.206321,24.6297,85.1426,75.0,31.91,54.6,240.78,Low,Clear,63.2,In Transit,Low,195.2
TRK-105,DRV-805,Subhashis Ghosh,Heavy Tipper (Tata Signa 4825.TK),2026-08-31T19:03:54.206321,24.80774,84.89174,79.9,35.73,50.1,206.38,Moderate,Clear,68.4,High Risk,High,187.8
TRK-105,DRV-805,Subhashis Ghosh,Heavy Tipper (Tata Signa 4825.TK),2026-08-31T19:07:54.206321,24.84586,84.55392,53.0,41.66,45.6,171.99,High,Clear,73.7,High Risk,High,296.5
TRK-105,DRV-805,Subhashis Ghosh,Heavy Tipper (Tata Signa 4825.TK),2026-08-31T19:11:54.206321,24.88398,84.21611,45.6,48.17,43.3,137.59,Severe,Clear,78.9,High Risk,High,366.4
TRK-105,DRV-805,Subhashis Ghosh,Heavy Tipper (Tata Signa 4825.TK),2026-08-31T19:15:54.206321,24.9221,83.87829,83.6,31.73,38.4,103.19,Low,Clear,84.2,In Transit,Low,75.0
TRK-105,DRV-805,Subhashis Ghosh,Heavy Tipper (Tata Signa 4825.TK),2026-08-31T19:19:54.206321,24.98514,83.55014,60.2,39.92,32.1,68.79,High,Clear,89.5,High Risk,High,98.1
TRK-105,DRV-805,Subhashis Ghosh,Heavy Tipper (Tata Signa 4825.TK),2026-08-31T19:23:54.206321,25.15137,83.26202,56.3,38.23,32.4,34.4,High,Clear,94.7,In Transit,Moderate,53.3
TRK-105,DRV-805,Subhashis Ghosh,Heavy Tipper (Tata Signa 4825.TK),2026-08-31T19:27:54.206321,25.3176,82.9739,85.5,29.02,23.9,0.0,Low,Clear,100.0,Arrived,Low,0.5
TRK-105,DRV-805,Subhashis Ghosh,Heavy Tipper (Tata Signa 4825.TK),2026-09-01T08:11:54.206321,22.5726,88.3639,73.2,32.23,101.7,653.55,Low,Rain,0.0,High Risk,High,670.2
TRK-105,DRV-805,Subhashis Ghosh,Heavy Tipper (Tata Signa 4825.TK),2026-09-01T08:15:54.206321,22.83061,88.17805,71.0,37.67,95.2,619.15,Moderate,Rain,5.3,High Risk,High,789.8
TRK-105,DRV-805,Subhashis Ghosh,Heavy Tipper (Tata Signa 4825.TK),2026-09-01T08:19:54.206321,23.08153,87.98036,34.7,48.06,91.8,584.76,Severe,Rain,10.5,Delayed,High,2521.1
TRK-105,DRV-805,Subhashis Ghosh,Heavy Tipper (Tata Signa 4825.TK),2026-09-01T08:23:54.206321,23.29354,87.74483,60.4,41.93,88.9,550.36,High,Rain,15.8,High Risk,High,1026.2
TRK-105,DRV-805,Subhashis Ghosh,Heavy Tipper (Tata Signa 4825.TK),2026-09-01T08:27:54.206321,23.44686,87.45223,57.8,38.85,83.0,515.96,Moderate,Rain,21.1,High Risk,High,796.7
TRK-105,DRV-805,Subhashis Ghosh,Heavy Tipper (Tata Signa 4825.TK),2026-09-01T08:31:54.206321,23.59595,87.15685,71.2,34.89,80.3,481.56,Low,Rain,26.3,High Risk,High,504.4
TRK-105,DRV-805,Subhashis Ghosh,Heavy Tipper (Tata Signa 4825.TK),2026-09-01T08:35:54.206321,23.71255,86.84747,28.8,49.48,73.9,447.17,Severe,Rain,31.6,Delayed,High,2329.1
TRK-105,DRV-805,Subhashis Ghosh,Heavy Tipper (Tata Signa 4825.TK),2026-09-01T08:39:54.206321,23.77829,86.51773,47.5,42.12,73.8,412.77,High,Rain,36.8,High Risk,High,974.7
TRK-105,DRV-805,Subhashis Ghosh,Heavy Tipper (Tata Signa 4825.TK),2026-09-01T08:43:54.206321,23.90535,86.21233,71.4,32.58,66.9,378.37,Low,Rain,42.1,High Risk,High,392.4
TRK-105,DRV-805,Subhashis Ghosh,Heavy Tipper (Tata Signa 4825.TK),2026-09-01T08:47:54.206321,24.0545,85.91571,53.4,41.42,62.7,343.97,High,Rain,47.4,High Risk,High,723.1
TRK-105,DRV-805,Subhashis Ghosh,Heavy Tipper (Tata Signa 4825.TK),2026-09-01T08:51:54.206321,24.20366,85.61908,73.1,38.89,60.1,309.58,Moderate,Rain,52.6,High Risk,High,378.5
TRK-105,DRV-805,Subhashis Ghosh,Heavy Tipper (Tata Signa 4825.TK),2026-09-01T08:55:54.206321,24.38551,85.35234,78.6,31.76,54.9,275.18,Low,Rain,57.9,High Risk,High,264.9
TRK-105,DRV-805,Subhashis Ghosh,Heavy Tipper (Tata Signa 4825.TK),2026-09-01T08:59:54.206321,24.6297,85.1426,58.7,43.85,56.1,240.78,High,Rain,63.2,High Risk,High,466.6
TRK-105,DRV-805,Subhashis Ghosh,Heavy Tipper (Tata Signa 4825.TK),2026-09-01T09:03:54.206321,24.80774,84.89174,56.5,36.4,50.2,206.38,Moderate,Rain,68.4,High Risk,High,331.9
TRK-105,DRV-805,Subhashis Ghosh,Heavy Tipper (Tata Signa 4825.TK),2026-09-01T09:07:54.206321,24.84586,84.55392,72.7,31.7,43.1,171.99,Low,Rain,73.7,High Risk,High,179.3
TRK-105,DRV-805,Subhashis Ghosh,Heavy Tipper (Tata Signa 4825.TK),2026-09-01T09:11:54.206321,24.88398,84.21611,58.4,37.4,40.1,137.59,Moderate,Rain,78.9,High Risk,High,216.2
TRK-105,DRV-805,Subhashis Ghosh,Heavy Tipper (Tata Signa 4825.TK),2026-09-01T09:15:54.206321,24.9221,83.87829,41.2,40.2,35.7,103.19,High,Rain,84.2,High Risk,High,274.4
TRK-105,DRV-805,Subhashis Ghosh,Heavy Tipper (Tata Signa 4825.TK),2026-09-01T09:19:54.206321,24.98514,83.55014,67.2,36.99,28.8,68.79,Moderate,Rain,89.5,High Risk,High,92.5
TRK-105,DRV-805,Subhashis Ghosh,Heavy Tipper (Tata Signa 4825.TK),2026-09-01T09:23:54.206321,25.15137,83.26202,61.8,40.19,27.6,34.4,High,Rain,94.7,High Risk,High,64.3
TRK-105,DRV-805,Subhashis Ghosh,Heavy Tipper (Tata Signa 4825.TK),2026-09-01T09:27:54.206321,25.3176,82.9739,77.0,34.24,27.1,0.0,Low,Rain,100.0,Arrived,Low,0.5
TRK-105,DRV-805,Subhashis Ghosh,Heavy Tipper (Tata Signa 4825.TK),2026-09-01T22:11:54.206321,22.5726,88.3639,86.4,31.63,101.0,653.55,Low,Rain,0.0,High Risk,High,559.4
TRK-105,DRV-805,Subhashis Ghosh,Heavy Tipper (Tata Signa 4825.TK),2026-09-01T22:15:54.206321,22.83061,88.17805,44.9,38.49,97.3,619.15,High,Rain,5.3,High Risk,High,1553.4
TRK-105,DRV-805,Subhashis Ghosh,Heavy Tipper (Tata Signa 4825.TK),2026-09-01T22:19:54.206321,23.08153,87.98036,75.1,32.35,93.8,584.76,Low,Rain,10.5,High Risk,High,583.1
TRK-105,DRV-805,Subhashis Ghosh,Heavy Tipper (Tata Signa 4825.TK),2026-09-01T22:23:54.206321,23.29354,87.74483,71.5,37.82,90.3,550.36,Low,Rain,15.8,High Risk,High,577.6
TRK-105,DRV-805,Subhashis Ghosh,Heavy Tipper (Tata Signa 4825.TK),2026-09-01T22:27:54.206321,23.44686,87.45223,69.1,35.34,82.1,515.96,Low,Rain,21.1,High Risk,High,561.1
TRK-105,DRV-805,Subhashis Ghosh,Heavy Tipper (Tata Signa 4825.TK),2026-09-01T22:31:54.206321,23.59595,87.15685,48.5,44.12,81.0,481.56,High,Rain,26.3,High Risk,High,1120.7
TRK-105,DRV-805,Subhashis Ghosh,Heavy Tipper (Tata Signa 4825.TK),2026-09-01T22:35:54.206321,23.71255,86.84747,77.3,36.75,77.9,447.17,Low,Rain,31.6,High Risk,High,427.7
TRK-105,DRV-805,Subhashis Ghosh,Heavy Tipper (Tata Signa 4825.TK),2026-09-01T22:39:54.206321,23.77829,86.51773,54.3,39.74,72.7,412.77,High,Rain,36.8,High Risk,High,854.6
TRK-105,DRV-805,Subhashis Ghosh,Heavy Tipper (Tata Signa 4825.TK),2026-09-01T22:43:54.206321,23.90535,86.21233,55.5,36.18,66.8,378.37,Moderate,Rain,42.1,High Risk,High,609.1
TRK-105,DRV-805,Subhashis Ghosh,Heavy Tipper (Tata Signa 4825.TK),2026-09-01T22:47:54.206321,24.0545,85.91571,78.3,34.4,63.5,343.97,Low,Rain,47.4,High Risk,High,327.5
TRK-105,DRV-805,Subhashis Ghosh,Heavy Tipper (Tata Signa 4825.TK),2026-09-01T22:51:54.206321,24.20366,85.61908,43.3,38.51,55.6,309.58,High,Rain,52.6,High Risk,High,810.8
TRK-105,DRV-805,Subhashis Ghosh,Heavy Tipper (Tata Signa 4825.TK),2026-09-01T22:55:54.206321,24.38551,85.35234,44.2,40.2,60.1,275.18,High,Rain,57.9,High Risk,High,702.7
TRK-105,DRV-805,Subhashis Ghosh,Heavy Tipper (Tata Signa 4825.TK),2026-09-01T22:59:54.206321,24.6297,85.1426,72.9,35.53,53.4,240.78,Low,Rain,63.2,High Risk,High,250.5
TRK-105,DRV-805,Subhashis Ghosh,Heavy Tipper (Tata Signa 4825.TK),2026-09-01T23:03:54.206321,24.80774,84.89174,69.0,31.95,48.7,206.38,Low,Rain,68.4,High Risk,High,222.9
TRK-105,DRV-805,Subhashis Ghosh,Heavy Tipper (Tata Signa 4825.TK),2026-09-01T23:07:54.206321,24.84586,84.55392,83.9,31.27,48.6,171.99,Low,Rain,73.7,High Risk,High,149.8
TRK-105,DRV-805,Subhashis Ghosh,Heavy Tipper (Tata Signa 4825.TK),2026-09-01T23:11:54.206321,24.88398,84.21611,78.3,32.09,40.5,137.59,Low,Rain,78.9,High Risk,High,131.9
TRK-105,DRV-805,Subhashis Ghosh,Heavy Tipper (Tata Signa 4825.TK),2026-09-01T23:15:54.206321,24.9221,83.87829,59.6,35.0,35.5,103.19,Moderate,Rain,84.2,High Risk,High,160.8
TRK-105,DRV-805,Subhashis Ghosh,Heavy Tipper (Tata Signa 4825.TK),2026-09-01T23:19:54.206321,24.98514,83.55014,46.6,41.53,34.4,68.79,High,Rain,89.5,High Risk,High,161.7
TRK-105,DRV-805,Subhashis Ghosh,Heavy Tipper (Tata Signa 4825.TK),2026-09-01T23:23:54.206321,25.15137,83.26202,43.9,39.46,27.8,34.4,High,Rain,94.7,High Risk,High,85.9
TRK-105,DRV-805,Subhashis Ghosh,Heavy Tipper (Tata Signa 4825.TK),2026-09-01T23:27:54.206321,25.3176,82.9739,65.5,39.8,24.5,0.0,Moderate,Rain,100.0,Arrived,Low,0.5
TRK-105,DRV-805,Subhashis Ghosh,Heavy Tipper (Tata Signa 4825.TK),2026-09-02T12:11:54.206321,22.5726,88.3639,41.3,42.42,102.0,653.55,High,Rain,0.0,High Risk,High,1784.8
TRK-105,DRV-805,Subhashis Ghosh,Heavy Tipper (Tata Signa 4825.TK),2026-09-02T12:15:54.206321,22.83061,88.17805,75.4,33.34,97.9,619.15,Low,Rain,5.3,High Risk,High,610.4
TRK-105,DRV-805,Subhashis Ghosh,Heavy Tipper (Tata Signa 4825.TK),2026-09-02T12:19:54.206321,23.08153,87.98036,69.5,36.58,92.3,584.76,Moderate,Rain,10.5,High Risk,High,758.3
TRK-105,DRV-805,Subhashis Ghosh,Heavy Tipper (Tata Signa 4825.TK),2026-09-02T12:23:54.206321,23.29354,87.74483,61.8,38.51,87.1,550.36,Moderate,Rain,15.8,High Risk,High,806.6
TRK-105,DRV-805,Subhashis Ghosh,Heavy Tipper (Tata Signa 4825.TK),2026-09-02T12:27:54.206321,23.44686,87.45223,69.5,37.26,85.3,515.96,Moderate,Rain,21.1,High Risk,High,665.6
TRK-105,DRV-805,Subhashis Ghosh,Heavy Tipper (Tata Signa 4825.TK),2026-09-02T12:31:54.206321,23.59595,87.15685,61.5,37.15,79.0,481.56,Moderate,Rain,26.3,High Risk,High,710.4
TRK-105,DRV-805,Subhashis Ghosh,Heavy Tipper (Tata Signa 4825.TK),2026-09-02T12:35:54.206321,23.71255,86.84747,58.5,32.74,75.4,447.17,Low,Rain,31.6,High Risk,High,567.2
TRK-105,DRV-805,Subhashis Ghosh,Heavy Tipper (Tata Signa 4825.TK),2026-09-02T12:39:54.206321,23.77829,86.51773,67.5,33.48,72.3,412.77,Moderate,Rain,36.8,High Risk,High,552.9
TRK-105,DRV-805,Subhashis Ghosh,Heavy Tipper (Tata Signa 4825.TK),2026-09-02T12:43:54.206321,23.90535,86.21233,46.5,42.09,68.5,378.37,High,Rain,42.1,High Risk,High,913.0
TRK-105,DRV-805,Subhashis Ghosh,Heavy Tipper (Tata Signa 4825.TK),2026-09-02T12:47:54.206321,24.0545,85.91571,47.0,41.11,65.1,343.97,High,Rain,47.4,High Risk,High,822.0
TRK-105,DRV-805,Subhashis Ghosh,Heavy Tipper (Tata Signa 4825.TK),2026-09-02T12:51:54.206321,24.20366,85.61908,66.3,34.93,59.6,309.58,Moderate,Rain,52.6,High Risk,High,419.3
TRK-105,DRV-805,Subhashis Ghosh,Heavy Tipper (Tata Signa 4825.TK),2026-09-02T12:55:54.206321,24.38551,85.35234,74.6,37.83,59.5,275.18,Low,Rain,57.9,High Risk,High,279.6
TRK-105,DRV-805,Subhashis Ghosh,Heavy Tipper (Tata Signa 4825.TK),2026-09-02T12:59:54.206321,24.6297,85.1426,83.4,35.1,51.5,240.78,Low,Rain,63.2,High Risk,High,219.6
TRK-105,DRV-805,Subhashis Ghosh,Heavy Tipper (Tata Signa 4825.TK),2026-09-02T13:03:54.206321,24.80774,84.89174,68.6,39.3,43.6,206.38,Low,Rain,68.4,High Risk,High,221.9
TRK-105,DRV-805,Subhashis Ghosh,Heavy Tipper (Tata Signa 4825.TK),2026-09-02T13:07:54.206321,24.84586,84.55392,31.6,46.74,46.4,171.99,Severe,Rain,73.7,Delayed,High,816.5
TRK-105,DRV-805,Subhashis Ghosh,Heavy Tipper (Tata Signa 4825.TK),2026-09-02T13:11:54.206321,24.88398,84.21611,52.5,40.77,40.5,137.59,High,Rain,78.9,High Risk,High,291.7
TRK-105,DRV-805,Subhashis Ghosh,Heavy Tipper (Tata Signa 4825.TK),2026-09-02T13:15:54.206321,24.9221,83.87829,57.4,38.05,34.7,103.19,Moderate,Rain,84.2,High Risk,High,164.4
TRK-105,DRV-805,Subhashis Ghosh,Heavy Tipper (Tata Signa 4825.TK),2026-09-02T13:19:54.206321,24.98514,83.55014,77.3,32.34,32.0,68.79,Low,Rain,89.5,In Transit,Moderate,69.5
TRK-105,DRV-805,Subhashis Ghosh,Heavy Tipper (Tata Signa 4825.TK),2026-09-02T13:23:54.206321,25.15137,83.26202,64.9,36.11,29.2,34.4,Moderate,Rain,94.7,In Transit,Moderate,52.1
TRK-105,DRV-805,Subhashis Ghosh,Heavy Tipper (Tata Signa 4825.TK),2026-09-02T13:27:54.206321,25.3176,82.9739,65.6,38.83,27.4,0.0,Moderate,Rain,100.0,Arrived,Low,3.0
TRK-105,DRV-805,Subhashis Ghosh,Heavy Tipper (Tata Signa 4825.TK),2026-09-03T02:11:54.206321,22.5726,88.3639,73.4,34.53,101.4,653.55,Moderate,Clear,0.0,High Risk,High,644.2
TRK-105,DRV-805,Subhashis Ghosh,Heavy Tipper (Tata Signa 4825.TK),2026-09-03T02:15:54.206321,22.83061,88.17805,82.6,30.95,92.6,619.15,Low,Clear,5.3,In Transit,Low,452.0
TRK-105,DRV-805,Subhashis Ghosh,Heavy Tipper (Tata Signa 4825.TK),2026-09-03T02:19:54.206321,23.08153,87.98036,87.7,31.88,93.8,584.76,Low,Clear,10.5,In Transit,Low,396.6
TRK-105,DRV-805,Subhashis Ghosh,Heavy Tipper (Tata Signa 4825.TK),2026-09-03T02:23:54.206321,23.29354,87.74483,93.8,33.35,90.4,550.36,Low,Clear,15.8,In Transit,Low,352.7
TRK-105,DRV-805,Subhashis Ghosh,Heavy Tipper (Tata Signa 4825.TK),2026-09-03T02:27:54.206321,23.44686,87.45223,94.8,34.22,83.5,515.96,Low,Clear,21.1,In Transit,Low,327.0
TRK-105,DRV-805,Subhashis Ghosh,Heavy Tipper (Tata Signa 4825.TK),2026-09-03T02:31:54.206321,23.59595,87.15685,60.8,39.57,83.7,481.56,High,Clear,26.3,High Risk,High,715.1
TRK-105,DRV-805,Subhashis Ghosh,Heavy Tipper (Tata Signa 4825.TK),2026-09-03T02:35:54.206321,23.71255,86.84747,60.9,35.97,79.0,447.17,High,Clear,31.6,High Risk,High,655.3
TRK-105,DRV-805,Subhashis Ghosh,Heavy Tipper (Tata Signa 4825.TK),2026-09-03T02:39:54.206321,23.77829,86.51773,69.3,39.9,72.6,412.77,High,Clear,36.8,High Risk,High,540.9
TRK-105,DRV-805,Subhashis Ghosh,Heavy Tipper (Tata Signa 4825.TK),2026-09-03T02:43:54.206321,23.90535,86.21233,64.0,40.37,70.1,378.37,High,Clear,42.1,High Risk,High,527.2
TRK-105,DRV-805,Subhashis Ghosh,Heavy Tipper (Tata Signa 4825.TK),2026-09-03T02:47:54.206321,24.0545,85.91571,44.8,44.91,65.1,343.97,Severe,Clear,47.4,High Risk,High,923.5
TRK-105,DRV-805,Subhashis Ghosh,Heavy Tipper (Tata Signa 4825.TK),2026-09-03T02:51:54.206321,24.20366,85.61908,80.4,31.47,63.4,309.58,Moderate,Clear,52.6,High Risk,High,278.1
TRK-105,DRV-805,Subhashis Ghosh,Heavy Tipper (Tata Signa 4825.TK),2026-09-03T02:55:54.206321,24.38551,85.35234,50.6,37.04,52.8,275.18,High,Clear,57.9,High Risk,High,490.4
TRK-105,DRV-805,Subhashis Ghosh,Heavy Tipper (Tata Signa 4825.TK),2026-09-03T02:59:54.206321,24.6297,85.1426,73.5,34.63,51.0,240.78,Moderate,Clear,63.2,High Risk,High,230.4
TRK-105,DRV-805,Subhashis Ghosh,Heavy Tipper (Tata Signa 4825.TK),2026-09-03T03:03:54.206321,24.80774,84.89174,76.4,35.0,49.9,206.38,Moderate,Clear,68.4,High Risk,High,194.9
TRK-105,DRV-805,Subhashis Ghosh,Heavy Tipper (Tata Signa 4825.TK),2026-09-03T03:07:54.206321,24.84586,84.55392,59.5,40.91,41.2,171.99,High,Clear,73.7,High Risk,High,262.2
TRK-105,DRV-805,Subhashis Ghosh,Heavy Tipper (Tata Signa 4825.TK),2026-09-03T03:11:54.206321,24.88398,84.21611,74.9,35.73,37.2,137.59,Moderate,Clear,78.9,In Transit,Moderate,127.6
TRK-105,DRV-805,Subhashis Ghosh,Heavy Tipper (Tata Signa 4825.TK),2026-09-03T03:15:54.206321,24.9221,83.87829,78.6,32.0,35.5,103.19,Low,Clear,84.2,In Transit,Low,73.9
TRK-105,DRV-805,Subhashis Ghosh,Heavy Tipper (Tata Signa 4825.TK),2026-09-03T03:19:54.206321,24.98514,83.55014,94.6,31.77,32.9,68.79,Low,Clear,89.5,In Transit,Low,39.4
TRK-105,DRV-805,Subhashis Ghosh,Heavy Tipper (Tata Signa 4825.TK),2026-09-03T03:23:54.206321,25.15137,83.26202,69.6,34.58,30.8,34.4,Moderate,Clear,94.7,In Transit,Low,36.3
TRK-105,DRV-805,Subhashis Ghosh,Heavy Tipper (Tata Signa 4825.TK),2026-09-03T03:27:54.206321,25.3176,82.9739,83.1,34.35,22.9,0.0,Low,Clear,100.0,Arrived,Low,0.5
TRK-105,DRV-805,Subhashis Ghosh,Heavy Tipper (Tata Signa 4825.TK),2026-09-03T16:11:54.206321,22.5726,88.3639,83.2,31.1,99.6,653.55,Low,Clear,0.0,In Transit,Low,472.4
TRK-105,DRV-805,Subhashis Ghosh,Heavy Tipper (Tata Signa 4825.TK),2026-09-03T16:15:54.206321,22.83061,88.17805,57.0,37.75,98.7,619.15,High,Clear,5.3,High Risk,High,977.5
TRK-105,DRV-805,Subhashis Ghosh,Heavy Tipper (Tata Signa 4825.TK),2026-09-03T16:19:54.206321,23.08153,87.98036,61.0,36.15,89.3,584.76,Moderate,Clear,10.5,High Risk,High,692.4
TRK-105,DRV-805,Subhashis Ghosh,Heavy Tipper (Tata Signa 4825.TK),2026-09-03T16:23:54.206321,23.29354,87.74483,35.7,47.78,87.3,550.36,Severe,Clear,15.8,Delayed,High,1854.7
TRK-105,DRV-805,Subhashis Ghosh,Heavy Tipper (Tata Signa 4825.TK),2026-09-03T16:27:54.206321,23.44686,87.45223,93.7,33.74,85.6,515.96,Low,Clear,21.1,In Transit,Low,329.9
TRK-105,DRV-805,Subhashis Ghosh,Heavy Tipper (Tata Signa 4825.TK),2026-09-03T16:31:54.206321,23.59595,87.15685,53.6,37.38,78.9,481.56,High,Clear,26.3,High Risk,High,808.9
TRK-105,DRV-805,Subhashis Ghosh,Heavy Tipper (Tata Signa 4825.TK),2026-09-03T16:35:54.206321,23.71255,86.84747,62.2,40.82,77.6,447.17,High,Clear,31.6,High Risk,High,645.2
TRK-105,DRV-805,Subhashis Ghosh,Heavy Tipper (Tata Signa 4825.TK),2026-09-03T16:39:54.206321,23.77829,86.51773,47.1,46.58,72.6,412.77,Severe,Clear,36.8,High Risk,High,1054.9
TRK-105,DRV-805,Subhashis Ghosh,Heavy Tipper (Tata Signa 4825.TK),2026-09-03T16:43:54.206321,23.90535,86.21233,66.0,38.6,68.3,378.37,Moderate,Clear,42.1,High Risk,High,417.9
TRK-105,DRV-805,Subhashis Ghosh,Heavy Tipper (Tata Signa 4825.TK),2026-09-03T16:47:54.206321,24.0545,85.91571,82.0,31.22,65.2,343.97,Low,Clear,47.4,In Transit,Low,256.8
TRK-105,DRV-805,Subhashis Ghosh,Heavy Tipper (Tata Signa 4825.TK),2026-09-03T16:51:54.206321,24.20366,85.61908,84.8,34.59,62.2,309.58,Moderate,Clear,52.6,High Risk,High,266.9
TRK-105,DRV-805,Subhashis Ghosh,Heavy Tipper (Tata Signa 4825.TK),2026-09-03T16:55:54.206321,24.38551,85.35234,85.9,33.86,53.2,275.18,Low,Clear,57.9,In Transit,Low,195.5
TRK-105,DRV-805,Subhashis Ghosh,Heavy Tipper (Tata Signa 4825.TK),2026-09-03T16:59:54.206321,24.6297,85.1426,69.0,37.69,49.1,240.78,Moderate,Clear,63.2,High Risk,High,250.7
TRK-105,DRV-805,Subhashis Ghosh,Heavy Tipper (Tata Signa 4825.TK),2026-09-03T17:03:54.206321,24.80774,84.89174,79.3,34.45,46.1,206.38,Moderate,Clear,68.4,High Risk,High,186.6
TRK-105,DRV-805,Subhashis Ghosh,Heavy Tipper (Tata Signa 4825.TK),2026-09-03T17:07:54.206321,24.84586,84.55392,69.9,34.67,43.2,171.99,Moderate,Clear,73.7,High Risk,High,173.9
TRK-105,DRV-805,Subhashis Ghosh,Heavy Tipper (Tata Signa 4825.TK),2026-09-03T17:11:54.206321,24.88398,84.21611,79.1,34.82,43.0,137.59,Moderate,Clear,78.9,In Transit,Moderate,125.8
TRK-105,DRV-805,Subhashis Ghosh,Heavy Tipper (Tata Signa 4825.TK),2026-09-03T17:15:54.206321,24.9221,83.87829,97.5,33.97,36.9,103.19,Low,Clear,84.2,In Transit,Low,67.4
TRK-105,DRV-805,Subhashis Ghosh,Heavy Tipper (Tata Signa 4825.TK),2026-09-03T17:19:54.206321,24.98514,83.55014,66.5,38.76,30.6,68.79,High,Clear,89.5,High Risk,High,92.8
TRK-105,DRV-805,Subhashis Ghosh,Heavy Tipper (Tata Signa 4825.TK),2026-09-03T17:23:54.206321,25.15137,83.26202,79.2,32.79,26.7,34.4,Moderate,Clear,94.7,In Transit,Low,34.0
TRK-105,DRV-805,Subhashis Ghosh,Heavy Tipper (Tata Signa 4825.TK),2026-09-03T17:27:54.206321,25.3176,82.9739,68.0,37.67,24.3,0.0,High,Clear,100.0,In Transit,Moderate,0.5
TRK-105,DRV-805,Subhashis Ghosh,Heavy Tipper (Tata Signa 4825.TK),2026-09-04T06:11:54.206321,22.5726,88.3639,52.5,42.36,100.6,653.55,High,Rain,0.0,High Risk,High,1399.1
TRK-105,DRV-805,Subhashis Ghosh,Heavy Tipper (Tata Signa 4825.TK),2026-09-04T06:15:54.206321,22.83061,88.17805,67.6,33.82,94.8,619.15,Low,Rain,5.3,High Risk,High,687.8
TRK-105,DRV-805,Subhashis Ghosh,Heavy Tipper (Tata Signa 4825.TK),2026-09-04T06:19:54.206321,23.08153,87.98036,68.6,33.82,92.2,584.76,Low,Rain,10.5,High Risk,High,639.3
TRK-105,DRV-805,Subhashis Ghosh,Heavy Tipper (Tata Signa 4825.TK),2026-09-04T06:23:54.206321,23.29354,87.74483,73.7,33.74,88.8,550.36,Low,Rain,15.8,High Risk,High,557.9
TRK-105,DRV-805,Subhashis Ghosh,Heavy Tipper (Tata Signa 4825.TK),2026-09-04T06:27:54.206321,23.44686,87.45223,40.3,41.06,86.8,515.96,High,Rain,21.1,High Risk,High,1442.5
TRK-105,DRV-805,Subhashis Ghosh,Heavy Tipper (Tata Signa 4825.TK),2026-09-04T06:31:54.206321,23.59595,87.15685,82.5,35.46,79.9,481.56,Low,Rain,26.3,High Risk,High,441.4
TRK-105,DRV-805,Subhashis Ghosh,Heavy Tipper (Tata Signa 4825.TK),2026-09-04T06:35:54.206321,23.71255,86.84747,57.1,38.54,74.1,447.17,Moderate,Rain,31.6,High Risk,High,704.5
TRK-105,DRV-805,Subhashis Ghosh,Heavy Tipper (Tata Signa 4825.TK),2026-09-04T06:39:54.206321,23.77829,86.51773,87.0,33.42,70.1,412.77,Low,Rain,36.8,High Risk,High,352.3
TRK-105,DRV-805,Subhashis Ghosh,Heavy Tipper (Tata Signa 4825.TK),2026-09-04T06:43:54.206321,23.90535,86.21233,79.6,34.42,70.7,378.37,Low,Rain,42.1,High Risk,High,360.7
TRK-105,DRV-805,Subhashis Ghosh,Heavy Tipper (Tata Signa 4825.TK),2026-09-04T06:47:54.206321,24.0545,85.91571,66.8,37.75,64.8,343.97,Moderate,Rain,47.4,High Risk,High,463.5
TRK-105,DRV-805,Subhashis Ghosh,Heavy Tipper (Tata Signa 4825.TK),2026-09-04T06:51:54.206321,24.20366,85.61908,75.6,36.93,60.4,309.58,Moderate,Rain,52.6,High Risk,High,373.4
TRK-105,DRV-805,Subhashis Ghosh,Heavy Tipper (Tata Signa 4825.TK),2026-09-04T06:55:54.206321,24.38551,85.35234,39.7,46.6,55.9,275.18,Severe,Rain,57.9,Delayed,High,1041.4
TRK-105,DRV-805,Subhashis Ghosh,Heavy Tipper (Tata Signa 4825.TK),2026-09-04T06:59:54.206321,24.6297,85.1426,73.6,36.07,55.8,240.78,Moderate,Rain,63.2,High Risk,High,291.9
TRK-105,DRV-805,Subhashis Ghosh,Heavy Tipper (Tata Signa 4825.TK),2026-09-04T07:03:54.206321,24.80774,84.89174,52.3,41.02,47.6,206.38,High,Rain,68.4,High Risk,High,440.0
TRK-105,DRV-805,Subhashis Ghosh,Heavy Tipper (Tata Signa 4825.TK),2026-09-04T07:07:54.206321,24.84586,84.55392,73.0,37.15,46.0,171.99,Moderate,Rain,73.7,High Risk,High,211.1
TRK-105,DRV-805,Subhashis Ghosh,Heavy Tipper (Tata Signa 4825.TK),2026-09-04T07:11:54.206321,24.88398,84.21611,69.9,37.12,41.8,137.59,Low,Rain,78.9,High Risk,High,148.5
TRK-105,DRV-805,Subhashis Ghosh,Heavy Tipper (Tata Signa 4825.TK),2026-09-04T07:15:54.206321,24.9221,83.87829,86.5,34.01,39.1,103.19,Low,Rain,84.2,In Transit,Moderate,89.8
TRK-105,DRV-805,Subhashis Ghosh,Heavy Tipper (Tata Signa 4825.TK),2026-09-04T07:19:54.206321,24.98514,83.55014,68.9,37.36,34.9,68.79,Low,Rain,89.5,In Transit,Moderate,70.5
TRK-105,DRV-805,Subhashis Ghosh,Heavy Tipper (Tata Signa 4825.TK),2026-09-04T07:23:54.206321,25.15137,83.26202,73.9,34.87,30.9,34.4,Low,Rain,94.7,In Transit,Low,35.0
TRK-105,DRV-805,Subhashis Ghosh,Heavy Tipper (Tata Signa 4825.TK),2026-09-04T07:27:54.206321,25.3176,82.9739,75.7,38.34,22.0,0.0,Low,Rain,100.0,Arrived,Low,1.6
TRK-105,DRV-805,Subhashis Ghosh,Heavy Tipper (Tata Signa 4825.TK),2026-09-04T20:11:54.206321,22.5726,88.3639,87.2,30.64,98.8,653.55,Low,Clear,0.0,In Transit,Low,442.6
TRK-105,DRV-805,Subhashis Ghosh,Heavy Tipper (Tata Signa 4825.TK),2026-09-04T20:15:54.206321,22.83061,88.17805,90.3,26.32,97.1,619.15,Low,Clear,5.3,In Transit,Low,410.7
TRK-105,DRV-805,Subhashis Ghosh,Heavy Tipper (Tata Signa 4825.TK),2026-09-04T20:19:54.206321,23.08153,87.98036,59.6,37.92,93.3,584.76,High,Clear,10.5,High Risk,High,882.8
TRK-105,DRV-805,Subhashis Ghosh,Heavy Tipper (Tata Signa 4825.TK),2026-09-04T20:23:54.206321,23.29354,87.74483,81.2,31.0,87.4,550.36,Low,Clear,15.8,In Transit,Low,405.5
TRK-105,DRV-805,Subhashis Ghosh,Heavy Tipper (Tata Signa 4825.TK),2026-09-04T20:27:54.206321,23.44686,87.45223,87.9,32.39,86.4,515.96,Low,Clear,21.1,In Transit,Low,356.9
TRK-105,DRV-805,Subhashis Ghosh,Heavy Tipper (Tata Signa 4825.TK),2026-09-04T20:31:54.206321,23.59595,87.15685,86.2,33.41,80.7,481.56,Low,Clear,26.3,In Transit,Low,336.0
TRK-105,DRV-805,Subhashis Ghosh,Heavy Tipper (Tata Signa 4825.TK),2026-09-04T20:35:54.206321,23.71255,86.84747,71.5,34.96,75.5,447.17,Moderate,Clear,31.6,High Risk,High,455.2
TRK-105,DRV-805,Subhashis Ghosh,Heavy Tipper (Tata Signa 4825.TK),2026-09-04T20:39:54.206321,23.77829,86.51773,82.9,30.37,71.3,412.77,Low,Clear,36.8,In Transit,Low,300.9
TRK-105,DRV-805,Subhashis Ghosh,Heavy Tipper (Tata Signa 4825.TK),2026-09-04T20:43:54.206321,23.90535,86.21233,87.3,29.3,68.9,378.37,Low,Clear,42.1,In Transit,Low,265.9
TRK-105,DRV-805,Subhashis Ghosh,Heavy Tipper (Tata Signa 4825.TK),2026-09-04T20:47:54.206321,24.0545,85.91571,84.1,33.49,63.6,343.97,Low,Clear,47.4,In Transit,Low,244.5
TRK-105,DRV-805,Subhashis Ghosh,Heavy Tipper (Tata Signa 4825.TK),2026-09-04T20:51:54.206321,24.20366,85.61908,53.7,41.39,59.6,309.58,High,Clear,52.6,High Risk,High,518.1
TRK-105,DRV-805,Subhashis Ghosh,Heavy Tipper (Tata Signa 4825.TK),2026-09-04T20:55:54.206321,24.38551,85.35234,60.1,39.95,59.8,275.18,High,Clear,57.9,High Risk,High,410.2
TRK-105,DRV-805,Subhashis Ghosh,Heavy Tipper (Tata Signa 4825.TK),2026-09-04T20:59:54.206321,24.6297,85.1426,89.3,29.75,52.9,240.78,Low,Clear,63.2,In Transit,Low,169.5
TRK-105,DRV-805,Subhashis Ghosh,Heavy Tipper (Tata Signa 4825.TK),2026-09-04T21:03:54.206321,24.80774,84.89174,58.9,43.27,47.4,206.38,High,Clear,68.4,High Risk,High,310.3
TRK-105,DRV-805,Subhashis Ghosh,Heavy Tipper (Tata Signa 4825.TK),2026-09-04T21:07:54.206321,24.84586,84.55392,68.0,35.43,45.7,171.99,Moderate,Clear,73.7,High Risk,High,180.0
TRK-105,DRV-805,Subhashis Ghosh,Heavy Tipper (Tata Signa 4825.TK),2026-09-04T21:11:54.206321,24.88398,84.21611,53.4,40.39,41.0,137.59,High,Clear,78.9,High Risk,High,231.8
TRK-105,DRV-805,Subhashis Ghosh,Heavy Tipper (Tata Signa 4825.TK),2026-09-04T21:15:54.206321,24.9221,83.87829,81.8,36.42,37.5,103.19,Moderate,Clear,84.2,In Transit,Moderate,87.7
TRK-105,DRV-805,Subhashis Ghosh,Heavy Tipper (Tata Signa 4825.TK),2026-09-04T21:19:54.206321,24.98514,83.55014,77.2,33.49,34.1,68.79,Moderate,Clear,89.5,In Transit,Low,61.4
TRK-105,DRV-805,Subhashis Ghosh,Heavy Tipper (Tata Signa 4825.TK),2026-09-04T21:23:54.206321,25.15137,83.26202,50.1,40.6,31.1,34.4,High,Clear,94.7,In Transit,Moderate,55.6
TRK-105,DRV-805,Subhashis Ghosh,Heavy Tipper (Tata Signa 4825.TK),2026-09-04T21:27:54.206321,25.3176,82.9739,88.0,30.31,21.4,0.0,Low,Clear,100.0,Arrived,Low,2.0
TRK-105,DRV-805,Subhashis Ghosh,Heavy Tipper (Tata Signa 4825.TK),2026-09-05T10:11:54.206321,22.5726,88.3639,53.8,39.55,101.4,653.55,High,Clear,0.0,High Risk,High,1095.8
TRK-105,DRV-805,Subhashis Ghosh,Heavy Tipper (Tata Signa 4825.TK),2026-09-05T10:15:54.206321,22.83061,88.17805,78.7,34.48,97.8,619.15,Moderate,Clear,5.3,High Risk,High,569.8
TRK-105,DRV-805,Subhashis Ghosh,Heavy Tipper (Tata Signa 4825.TK),2026-09-05T10:19:54.206321,23.08153,87.98036,77.7,30.74,90.3,584.76,Low,Clear,10.5,In Transit,Low,449.9
TRK-105,DRV-805,Subhashis Ghosh,Heavy Tipper (Tata Signa 4825.TK),2026-09-05T10:23:54.206321,23.29354,87.74483,81.7,32.31,85.7,550.36,Moderate,Clear,15.8,High Risk,High,481.9
TRK-105,DRV-805,Subhashis Ghosh,Heavy Tipper (Tata Signa 4825.TK),2026-09-05T10:27:54.206321,23.44686,87.45223,102.9,29.92,81.0,515.96,Low,Clear,21.1,In Transit,Low,300.1
TRK-105,DRV-805,Subhashis Ghosh,Heavy Tipper (Tata Signa 4825.TK),2026-09-05T10:31:54.206321,23.59595,87.15685,81.9,29.94,79.1,481.56,Low,Clear,26.3,In Transit,Low,350.9
TRK-105,DRV-805,Subhashis Ghosh,Heavy Tipper (Tata Signa 4825.TK),2026-09-05T10:35:54.206321,23.71255,86.84747,77.4,33.67,74.9,447.17,Low,Clear,31.6,In Transit,Low,351.5
TRK-105,DRV-805,Subhashis Ghosh,Heavy Tipper (Tata Signa 4825.TK),2026-09-05T10:39:54.206321,23.77829,86.51773,64.8,35.1,72.9,412.77,Moderate,Clear,36.8,High Risk,High,463.0
TRK-105,DRV-805,Subhashis Ghosh,Heavy Tipper (Tata Signa 4825.TK),2026-09-05T10:43:54.206321,23.90535,86.21233,51.9,47.56,67.1,378.37,Severe,Clear,42.1,High Risk,High,873.0
TRK-105,DRV-805,Subhashis Ghosh,Heavy Tipper (Tata Signa 4825.TK),2026-09-05T10:47:54.206321,24.0545,85.91571,77.7,33.87,66.1,343.97,Low,Clear,47.4,In Transit,Low,265.0
TRK-105,DRV-805,Subhashis Ghosh,Heavy Tipper (Tata Signa 4825.TK),2026-09-05T10:51:54.206321,24.20366,85.61908,80.4,35.48,59.5,309.58,Low,Clear,52.6,In Transit,Low,230.4
TRK-105,DRV-805,Subhashis Ghosh,Heavy Tipper (Tata Signa 4825.TK),2026-09-05T10:55:54.206321,24.38551,85.35234,52.8,37.71,61.5,275.18,High,Clear,57.9,High Risk,High,465.0
TRK-105,DRV-805,Subhashis Ghosh,Heavy Tipper (Tata Signa 4825.TK),2026-09-05T10:59:54.206321,24.6297,85.1426,64.0,33.45,51.0,240.78,Moderate,Clear,63.2,High Risk,High,270.9
TRK-105,DRV-805,Subhashis Ghosh,Heavy Tipper (Tata Signa 4825.TK),2026-09-05T11:03:54.206321,24.80774,84.89174,66.9,32.93,51.8,206.38,Moderate,Clear,68.4,High Risk,High,225.0
TRK-105,DRV-805,Subhashis Ghosh,Heavy Tipper (Tata Signa 4825.TK),2026-09-05T11:07:54.206321,24.84586,84.55392,89.4,34.03,45.5,171.99,Low,Clear,73.7,In Transit,Low,112.7
TRK-105,DRV-805,Subhashis Ghosh,Heavy Tipper (Tata Signa 4825.TK),2026-09-05T11:11:54.206321,24.88398,84.21611,65.6,33.23,42.3,137.59,Moderate,Clear,78.9,In Transit,Moderate,148.5
TRK-105,DRV-805,Subhashis Ghosh,Heavy Tipper (Tata Signa 4825.TK),2026-09-05T11:15:54.206321,24.9221,83.87829,79.6,29.02,36.8,103.19,Low,Clear,84.2,In Transit,Low,78.9
TRK-105,DRV-805,Subhashis Ghosh,Heavy Tipper (Tata Signa 4825.TK),2026-09-05T11:19:54.206321,24.98514,83.55014,90.2,35.96,33.0,68.79,Low,Clear,89.5,In Transit,Low,44.0
TRK-105,DRV-805,Subhashis Ghosh,Heavy Tipper (Tata Signa 4825.TK),2026-09-05T11:23:54.206321,25.15137,83.26202,87.4,31.69,30.8,34.4,Low,Clear,94.7,In Transit,Low,21.0
TRK-105,DRV-805,Subhashis Ghosh,Heavy Tipper (Tata Signa 4825.TK),2026-09-05T11:27:54.206321,25.3176,82.9739,61.5,34.33,24.1,0.0,Moderate,Clear,100.0,Arrived,Low,3.0
TRK-105,DRV-805,Subhashis Ghosh,Heavy Tipper (Tata Signa 4825.TK),2026-09-06T00:11:54.206321,22.5726,88.3639,34.9,46.01,98.2,653.55,Severe,Rain,0.0,Delayed,High,2808.8
TRK-105,DRV-805,Subhashis Ghosh,Heavy Tipper (Tata Signa 4825.TK),2026-09-06T00:15:54.206321,22.83061,88.17805,54.2,37.65,95.9,619.15,Moderate,Rain,5.3,High Risk,High,1021.0
TRK-105,DRV-805,Subhashis Ghosh,Heavy Tipper (Tata Signa 4825.TK),2026-09-06T00:19:54.206321,23.08153,87.98036,68.2,38.57,90.4,584.76,Moderate,Rain,10.5,High Risk,High,768.7
TRK-105,DRV-805,Subhashis Ghosh,Heavy Tipper (Tata Signa 4825.TK),2026-09-06T00:23:54.206321,23.29354,87.74483,54.9,39.53,89.6,550.36,High,Rain,15.8,High Risk,High,1127.4
TRK-105,DRV-805,Subhashis Ghosh,Heavy Tipper (Tata Signa 4825.TK),2026-09-06T00:27:54.206321,23.44686,87.45223,75.1,35.89,82.3,515.96,Low,Rain,21.1,High Risk,High,519.6
TRK-105,DRV-805,Subhashis Ghosh,Heavy Tipper (Tata Signa 4825.TK),2026-09-06T00:31:54.206321,23.59595,87.15685,80.1,33.01,80.4,481.56,Low,Rain,26.3,High Risk,High,454.1
TRK-105,DRV-805,Subhashis Ghosh,Heavy Tipper (Tata Signa 4825.TK),2026-09-06T00:35:54.206321,23.71255,86.84747,81.7,33.29,77.6,447.17,Low,Rain,31.6,High Risk,High,408.1
TRK-105,DRV-805,Subhashis Ghosh,Heavy Tipper (Tata Signa 4825.TK),2026-09-06T00:39:54.206321,23.77829,86.51773,87.0,32.9,70.0,412.77,Low,Rain,36.8,High Risk,High,354.1
TRK-105,DRV-805,Subhashis Ghosh,Heavy Tipper (Tata Signa 4825.TK),2026-09-06T00:43:54.206321,23.90535,86.21233,69.8,35.8,66.3,378.37,Low,Rain,42.1,High Risk,High,413.6
TRK-105,DRV-805,Subhashis Ghosh,Heavy Tipper (Tata Signa 4825.TK),2026-09-06T00:47:54.206321,24.0545,85.91571,44.0,49.01,60.1,343.97,Severe,Rain,47.4,High Risk,High,1170.1
TRK-105,DRV-805,Subhashis Ghosh,Heavy Tipper (Tata Signa 4825.TK),2026-09-06T00:51:54.206321,24.20366,85.61908,50.2,41.92,60.5,309.58,High,Rain,52.6,High Risk,High,696.8
TRK-105,DRV-805,Subhashis Ghosh,Heavy Tipper (Tata Signa 4825.TK),2026-09-06T00:55:54.206321,24.38551,85.35234,69.4,36.18,57.2,275.18,Moderate,Rain,57.9,High Risk,High,351.6
TRK-105,DRV-805,Subhashis Ghosh,Heavy Tipper (Tata Signa 4825.TK),2026-09-06T00:59:54.206321,24.6297,85.1426,80.6,35.03,48.6,240.78,Low,Rain,63.2,High Risk,High,220.4
TRK-105,DRV-805,Subhashis Ghosh,Heavy Tipper (Tata Signa 4825.TK),2026-09-06T01:03:54.206321,24.80774,84.89174,79.6,30.96,53.7,206.38,Low,Rain,68.4,High Risk,High,200.8
TRK-105,DRV-805,Subhashis Ghosh,Heavy Tipper (Tata Signa 4825.TK),2026-09-06T01:07:54.206321,24.84586,84.55392,71.5,37.78,43.3,171.99,Low,Rain,73.7,High Risk,High,179.0
TRK-105,DRV-805,Subhashis Ghosh,Heavy Tipper (Tata Signa 4825.TK),2026-09-06T01:11:54.206321,24.88398,84.21611,53.5,36.94,42.6,137.59,Moderate,Rain,78.9,High Risk,High,235.1
TRK-105,DRV-805,Subhashis Ghosh,Heavy Tipper (Tata Signa 4825.TK),2026-09-06T01:15:54.206321,24.9221,83.87829,66.5,39.71,36.3,103.19,Moderate,Rain,84.2,High Risk,High,139.7
TRK-105,DRV-805,Subhashis Ghosh,Heavy Tipper (Tata Signa 4825.TK),2026-09-06T01:19:54.206321,24.98514,83.55014,45.1,40.91,33.2,68.79,High,Rain,89.5,High Risk,High,167.6
TRK-105,DRV-805,Subhashis Ghosh,Heavy Tipper (Tata Signa 4825.TK),2026-09-06T01:23:54.206321,25.15137,83.26202,56.9,36.68,33.0,34.4,Moderate,Rain,94.7,In Transit,Moderate,49.3
TRK-105,DRV-805,Subhashis Ghosh,Heavy Tipper (Tata Signa 4825.TK),2026-09-06T01:27:54.206321,25.3176,82.9739,61.4,36.48,23.5,0.0,Moderate,Rain,100.0,Arrived,Low,1.2
TRK-105,DRV-805,Subhashis Ghosh,Heavy Tipper (Tata Signa 4825.TK),2026-09-06T14:11:54.206321,22.5726,88.3639,65.5,38.69,102.1,653.55,Moderate,Clear,0.0,High Risk,High,718.7
TRK-105,DRV-805,Subhashis Ghosh,Heavy Tipper (Tata Signa 4825.TK),2026-09-06T14:15:54.206321,22.83061,88.17805,82.0,32.7,97.1,619.15,Low,Clear,5.3,In Transit,Low,453.5
TRK-105,DRV-805,Subhashis Ghosh,Heavy Tipper (Tata Signa 4825.TK),2026-09-06T14:19:54.206321,23.08153,87.98036,68.4,36.16,92.9,584.76,Moderate,Clear,10.5,High Risk,High,613.7
TRK-105,DRV-805,Subhashis Ghosh,Heavy Tipper (Tata Signa 4825.TK),2026-09-06T14:23:54.206321,23.29354,87.74483,74.1,37.05,87.6,550.36,Moderate,Clear,15.8,High Risk,High,533.8
TRK-105,DRV-805,Subhashis Ghosh,Heavy Tipper (Tata Signa 4825.TK),2026-09-06T14:27:54.206321,23.44686,87.45223,89.0,30.98,80.9,515.96,Low,Clear,21.1,In Transit,Low,348.7
TRK-105,DRV-805,Subhashis Ghosh,Heavy Tipper (Tata Signa 4825.TK),2026-09-06T14:31:54.206321,23.59595,87.15685,86.3,32.79,79.1,481.56,Low,Clear,26.3,In Transit,Low,337.9
TRK-105,DRV-805,Subhashis Ghosh,Heavy Tipper (Tata Signa 4825.TK),2026-09-06T14:35:54.206321,23.71255,86.84747,80.5,31.06,76.0,447.17,Low,Clear,31.6,In Transit,Low,329.8
TRK-105,DRV-805,Subhashis Ghosh,Heavy Tipper (Tata Signa 4825.TK),2026-09-06T14:39:54.206321,23.77829,86.51773,83.6,32.03,73.5,412.77,Low,Clear,36.8,In Transit,Low,295.7
TRK-105,DRV-805,Subhashis Ghosh,Heavy Tipper (Tata Signa 4825.TK),2026-09-06T14:43:54.206321,23.90535,86.21233,48.5,36.13,68.8,378.37,High,Clear,42.1,High Risk,High,700.4
TRK-105,DRV-805,Subhashis Ghosh,Heavy Tipper (Tata Signa 4825.TK),2026-09-06T14:47:54.206321,24.0545,85.91571,67.2,36.07,67.1,343.97,Moderate,Clear,47.4,High Risk,High,366.5
TRK-105,DRV-805,Subhashis Ghosh,Heavy Tipper (Tata Signa 4825.TK),2026-09-06T14:51:54.206321,24.20366,85.61908,65.4,35.58,58.5,309.58,Moderate,Clear,52.6,High Risk,High,344.2
TRK-105,DRV-805,Subhashis Ghosh,Heavy Tipper (Tata Signa 4825.TK),2026-09-06T14:55:54.206321,24.38551,85.35234,87.8,34.19,55.1,275.18,Low,Clear,57.9,In Transit,Low,184.3
TRK-105,DRV-805,Subhashis Ghosh,Heavy Tipper (Tata Signa 4825.TK),2026-09-06T14:59:54.206321,24.6297,85.1426,78.0,36.23,51.2,240.78,Moderate,Clear,63.2,High Risk,High,223.3
TRK-105,DRV-805,Subhashis Ghosh,Heavy Tipper (Tata Signa 4825.TK),2026-09-06T15:03:54.206321,24.80774,84.89174,84.4,28.02,49.6,206.38,Low,Clear,68.4,In Transit,Low,144.1
TRK-105,DRV-805,Subhashis Ghosh,Heavy Tipper (Tata Signa 4825.TK),2026-09-06T15:07:54.206321,24.84586,84.55392,51.3,36.86,46.7,171.99,High,Clear,73.7,High Risk,High,299.8
TRK-105,DRV-805,Subhashis Ghosh,Heavy Tipper (Tata Signa 4825.TK),2026-09-06T15:11:54.206321,24.88398,84.21611,69.8,36.74,38.1,137.59,Moderate,Clear,78.9,In Transit,Moderate,140.1
TRK-105,DRV-805,Subhashis Ghosh,Heavy Tipper (Tata Signa 4825.TK),2026-09-06T15:15:54.206321,24.9221,83.87829,68.1,37.11,36.8,103.19,Moderate,Clear,84.2,In Transit,Moderate,102.3
TRK-105,DRV-805,Subhashis Ghosh,Heavy Tipper (Tata Signa 4825.TK),2026-09-06T15:19:54.206321,24.98514,83.55014,79.4,31.55,33.1,68.79,Low,Clear,89.5,In Transit,Low,54.4
TRK-105,DRV-805,Subhashis Ghosh,Heavy Tipper (Tata Signa 4825.TK),2026-09-06T15:23:54.206321,25.15137,83.26202,82.0,33.68,29.3,34.4,Low,Clear,94.7,In Transit,Low,20.2
TRK-105,DRV-805,Subhashis Ghosh,Heavy Tipper (Tata Signa 4825.TK),2026-09-06T15:27:54.206321,25.3176,82.9739,33.4,42.8,25.8,0.0,Severe,Clear,100.0,Arrived,Low,2.5
TRK-105,DRV-805,Subhashis Ghosh,Heavy Tipper (Tata Signa 4825.TK),2026-09-07T04:11:54.206321,22.5726,88.3639,76.2,35.02,102.5,653.55,Moderate,Clear,0.0,High Risk,High,620.8
TRK-105,DRV-805,Subhashis Ghosh,Heavy Tipper (Tata Signa 4825.TK),2026-09-07T04:15:54.206321,22.83061,88.17805,72.8,35.56,99.8,619.15,Moderate,Clear,5.3,High Risk,High,611.7
TRK-105,DRV-805,Subhashis Ghosh,Heavy Tipper (Tata Signa 4825.TK),2026-09-07T04:19:54.206321,23.08153,87.98036,84.5,31.85,91.8,584.76,Low,Clear,10.5,In Transit,Low,409.7
TRK-105,DRV-805,Subhashis Ghosh,Heavy Tipper (Tata Signa 4825.TK),2026-09-07T04:23:54.206321,23.29354,87.74483,52.0,40.0,88.8,550.36,High,Clear,15.8,High Risk,High,952.6
TRK-105,DRV-805,Subhashis Ghosh,Heavy Tipper (Tata Signa 4825.TK),2026-09-07T04:27:54.206321,23.44686,87.45223,85.8,30.98,87.9,515.96,Low,Clear,21.1,In Transit,Low,364.9
TRK-105,DRV-805,Subhashis Ghosh,Heavy Tipper (Tata Signa 4825.TK),2026-09-07T04:31:54.206321,23.59595,87.15685,57.7,38.48,80.8,481.56,High,Clear,26.3,High Risk,High,753.0
TRK-105,DRV-805,Subhashis Ghosh,Heavy Tipper (Tata Signa 4825.TK),2026-09-07T04:35:54.206321,23.71255,86.84747,73.8,34.71,76.0,447.17,Moderate,Clear,31.6,High Risk,High,434.9
TRK-105,DRV-805,Subhashis Ghosh,Heavy Tipper (Tata Signa 4825.TK),2026-09-07T04:39:54.206321,23.77829,86.51773,89.8,34.26,74.2,412.77,Low,Clear,36.8,In Transit,Low,275.9
TRK-105,DRV-805,Subhashis Ghosh,Heavy Tipper (Tata Signa 4825.TK),2026-09-07T04:43:54.206321,23.90535,86.21233,76.9,33.35,73.0,378.37,Moderate,Clear,42.1,High Risk,High,352.1
TRK-105,DRV-805,Subhashis Ghosh,Heavy Tipper (Tata Signa 4825.TK),2026-09-07T04:47:54.206321,24.0545,85.91571,80.7,31.18,65.0,343.97,Low,Clear,47.4,In Transit,Low,248.6
TRK-105,DRV-805,Subhashis Ghosh,Heavy Tipper (Tata Signa 4825.TK),2026-09-07T04:51:54.206321,24.20366,85.61908,82.0,33.64,57.6,309.58,Low,Clear,52.6,In Transit,Low,230.1
TRK-105,DRV-805,Subhashis Ghosh,Heavy Tipper (Tata Signa 4825.TK),2026-09-07T04:55:54.206321,24.38551,85.35234,82.1,30.88,58.1,275.18,Low,Clear,57.9,In Transit,Low,193.6
TRK-105,DRV-805,Subhashis Ghosh,Heavy Tipper (Tata Signa 4825.TK),2026-09-07T04:59:54.206321,24.6297,85.1426,62.4,41.69,52.1,240.78,High,Clear,63.2,High Risk,High,347.9
TRK-105,DRV-805,Subhashis Ghosh,Heavy Tipper (Tata Signa 4825.TK),2026-09-07T05:03:54.206321,24.80774,84.89174,82.7,30.08,47.7,206.38,Low,Clear,68.4,In Transit,Low,142.4
TRK-105,DRV-805,Subhashis Ghosh,Heavy Tipper (Tata Signa 4825.TK),2026-09-07T05:07:54.206321,24.84586,84.55392,58.7,33.47,44.5,171.99,Moderate,Clear,73.7,High Risk,High,202.2
TRK-105,DRV-805,Subhashis Ghosh,Heavy Tipper (Tata Signa 4825.TK),2026-09-07T05:11:54.206321,24.88398,84.21611,79.1,33.06,40.5,137.59,Moderate,Clear,78.9,In Transit,Moderate,123.2
TRK-105,DRV-805,Subhashis Ghosh,Heavy Tipper (Tata Signa 4825.TK),2026-09-07T05:15:54.206321,24.9221,83.87829,77.3,35.0,37.1,103.19,Moderate,Clear,84.2,In Transit,Moderate,92.9
TRK-105,DRV-805,Subhashis Ghosh,Heavy Tipper (Tata Signa 4825.TK),2026-09-07T05:19:54.206321,24.98514,83.55014,69.1,36.29,34.1,68.79,Moderate,Clear,89.5,In Transit,Moderate,73.7
TRK-105,DRV-805,Subhashis Ghosh,Heavy Tipper (Tata Signa 4825.TK),2026-09-07T05:23:54.206321,25.15137,83.26202,53.1,39.53,27.0,34.4,High,Clear,94.7,In Transit,Moderate,58.9
TRK-105,DRV-805,Subhashis Ghosh,Heavy Tipper (Tata Signa 4825.TK),2026-09-07T05:27:54.206321,25.3176,82.9739,58.2,37.83,26.1,0.0,High,Clear,100.0,In Transit,Moderate,0.5
TRK-105,DRV-805,Subhashis Ghosh,Heavy Tipper (Tata Signa 4825.TK),2026-09-07T18:11:54.206321,22.5726,88.3639,81.8,34.07,98.0,653.55,Low,Clear,0.0,In Transit,Low,476.4
TRK-105,DRV-805,Subhashis Ghosh,Heavy Tipper (Tata Signa 4825.TK),2026-09-07T18:15:54.206321,22.83061,88.17805,72.6,35.84,95.7,619.15,Moderate,Clear,5.3,High Risk,High,614.1
TRK-105,DRV-805,Subhashis Ghosh,Heavy Tipper (Tata Signa 4825.TK),2026-09-07T18:19:54.206321,23.08153,87.98036,84.4,38.05,93.6,584.76,Moderate,Clear,10.5,High Risk,High,491.4
TRK-105,DRV-805,Subhashis Ghosh,Heavy Tipper (Tata Signa 4825.TK),2026-09-07T18:23:54.206321,23.29354,87.74483,81.3,31.23,86.8,550.36,Low,Clear,15.8,In Transit,Low,405.9
TRK-105,DRV-805,Subhashis Ghosh,Heavy Tipper (Tata Signa 4825.TK),2026-09-07T18:27:54.206321,23.44686,87.45223,44.5,48.8,85.3,515.96,Severe,Clear,21.1,High Risk,High,1387.1
TRK-105,DRV-805,Subhashis Ghosh,Heavy Tipper (Tata Signa 4825.TK),2026-09-07T18:31:54.206321,23.59595,87.15685,57.2,40.08,77.1,481.56,High,Clear,26.3,High Risk,High,759.8
TRK-105,DRV-805,Subhashis Ghosh,Heavy Tipper (Tata Signa 4825.TK),2026-09-07T18:35:54.206321,23.71255,86.84747,42.4,43.25,72.3,447.17,Severe,Clear,31.6,High Risk,High,1265.6
TRK-105,DRV-805,Subhashis Ghosh,Heavy Tipper (Tata Signa 4825.TK),2026-09-07T18:39:54.206321,23.77829,86.51773,92.4,30.65,71.7,412.77,Low,Clear,36.8,In Transit,Low,267.9
TRK-105,DRV-805,Subhashis Ghosh,Heavy Tipper (Tata Signa 4825.TK),2026-09-07T18:43:54.206321,23.90535,86.21233,84.6,35.21,67.6,378.37,Low,Clear,42.1,In Transit,Low,266.9
TRK-105,DRV-805,Subhashis Ghosh,Heavy Tipper (Tata Signa 4825.TK),2026-09-07T18:47:54.206321,24.0545,85.91571,62.8,40.89,63.9,343.97,High,Clear,47.4,High Risk,High,500.5
TRK-105,DRV-805,Subhashis Ghosh,Heavy Tipper (Tata Signa 4825.TK),2026-09-07T18:51:54.206321,24.20366,85.61908,85.8,32.19,58.0,309.58,Low,Clear,52.6,In Transit,Low,211.5
TRK-105,DRV-805,Subhashis Ghosh,Heavy Tipper (Tata Signa 4825.TK),2026-09-07T18:55:54.206321,24.38551,85.35234,51.7,39.41,56.5,275.18,High,Clear,57.9,High Risk,High,481.2
TRK-105,DRV-805,Subhashis Ghosh,Heavy Tipper (Tata Signa 4825.TK),2026-09-07T18:59:54.206321,24.6297,85.1426,92.1,29.87,51.6,240.78,Low,Clear,63.2,In Transit,Low,159.0
TRK-105,DRV-805,Subhashis Ghosh,Heavy Tipper (Tata Signa 4825.TK),2026-09-07T19:03:54.206321,24.80774,84.89174,85.2,31.91,49.9,206.38,Low,Clear,68.4,In Transit,Low,144.3
TRK-105,DRV-805,Subhashis Ghosh,Heavy Tipper (Tata Signa 4825.TK),2026-09-07T19:07:54.206321,24.84586,84.55392,77.8,31.2,46.2,171.99,Low,Clear,73.7,In Transit,Low,136.8
TRK-105,DRV-805,Subhashis Ghosh,Heavy Tipper (Tata Signa 4825.TK),2026-09-07T19:11:54.206321,24.88398,84.21611,52.5,37.69,41.1,137.59,High,Clear,78.9,High Risk,High,237.9
TRK-105,DRV-805,Subhashis Ghosh,Heavy Tipper (Tata Signa 4825.TK),2026-09-07T19:15:54.206321,24.9221,83.87829,90.4,32.1,39.3,103.19,Low,Clear,84.2,In Transit,Low,65.1
TRK-105,DRV-805,Subhashis Ghosh,Heavy Tipper (Tata Signa 4825.TK),2026-09-07T19:19:54.206321,24.98514,83.55014,78.4,35.8,36.8,68.79,Moderate,Clear,89.5,In Transit,Low,58.6
TRK-105,DRV-805,Subhashis Ghosh,Heavy Tipper (Tata Signa 4825.TK),2026-09-07T19:23:54.206321,25.15137,83.26202,57.1,32.46,27.8,34.4,Moderate,Clear,94.7,In Transit,Low,44.7
TRK-105,DRV-805,Subhashis Ghosh,Heavy Tipper (Tata Signa 4825.TK),2026-09-07T19:27:54.206321,25.3176,82.9739,82.0,33.6,27.2,0.0,Low,Clear,100.0,Arrived,Low,0.5
TRK-105,DRV-805,Subhashis Ghosh,Heavy Tipper (Tata Signa 4825.TK),2026-09-08T08:11:54.206321,22.5726,88.3639,90.4,32.02,98.9,653.55,Low,Clear,0.0,In Transit,Low,430.3
TRK-105,DRV-805,Subhashis Ghosh,Heavy Tipper (Tata Signa 4825.TK),2026-09-08T08:15:54.206321,22.83061,88.17805,62.6,32.91,94.9,619.15,Moderate,Clear,5.3,High Risk,High,708.6
TRK-105,DRV-805,Subhashis Ghosh,Heavy Tipper (Tata Signa 4825.TK),2026-09-08T08:19:54.206321,23.08153,87.98036,78.9,28.75,90.3,584.76,Low,Clear,10.5,In Transit,Low,444.8
TRK-105,DRV-805,Subhashis Ghosh,Heavy Tipper (Tata Signa 4825.TK),2026-09-08T08:23:54.206321,23.29354,87.74483,88.5,34.03,90.3,550.36,Low,Clear,15.8,In Transit,Low,369.4
TRK-105,DRV-805,Subhashis Ghosh,Heavy Tipper (Tata Signa 4825.TK),2026-09-08T08:27:54.206321,23.44686,87.45223,51.4,36.54,85.5,515.96,Moderate,Clear,21.1,High Risk,High,722.9
TRK-105,DRV-805,Subhashis Ghosh,Heavy Tipper (Tata Signa 4825.TK),2026-09-08T08:31:54.206321,23.59595,87.15685,84.5,31.9,77.9,481.56,Low,Clear,26.3,In Transit,Low,341.1
TRK-105,DRV-805,Subhashis Ghosh,Heavy Tipper (Tata Signa 4825.TK),2026-09-08T08:35:54.206321,23.71255,86.84747,78.2,29.57,80.5,447.17,Low,Clear,31.6,In Transit,Low,339.3
TRK-105,DRV-805,Subhashis Ghosh,Heavy Tipper (Tata Signa 4825.TK),2026-09-08T08:39:54.206321,23.77829,86.51773,72.5,36.52,72.4,412.77,Moderate,Clear,36.8,High Risk,High,408.4
TRK-105,DRV-805,Subhashis Ghosh,Heavy Tipper (Tata Signa 4825.TK),2026-09-08T08:43:54.206321,23.90535,86.21233,81.1,31.65,68.5,378.37,Low,Clear,42.1,In Transit,Low,280.7
TRK-105,DRV-805,Subhashis Ghosh,Heavy Tipper (Tata Signa 4825.TK),2026-09-08T08:47:54.206321,24.0545,85.91571,47.0,40.78,62.1,343.97,High,Clear,47.4,High Risk,High,659.5
TRK-105,DRV-805,Subhashis Ghosh,Heavy Tipper (Tata Signa 4825.TK),2026-09-08T08:51:54.206321,24.20366,85.61908,74.0,36.3,60.7,309.58,Moderate,Clear,52.6,High Risk,High,302.8
TRK-105,DRV-805,Subhashis Ghosh,Heavy Tipper (Tata Signa 4825.TK),2026-09-08T08:55:54.206321,24.38551,85.35234,92.2,29.95,56.5,275.18,Low,Clear,57.9,In Transit,Low,181.5
TRK-105,DRV-805,Subhashis Ghosh,Heavy Tipper (Tata Signa 4825.TK),2026-09-08T08:59:54.206321,24.6297,85.1426,74.9,35.38,53.6,240.78,Moderate,Clear,63.2,High Risk,High,236.1
TRK-105,DRV-805,Subhashis Ghosh,Heavy Tipper (Tata Signa 4825.TK),2026-09-08T09:03:54.206321,24.80774,84.89174,43.1,46.08,47.1,206.38,Severe,Clear,68.4,High Risk,High,579.1
TRK-105,DRV-805,Subhashis Ghosh,Heavy Tipper (Tata Signa 4825.TK),2026-09-08T09:07:54.206321,24.84586,84.55392,93.5,30.1,46.3,171.99,Low,Clear,73.7,In Transit,Low,112.4
TRK-105,DRV-805,Subhashis Ghosh,Heavy Tipper (Tata Signa 4825.TK),2026-09-08T09:11:54.206321,24.88398,84.21611,96.1,34.84,40.7,137.59,Low,Clear,78.9,In Transit,Low,83.7
TRK-105,DRV-805,Subhashis Ghosh,Heavy Tipper (Tata Signa 4825.TK),2026-09-08T09:15:54.206321,24.9221,83.87829,83.8,34.76,39.7,103.19,Moderate,Clear,84.2,In Transit,Moderate,90.8
TRK-105,DRV-805,Subhashis Ghosh,Heavy Tipper (Tata Signa 4825.TK),2026-09-08T09:19:54.206321,24.98514,83.55014,64.8,32.49,31.6,68.79,Moderate,Clear,89.5,In Transit,Low,72.6
TRK-105,DRV-805,Subhashis Ghosh,Heavy Tipper (Tata Signa 4825.TK),2026-09-08T09:23:54.206321,25.15137,83.26202,63.6,40.04,29.2,34.4,High,Clear,94.7,In Transit,Moderate,47.2
TRK-105,DRV-805,Subhashis Ghosh,Heavy Tipper (Tata Signa 4825.TK),2026-09-08T09:27:54.206321,25.3176,82.9739,88.4,34.63,23.2,0.0,Low,Clear,100.0,Arrived,Low,2.4
TRK-105,DRV-805,Subhashis Ghosh,Heavy Tipper (Tata Signa 4825.TK),2026-09-08T22:11:54.206321,22.5726,88.3639,62.3,34.23,98.5,653.55,Moderate,Clear,0.0,High Risk,High,758.9
TRK-105,DRV-805,Subhashis Ghosh,Heavy Tipper (Tata Signa 4825.TK),2026-09-08T22:15:54.206321,22.83061,88.17805,60.0,37.15,94.2,619.15,High,Clear,5.3,High Risk,High,925.4
TRK-105,DRV-805,Subhashis Ghosh,Heavy Tipper (Tata Signa 4825.TK),2026-09-08T22:19:54.206321,23.08153,87.98036,81.3,31.04,91.5,584.76,Low,Clear,10.5,In Transit,Low,435.2
TRK-105,DRV-805,Subhashis Ghosh,Heavy Tipper (Tata Signa 4825.TK),2026-09-08T22:23:54.206321,23.29354,87.74483,81.9,32.91,85.5,550.36,Low,Clear,15.8,In Transit,Low,408.0
TRK-105,DRV-805,Subhashis Ghosh,Heavy Tipper (Tata Signa 4825.TK),2026-09-08T22:27:54.206321,23.44686,87.45223,74.0,35.47,82.7,515.96,Moderate,Clear,21.1,High Risk,High,508.5
TRK-105,DRV-805,Subhashis Ghosh,Heavy Tipper (Tata Signa 4825.TK),2026-09-08T22:31:54.206321,23.59595,87.15685,80.5,30.79,81.5,481.56,Low,Clear,26.3,In Transit,Low,351.0
TRK-105,DRV-805,Subhashis Ghosh,Heavy Tipper (Tata Signa 4825.TK),2026-09-08T22:35:54.206321,23.71255,86.84747,46.9,44.22,77.0,447.17,Severe,Clear,31.6,High Risk,High,1145.4
TRK-105,DRV-805,Subhashis Ghosh,Heavy Tipper (Tata Signa 4825.TK),2026-09-08T22:39:54.206321,23.77829,86.51773,85.3,31.63,70.8,412.77,Low,Clear,36.8,In Transit,Low,295.2
TRK-105,DRV-805,Subhashis Ghosh,Heavy Tipper (Tata Signa 4825.TK),2026-09-08T22:43:54.206321,23.90535,86.21233,65.2,38.88,69.8,378.37,High,Clear,42.1,High Risk,High,521.7
TRK-105,DRV-805,Subhashis Ghosh,Heavy Tipper (Tata Signa 4825.TK),2026-09-08T22:47:54.206321,24.0545,85.91571,78.7,32.93,64.8,343.97,Low,Clear,47.4,In Transit,Low,262.2
TRK-105,DRV-805,Subhashis Ghosh,Heavy Tipper (Tata Signa 4825.TK),2026-09-08T22:51:54.206321,24.20366,85.61908,83.2,33.6,59.2,309.58,Low,Clear,52.6,In Transit,Low,220.2
TRK-105,DRV-805,Subhashis Ghosh,Heavy Tipper (Tata Signa 4825.TK),2026-09-08T22:55:54.206321,24.38551,85.35234,81.9,33.99,60.3,275.18,Low,Clear,57.9,In Transit,Low,201.0
TRK-105,DRV-805,Subhashis Ghosh,Heavy Tipper (Tata Signa 4825.TK),2026-09-08T22:59:54.206321,24.6297,85.1426,69.5,36.79,51.3,240.78,Moderate,Clear,63.2,High Risk,High,250.1
TRK-105,DRV-805,Subhashis Ghosh,Heavy Tipper (Tata Signa 4825.TK),2026-09-08T23:03:54.206321,24.80774,84.89174,61.8,39.71,47.8,206.38,High,Clear,68.4,High Risk,High,302.1
TRK-105,DRV-805,Subhashis Ghosh,Heavy Tipper (Tata Signa 4825.TK),2026-09-08T23:07:54.206321,24.84586,84.55392,59.6,33.3,46.4,171.99,Moderate,Clear,73.7,High Risk,High,211.5
TRK-105,DRV-805,Subhashis Ghosh,Heavy Tipper (Tata Signa 4825.TK),2026-09-08T23:11:54.206321,24.88398,84.21611,77.3,30.01,37.8,137.59,Low,Clear,78.9,In Transit,Low,104.3
TRK-105,DRV-805,Subhashis Ghosh,Heavy Tipper (Tata Signa 4825.TK),2026-09-08T23:15:54.206321,24.9221,83.87829,53.1,39.43,35.2,103.19,High,Clear,84.2,High Risk,High,177.9
TRK-105,DRV-805,Subhashis Ghosh,Heavy Tipper (Tata Signa 4825.TK),2026-09-08T23:19:54.206321,24.98514,83.55014,82.1,34.94,36.2,68.79,Moderate,Clear,89.5,In Transit,Low,56.2
TRK-105,DRV-805,Subhashis Ghosh,Heavy Tipper (Tata Signa 4825.TK),2026-09-08T23:23:54.206321,25.15137,83.26202,88.9,32.03,31.7,34.4,Low,Clear,94.7,In Transit,Low,17.6
TRK-105,DRV-805,Subhashis Ghosh,Heavy Tipper (Tata Signa 4825.TK),2026-09-08T23:27:54.206321,25.3176,82.9739,76.0,36.31,24.5,0.0,Moderate,Clear,100.0,Arrived,Low,1.0
TRK-105,DRV-805,Subhashis Ghosh,Heavy Tipper (Tata Signa 4825.TK),2026-09-09T12:11:54.206321,22.5726,88.3639,71.3,35.62,104.6,653.55,Moderate,Clear,0.0,High Risk,High,656.7
TRK-105,DRV-805,Subhashis Ghosh,Heavy Tipper (Tata Signa 4825.TK),2026-09-09T12:15:54.206321,22.83061,88.17805,64.8,42.3,98.8,619.15,High,Clear,5.3,High Risk,High,863.7
TRK-105,DRV-805,Subhashis Ghosh,Heavy Tipper (Tata Signa 4825.TK),2026-09-09T12:19:54.206321,23.08153,87.98036,81.4,33.28,95.8,584.76,Low,Clear,10.5,In Transit,Low,436.9
TRK-105,DRV-805,Subhashis Ghosh,Heavy Tipper (Tata Signa 4825.TK),2026-09-09T12:23:54.206321,23.29354,87.74483,46.5,37.44,89.8,550.36,High,Clear,15.8,High Risk,High,1064.0
TRK-105,DRV-805,Subhashis Ghosh,Heavy Tipper (Tata Signa 4825.TK),2026-09-09T12:27:54.206321,23.44686,87.45223,94.1,32.11,84.6,515.96,Low,Clear,21.1,In Transit,Low,324.8
TRK-105,DRV-805,Subhashis Ghosh,Heavy Tipper (Tata Signa 4825.TK),2026-09-09T12:31:54.206321,23.59595,87.15685,86.6,32.61,82.2,481.56,Low,Clear,26.3,In Transit,Low,333.7
TRK-105,DRV-805,Subhashis Ghosh,Heavy Tipper (Tata Signa 4825.TK),2026-09-09T12:35:54.206321,23.71255,86.84747,88.5,33.35,76.1,447.17,Low,Clear,31.6,In Transit,Low,305.7
TRK-105,DRV-805,Subhashis Ghosh,Heavy Tipper (Tata Signa 4825.TK),2026-09-09T12:39:54.206321,23.77829,86.51773,77.0,35.34,70.7,412.77,Moderate,Clear,36.8,High Risk,High,384.6
TRK-105,DRV-805,Subhashis Ghosh,Heavy Tipper (Tata Signa 4825.TK),2026-09-09T12:43:54.206321,23.90535,86.21233,75.4,29.91,70.5,378.37,Low,Clear,42.1,In Transit,Low,298.0
TRK-105,DRV-805,Subhashis Ghosh,Heavy Tipper (Tata Signa 4825.TK),2026-09-09T12:47:54.206321,24.0545,85.91571,87.8,29.58,66.0,343.97,Low,Clear,47.4,In Transit,Low,232.2
TRK-105,DRV-805,Subhashis Ghosh,Heavy Tipper (Tata Signa 4825.TK),2026-09-09T12:51:54.206321,24.20366,85.61908,85.2,32.31,58.0,309.58,Low,Clear,52.6,In Transit,Low,225.5
TRK-105,DRV-805,Subhashis Ghosh,Heavy Tipper (Tata Signa 4825.TK),2026-09-09T12:55:54.206321,24.38551,85.35234,72.0,34.85,55.8,275.18,Low,Clear,57.9,In Transit,Low,225.8
TRK-105,DRV-805,Subhashis Ghosh,Heavy Tipper (Tata Signa 4825.TK),2026-09-09T12:59:54.206321,24.6297,85.1426,53.5,37.11,55.0,240.78,High,Clear,63.2,High Risk,High,404.5
TRK-105,DRV-805,Subhashis Ghosh,Heavy Tipper (Tata Signa 4825.TK),2026-09-09T13:03:54.206321,24.80774,84.89174,50.0,38.96,46.6,206.38,High,Clear,68.4,High Risk,High,376.0
TRK-105,DRV-805,Subhashis Ghosh,Heavy Tipper (Tata Signa 4825.TK),2026-09-09T13:07:54.206321,24.84586,84.55392,74.8,35.92,45.9,171.99,Moderate,Clear,73.7,High Risk,High,163.6
TRK-105,DRV-805,Subhashis Ghosh,Heavy Tipper (Tata Signa 4825.TK),2026-09-09T13:11:54.206321,24.88398,84.21611,54.1,39.89,41.0,137.59,High,Clear,78.9,High Risk,High,236.2
TRK-105,DRV-805,Subhashis Ghosh,Heavy Tipper (Tata Signa 4825.TK),2026-09-09T13:15:54.206321,24.9221,83.87829,64.4,38.33,33.3,103.19,High,Clear,84.2,High Risk,High,149.0
TRK-105,DRV-805,Subhashis Ghosh,Heavy Tipper (Tata Signa 4825.TK),2026-09-09T13:19:54.206321,24.98514,83.55014,67.3,35.89,35.8,68.79,Moderate,Clear,89.5,In Transit,Moderate,72.8
TRK-105,DRV-805,Subhashis Ghosh,Heavy Tipper (Tata Signa 4825.TK),2026-09-09T13:23:54.206321,25.15137,83.26202,72.3,37.12,28.5,34.4,Moderate,Clear,94.7,In Transit,Low,33.4
TRK-105,DRV-805,Subhashis Ghosh,Heavy Tipper (Tata Signa 4825.TK),2026-09-09T13:27:54.206321,25.3176,82.9739,69.5,33.82,22.7,0.0,Moderate,Clear,100.0,Arrived,Low,4.9
TRK-106,DRV-806,Harpreet Singh,Heavy Hauler (Mahindra Blazo X 49),2026-08-29T22:11:54.206321,28.6139,77.209,91.6,31.1,100.3,243.86,Low,Clear,0.0,In Transit,Low,156.6
TRK-106,DRV-806,Harpreet Singh,Heavy Hauler (Mahindra Blazo X 49),2026-08-29T22:15:54.206321,28.72535,77.17331,86.3,31.07,94.1,231.02,Low,Clear,5.3,In Transit,Low,160.0
TRK-106,DRV-806,Harpreet Singh,Heavy Hauler (Mahindra Blazo X 49),2026-08-29T22:19:54.206321,28.8368,77.13761,80.5,34.39,92.9,218.19,Low,Clear,10.5,In Transit,Low,156.3
TRK-106,DRV-806,Harpreet Singh,Heavy Hauler (Mahindra Blazo X 49),2026-08-29T22:23:54.206321,28.93359,77.06962,83.5,33.07,89.0,205.35,Low,Clear,15.8,In Transit,Low,147.6
TRK-106,DRV-806,Harpreet Singh,Heavy Hauler (Mahindra Blazo X 49),2026-08-29T22:27:54.206321,29.03221,77.01003,51.1,39.8,84.9,192.52,High,Clear,21.1,High Risk,High,337.7
TRK-106,DRV-806,Harpreet Singh,Heavy Hauler (Mahindra Blazo X 49),2026-08-29T22:31:54.206321,29.14726,76.9951,78.3,34.3,78.4,179.68,Low,Clear,26.3,In Transit,Low,140.9
TRK-106,DRV-806,Harpreet Singh,Heavy Hauler (Mahindra Blazo X 49),2026-08-29T22:35:54.206321,29.26232,76.98018,71.1,35.3,75.9,166.85,Moderate,Clear,31.6,High Risk,High,166.3
TRK-106,DRV-806,Harpreet Singh,Heavy Hauler (Mahindra Blazo X 49),2026-08-29T22:39:54.206321,29.37737,76.96526,92.9,34.75,71.2,154.02,Low,Clear,36.8,In Transit,Low,100.3
TRK-106,DRV-806,Harpreet Singh,Heavy Hauler (Mahindra Blazo X 49),2026-08-29T22:43:54.206321,29.49274,76.97283,85.9,34.0,69.9,141.18,Low,Clear,42.1,In Transit,Low,97.1
TRK-106,DRV-806,Harpreet Singh,Heavy Hauler (Mahindra Blazo X 49),2026-08-29T22:47:54.206321,29.60816,76.9834,89.0,28.84,63.1,128.35,Low,Clear,47.4,In Transit,Low,85.6
TRK-106,DRV-806,Harpreet Singh,Heavy Hauler (Mahindra Blazo X 49),2026-08-29T22:51:54.206321,29.72203,76.97769,55.5,38.74,63.0,115.51,High,Clear,52.6,High Risk,High,191.0
TRK-106,DRV-806,Harpreet Singh,Heavy Hauler (Mahindra Blazo X 49),2026-08-29T22:55:54.206321,29.83271,76.93867,32.3,49.56,56.5,102.68,Severe,Clear,57.9,Delayed,High,382.1
TRK-106,DRV-806,Harpreet Singh,Heavy Hauler (Mahindra Blazo X 49),2026-08-29T22:59:54.206321,29.94339,76.89965,64.9,34.65,51.5,89.84,Moderate,Clear,63.2,In Transit,Moderate,101.1
TRK-106,DRV-806,Harpreet Singh,Heavy Hauler (Mahindra Blazo X 49),2026-08-29T23:03:54.206321,30.05407,76.86062,79.2,36.43,46.3,77.01,Moderate,Clear,68.4,In Transit,Moderate,70.2
TRK-106,DRV-806,Harpreet Singh,Heavy Hauler (Mahindra Blazo X 49),2026-08-29T23:07:54.206321,30.16475,76.8216,68.8,38.44,45.4,64.17,Moderate,Clear,73.7,In Transit,Moderate,68.3
TRK-106,DRV-806,Harpreet Singh,Heavy Hauler (Mahindra Blazo X 49),2026-08-29T23:11:54.206321,30.27886,76.79956,86.8,31.31,41.8,51.34,Low,Clear,78.9,In Transit,Low,33.7
TRK-106,DRV-806,Harpreet Singh,Heavy Hauler (Mahindra Blazo X 49),2026-08-29T23:15:54.206321,30.39333,76.78449,68.6,35.2,38.4,38.5,Moderate,Clear,84.2,In Transit,Low,37.3
TRK-106,DRV-806,Harpreet Singh,Heavy Hauler (Mahindra Blazo X 49),2026-08-29T23:19:54.206321,30.50836,76.79963,74.5,33.91,35.0,25.67,Low,Clear,89.5,In Transit,Low,19.2
TRK-106,DRV-806,Harpreet Singh,Heavy Hauler (Mahindra Blazo X 49),2026-08-29T23:23:54.206321,30.62338,76.81478,92.4,32.11,27.8,12.83,Low,Clear,94.7,In Transit,Low,13.5
TRK-106,DRV-806,Harpreet Singh,Heavy Hauler (Mahindra Blazo X 49),2026-08-29T23:27:54.206321,30.7333,76.7794,75.1,34.29,25.3,0.0,Moderate,Clear,100.0,Arrived,Low,0.5
TRK-106,DRV-806,Harpreet Singh,Heavy Hauler (Mahindra Blazo X 49),2026-08-30T12:11:54.206321,28.6139,77.209,65.8,40.5,97.1,243.86,Moderate,Rain,0.0,High Risk,High,334.7
TRK-106,DRV-806,Harpreet Singh,Heavy Hauler (Mahindra Blazo X 49),2026-08-30T12:15:54.206321,28.72535,77.17331,69.3,34.77,95.1,231.02,Low,Rain,5.3,High Risk,High,251.1
TRK-106,DRV-806,Harpreet Singh,Heavy Hauler (Mahindra Blazo X 49),2026-08-30T12:19:54.206321,28.8368,77.13761,56.4,44.07,89.4,218.19,High,Rain,10.5,High Risk,High,439.8
TRK-106,DRV-806,Harpreet Singh,Heavy Hauler (Mahindra Blazo X 49),2026-08-30T12:23:54.206321,28.93359,77.06962,58.5,38.94,88.9,205.35,Moderate,Rain,15.8,High Risk,High,314.9
TRK-106,DRV-806,Harpreet Singh,Heavy Hauler (Mahindra Blazo X 49),2026-08-30T12:27:54.206321,29.03221,77.01003,79.1,35.73,88.5,192.52,Low,Rain,21.1,High Risk,High,187.1
TRK-106,DRV-806,Harpreet Singh,Heavy Hauler (Mahindra Blazo X 49),2026-08-30T12:31:54.206321,29.14726,76.9951,75.0,36.42,78.9,179.68,Low,Rain,26.3,High Risk,High,177.5
TRK-106,DRV-806,Harpreet Singh,Heavy Hauler (Mahindra Blazo X 49),2026-08-30T12:35:54.206321,29.26232,76.98018,76.5,35.19,76.7,166.85,Low,Rain,31.6,High Risk,High,159.2
TRK-106,DRV-806,Harpreet Singh,Heavy Hauler (Mahindra Blazo X 49),2026-08-30T12:39:54.206321,29.37737,76.96526,78.6,37.21,71.6,154.02,Low,Rain,36.8,In Transit,Moderate,142.5
TRK-106,DRV-806,Harpreet Singh,Heavy Hauler (Mahindra Blazo X 49),2026-08-30T12:43:54.206321,29.49274,76.97283,61.8,39.43,69.2,141.18,Moderate,Rain,42.1,High Risk,High,206.1
TRK-106,DRV-806,Harpreet Singh,Heavy Hauler (Mahindra Blazo X 49),2026-08-30T12:47:54.206321,29.60816,76.9834,71.5,34.29,64.3,128.35,Low,Rain,47.4,High Risk,High,136.8
TRK-106,DRV-806,Harpreet Singh,Heavy Hauler (Mahindra Blazo X 49),2026-08-30T12:51:54.206321,29.72203,76.97769,58.6,37.91,61.1,115.51,Moderate,Rain,52.6,High Risk,High,180.8
TRK-106,DRV-806,Harpreet Singh,Heavy Hauler (Mahindra Blazo X 49),2026-08-30T12:55:54.206321,29.83271,76.93867,48.7,48.09,55.6,102.68,Severe,Rain,57.9,High Risk,High,320.9
TRK-106,DRV-806,Harpreet Singh,Heavy Hauler (Mahindra Blazo X 49),2026-08-30T12:59:54.206321,29.94339,76.89965,68.5,36.84,51.0,89.84,Moderate,Rain,63.2,High Risk,High,111.6
TRK-106,DRV-806,Harpreet Singh,Heavy Hauler (Mahindra Blazo X 49),2026-08-30T13:03:54.206321,30.05407,76.86062,65.1,39.84,49.6,77.01,Moderate,Rain,68.4,High Risk,High,105.9
TRK-106,DRV-806,Harpreet Singh,Heavy Hauler (Mahindra Blazo X 49),2026-08-30T13:07:54.206321,30.16475,76.8216,61.2,41.86,43.5,64.17,Moderate,Rain,73.7,High Risk,High,96.8
TRK-106,DRV-806,Harpreet Singh,Heavy Hauler (Mahindra Blazo X 49),2026-08-30T13:11:54.206321,30.27886,76.79956,74.5,34.78,40.3,51.34,Low,Rain,78.9,In Transit,Low,51.0
TRK-106,DRV-806,Harpreet Singh,Heavy Hauler (Mahindra Blazo X 49),2026-08-30T13:15:54.206321,30.39333,76.78449,47.2,36.0,38.3,38.5,Moderate,Rain,84.2,In Transit,Moderate,73.2
TRK-106,DRV-806,Harpreet Singh,Heavy Hauler (Mahindra Blazo X 49),2026-08-30T13:19:54.206321,30.50836,76.79963,67.5,37.64,33.9,25.67,Low,Rain,89.5,In Transit,Low,29.5
TRK-106,DRV-806,Harpreet Singh,Heavy Hauler (Mahindra Blazo X 49),2026-08-30T13:23:54.206321,30.62338,76.81478,83.2,35.86,28.8,12.83,Low,Rain,94.7,In Transit,Low,9.3
TRK-106,DRV-806,Harpreet Singh,Heavy Hauler (Mahindra Blazo X 49),2026-08-30T13:27:54.206321,30.7333,76.7794,50.6,44.22,23.2,0.0,High,Rain,100.0,In Transit,Moderate,0.5
TRK-106,DRV-806,Harpreet Singh,Heavy Hauler (Mahindra Blazo X 49),2026-08-31T02:11:54.206321,28.6139,77.209,51.2,40.02,98.4,243.86,High,Clear,0.0,High Risk,High,429.5
TRK-106,DRV-806,Harpreet Singh,Heavy Hauler (Mahindra Blazo X 49),2026-08-31T02:15:54.206321,28.72535,77.17331,57.9,38.52,95.7,231.02,High,Clear,5.3,High Risk,High,363.4
TRK-106,DRV-806,Harpreet Singh,Heavy Hauler (Mahindra Blazo X 49),2026-08-31T02:19:54.206321,28.8368,77.13761,69.7,38.69,92.7,218.19,Moderate,Clear,10.5,High Risk,High,224.9
TRK-106,DRV-806,Harpreet Singh,Heavy Hauler (Mahindra Blazo X 49),2026-08-31T02:23:54.206321,28.93359,77.06962,82.7,38.24,87.4,205.35,Low,Clear,15.8,In Transit,Low,143.0
TRK-106,DRV-806,Harpreet Singh,Heavy Hauler (Mahindra Blazo X 49),2026-08-31T02:27:54.206321,29.03221,77.01003,82.9,33.39,88.8,192.52,Low,Clear,21.1,In Transit,Low,144.6
TRK-106,DRV-806,Harpreet Singh,Heavy Hauler (Mahindra Blazo X 49),2026-08-31T02:31:54.206321,29.14726,76.9951,67.5,36.84,76.5,179.68,Moderate,Clear,26.3,High Risk,High,190.2
TRK-106,DRV-806,Harpreet Singh,Heavy Hauler (Mahindra Blazo X 49),2026-08-31T02:35:54.206321,29.26232,76.98018,42.4,45.76,77.9,166.85,Severe,Clear,31.6,High Risk,High,478.0
TRK-106,DRV-806,Harpreet Singh,Heavy Hauler (Mahindra Blazo X 49),2026-08-31T02:39:54.206321,29.37737,76.96526,83.0,32.19,71.5,154.02,Low,Clear,36.8,In Transit,Low,108.4
TRK-106,DRV-806,Harpreet Singh,Heavy Hauler (Mahindra Blazo X 49),2026-08-31T02:43:54.206321,29.49274,76.97283,89.6,35.22,69.9,141.18,Low,Clear,42.1,In Transit,Low,95.6
TRK-106,DRV-806,Harpreet Singh,Heavy Hauler (Mahindra Blazo X 49),2026-08-31T02:47:54.206321,29.60816,76.9834,78.2,35.75,66.2,128.35,Moderate,Clear,47.4,In Transit,Moderate,118.1
TRK-106,DRV-806,Harpreet Singh,Heavy Hauler (Mahindra Blazo X 49),2026-08-31T02:51:54.206321,29.72203,76.97769,89.9,32.69,61.6,115.51,Low,Clear,52.6,In Transit,Low,74.0
TRK-106,DRV-806,Harpreet Singh,Heavy Hauler (Mahindra Blazo X 49),2026-08-31T02:55:54.206321,29.83271,76.93867,86.1,33.7,55.4,102.68,Low,Clear,57.9,In Transit,Low,70.2
TRK-106,DRV-806,Harpreet Singh,Heavy Hauler (Mahindra Blazo X 49),2026-08-31T02:59:54.206321,29.94339,76.89965,72.1,38.69,55.0,89.84,Moderate,Clear,63.2,In Transit,Moderate,88.9
TRK-106,DRV-806,Harpreet Singh,Heavy Hauler (Mahindra Blazo X 49),2026-08-31T03:03:54.206321,30.05407,76.86062,74.3,36.73,48.7,77.01,Moderate,Clear,68.4,In Transit,Moderate,73.2
TRK-106,DRV-806,Harpreet Singh,Heavy Hauler (Mahindra Blazo X 49),2026-08-31T03:07:54.206321,30.16475,76.8216,78.3,36.27,47.7,64.17,Moderate,Clear,73.7,In Transit,Moderate,60.1
TRK-106,DRV-806,Harpreet Singh,Heavy Hauler (Mahindra Blazo X 49),2026-08-31T03:11:54.206321,30.27886,76.79956,89.9,30.56,38.8,51.34,Low,Clear,78.9,In Transit,Low,33.3
TRK-106,DRV-806,Harpreet Singh,Heavy Hauler (Mahindra Blazo X 49),2026-08-31T03:15:54.206321,30.39333,76.78449,76.9,31.12,35.5,38.5,Low,Clear,84.2,In Transit,Low,21.2
TRK-106,DRV-806,Harpreet Singh,Heavy Hauler (Mahindra Blazo X 49),2026-08-31T03:19:54.206321,30.50836,76.79963,84.4,31.72,33.1,25.67,Low,Clear,89.5,In Transit,Low,16.6
TRK-106,DRV-806,Harpreet Singh,Heavy Hauler (Mahindra Blazo X 49),2026-08-31T03:23:54.206321,30.62338,76.81478,74.5,36.36,28.8,12.83,Moderate,Clear,94.7,In Transit,Low,12.5
TRK-106,DRV-806,Harpreet Singh,Heavy Hauler (Mahindra Blazo X 49),2026-08-31T03:27:54.206321,30.7333,76.7794,77.2,33.99,26.6,0.0,Moderate,Clear,100.0,Arrived,Low,3.2
TRK-106,DRV-806,Harpreet Singh,Heavy Hauler (Mahindra Blazo X 49),2026-08-31T16:11:54.206321,28.6139,77.209,74.4,36.5,100.2,243.86,Moderate,Clear,0.0,High Risk,High,240.6
TRK-106,DRV-806,Harpreet Singh,Heavy Hauler (Mahindra Blazo X 49),2026-08-31T16:15:54.206321,28.72535,77.17331,98.4,34.53,95.2,231.02,Low,Clear,5.3,In Transit,Low,134.7
TRK-106,DRV-806,Harpreet Singh,Heavy Hauler (Mahindra Blazo X 49),2026-08-31T16:19:54.206321,28.8368,77.13761,82.0,34.49,94.4,218.19,Moderate,Clear,10.5,High Risk,High,194.0
TRK-106,DRV-806,Harpreet Singh,Heavy Hauler (Mahindra Blazo X 49),2026-08-31T16:23:54.206321,28.93359,77.06962,85.9,30.88,85.8,205.35,Low,Clear,15.8,In Transit,Low,145.8
TRK-106,DRV-806,Harpreet Singh,Heavy Hauler (Mahindra Blazo X 49),2026-08-31T16:27:54.206321,29.03221,77.01003,90.6,31.99,87.0,192.52,Low,Clear,21.1,In Transit,Low,127.5
TRK-106,DRV-806,Harpreet Singh,Heavy Hauler (Mahindra Blazo X 49),2026-08-31T16:31:54.206321,29.14726,76.9951,76.9,33.76,77.4,179.68,Moderate,Clear,26.3,High Risk,High,166.1
TRK-106,DRV-806,Harpreet Singh,Heavy Hauler (Mahindra Blazo X 49),2026-08-31T16:35:54.206321,29.26232,76.98018,78.1,34.88,74.5,166.85,Moderate,Clear,31.6,High Risk,High,153.9
TRK-106,DRV-806,Harpreet Singh,Heavy Hauler (Mahindra Blazo X 49),2026-08-31T16:39:54.206321,29.37737,76.96526,91.2,35.71,74.3,154.02,Low,Clear,36.8,In Transit,Low,99.4
TRK-106,DRV-806,Harpreet Singh,Heavy Hauler (Mahindra Blazo X 49),2026-08-31T16:43:54.206321,29.49274,76.97283,73.8,37.98,67.8,141.18,Moderate,Clear,42.1,In Transit,Moderate,134.7
TRK-106,DRV-806,Harpreet Singh,Heavy Hauler (Mahindra Blazo X 49),2026-08-31T16:47:54.206321,29.60816,76.9834,67.1,35.94,66.8,128.35,High,Clear,47.4,High Risk,High,169.2
TRK-106,DRV-806,Harpreet Singh,Heavy Hauler (Mahindra Blazo X 49),2026-08-31T16:51:54.206321,29.72203,76.97769,86.2,35.51,58.6,115.51,Low,Clear,52.6,In Transit,Low,82.8
TRK-106,DRV-806,Harpreet Singh,Heavy Hauler (Mahindra Blazo X 49),2026-08-31T16:55:54.206321,29.83271,76.93867,78.7,34.35,56.0,102.68,Moderate,Clear,57.9,In Transit,Moderate,92.3
TRK-106,DRV-806,Harpreet Singh,Heavy Hauler (Mahindra Blazo X 49),2026-08-31T16:59:54.206321,29.94339,76.89965,68.5,34.46,51.0,89.84,Moderate,Clear,63.2,In Transit,Moderate,98.7
TRK-106,DRV-806,Harpreet Singh,Heavy Hauler (Mahindra Blazo X 49),2026-08-31T17:03:54.206321,30.05407,76.86062,73.7,36.98,48.3,77.01,Moderate,Clear,68.4,In Transit,Moderate,79.4
TRK-106,DRV-806,Harpreet Singh,Heavy Hauler (Mahindra Blazo X 49),2026-08-31T17:07:54.206321,30.16475,76.8216,76.5,35.69,45.2,64.17,Moderate,Clear,73.7,In Transit,Low,51.9
TRK-106,DRV-806,Harpreet Singh,Heavy Hauler (Mahindra Blazo X 49),2026-08-31T17:11:54.206321,30.27886,76.79956,92.9,35.25,38.8,51.34,Low,Clear,78.9,In Transit,Low,38.3
TRK-106,DRV-806,Harpreet Singh,Heavy Hauler (Mahindra Blazo X 49),2026-08-31T17:15:54.206321,30.39333,76.78449,60.4,37.5,35.7,38.5,Moderate,Clear,84.2,In Transit,Low,45.1
TRK-106,DRV-806,Harpreet Singh,Heavy Hauler (Mahindra Blazo X 49),2026-08-31T17:19:54.206321,30.50836,76.79963,75.4,34.35,37.0,25.67,Low,Clear,89.5,In Transit,Low,20.4
TRK-106,DRV-806,Harpreet Singh,Heavy Hauler (Mahindra Blazo X 49),2026-08-31T17:23:54.206321,30.62338,76.81478,55.3,42.96,28.3,12.83,High,Clear,94.7,In Transit,Moderate,19.4
TRK-106,DRV-806,Harpreet Singh,Heavy Hauler (Mahindra Blazo X 49),2026-08-31T17:27:54.206321,30.7333,76.7794,62.4,36.63,26.1,0.0,High,Clear,100.0,In Transit,Moderate,0.5
TRK-106,DRV-806,Harpreet Singh,Heavy Hauler (Mahindra Blazo X 49),2026-09-01T06:11:54.206321,28.6139,77.209,53.5,44.04,98.2,243.86,High,Rain,0.0,High Risk,High,511.3
TRK-106,DRV-806,Harpreet Singh,Heavy Hauler (Mahindra Blazo X 49),2026-09-01T06:15:54.206321,28.72535,77.17331,83.0,34.37,96.0,231.02,Low,Rain,5.3,High Risk,High,206.9
TRK-106,DRV-806,Harpreet Singh,Heavy Hauler (Mahindra Blazo X 49),2026-09-01T06:19:54.206321,28.8368,77.13761,33.6,53.58,91.3,218.19,Severe,Rain,10.5,Delayed,High,976.3
TRK-106,DRV-806,Harpreet Singh,Heavy Hauler (Mahindra Blazo X 49),2026-09-01T06:23:54.206321,28.93359,77.06962,82.6,38.21,86.1,205.35,Low,Rain,15.8,High Risk,High,190.5
TRK-106,DRV-806,Harpreet Singh,Heavy Hauler (Mahindra Blazo X 49),2026-09-01T06:27:54.206321,29.03221,77.01003,45.2,43.51,87.1,192.52,High,Rain,21.1,High Risk,High,478.3
TRK-106,DRV-806,Harpreet Singh,Heavy Hauler (Mahindra Blazo X 49),2026-09-01T06:31:54.206321,29.14726,76.9951,80.9,36.86,80.7,179.68,Low,Rain,26.3,High Risk,High,161.8
TRK-106,DRV-806,Harpreet Singh,Heavy Hauler (Mahindra Blazo X 49),2026-09-01T06:35:54.206321,29.26232,76.98018,78.0,35.49,74.9,166.85,Low,Rain,31.6,High Risk,High,158.8
TRK-106,DRV-806,Harpreet Singh,Heavy Hauler (Mahindra Blazo X 49),2026-09-01T06:39:54.206321,29.37737,76.96526,85.1,33.61,67.1,154.02,Low,Rain,36.8,High Risk,High,140.4
TRK-106,DRV-806,Harpreet Singh,Heavy Hauler (Mahindra Blazo X 49),2026-09-01T06:43:54.206321,29.49274,76.97283,77.6,32.57,68.9,141.18,Low,Rain,42.1,In Transit,Moderate,132.4
TRK-106,DRV-806,Harpreet Singh,Heavy Hauler (Mahindra Blazo X 49),2026-09-01T06:47:54.206321,29.60816,76.9834,59.0,37.12,62.2,128.35,Moderate,Rain,47.4,High Risk,High,200.5
TRK-106,DRV-806,Harpreet Singh,Heavy Hauler (Mahindra Blazo X 49),2026-09-01T06:51:54.206321,29.72203,76.97769,71.9,33.87,59.9,115.51,Low,Rain,52.6,In Transit,Moderate,121.4
TRK-106,DRV-806,Harpreet Singh,Heavy Hauler (Mahindra Blazo X 49),2026-09-01T06:55:54.206321,29.83271,76.93867,35.4,52.07,57.6,102.68,Severe,Rain,57.9,Delayed,High,433.2
TRK-106,DRV-806,Harpreet Singh,Heavy Hauler (Mahindra Blazo X 49),2026-09-01T06:59:54.206321,29.94339,76.89965,69.6,34.46,52.5,89.84,Low,Rain,63.2,In Transit,Moderate,97.0
TRK-106,DRV-806,Harpreet Singh,Heavy Hauler (Mahindra Blazo X 49),2026-09-01T07:03:54.206321,30.05407,76.86062,85.6,36.14,46.7,77.01,Low,Rain,68.4,In Transit,Low,62.7
TRK-106,DRV-806,Harpreet Singh,Heavy Hauler (Mahindra Blazo X 49),2026-09-01T07:07:54.206321,30.16475,76.8216,70.0,34.16,43.6,64.17,Low,Rain,73.7,In Transit,Moderate,73.0
TRK-106,DRV-806,Harpreet Singh,Heavy Hauler (Mahindra Blazo X 49),2026-09-01T07:11:54.206321,30.27886,76.79956,60.4,38.87,41.4,51.34,Moderate,Rain,78.9,In Transit,Moderate,72.4
TRK-106,DRV-806,Harpreet Singh,Heavy Hauler (Mahindra Blazo X 49),2026-09-01T07:15:54.206321,30.39333,76.78449,78.3,33.2,38.8,38.5,Low,Rain,84.2,In Transit,Low,32.4
TRK-106,DRV-806,Harpreet Singh,Heavy Hauler (Mahindra Blazo X 49),2026-09-01T07:19:54.206321,30.50836,76.79963,87.4,32.66,30.0,25.67,Low,Rain,89.5,In Transit,Low,27.5
TRK-106,DRV-806,Harpreet Singh,Heavy Hauler (Mahindra Blazo X 49),2026-09-01T07:23:54.206321,30.62338,76.81478,63.9,39.08,27.7,12.83,Moderate,Rain,94.7,In Transit,Low,14.2
TRK-106,DRV-806,Harpreet Singh,Heavy Hauler (Mahindra Blazo X 49),2026-09-01T07:27:54.206321,30.7333,76.7794,45.4,48.7,24.4,0.0,Severe,Rain,100.0,Arrived,Low,4.6
TRK-106,DRV-806,Harpreet Singh,Heavy Hauler (Mahindra Blazo X 49),2026-09-01T20:11:54.206321,28.6139,77.209,79.0,35.54,98.9,243.86,Low,Rain,0.0,High Risk,High,232.6
TRK-106,DRV-806,Harpreet Singh,Heavy Hauler (Mahindra Blazo X 49),2026-09-01T20:15:54.206321,28.72535,77.17331,78.4,34.1,93.8,231.02,Low,Rain,5.3,High Risk,High,222.5
TRK-106,DRV-806,Harpreet Singh,Heavy Hauler (Mahindra Blazo X 49),2026-09-01T20:19:54.206321,28.8368,77.13761,39.6,52.2,89.9,218.19,Severe,Rain,10.5,Delayed,High,825.3
TRK-106,DRV-806,Harpreet Singh,Heavy Hauler (Mahindra Blazo X 49),2026-09-01T20:23:54.206321,28.93359,77.06962,54.8,44.91,91.3,205.35,High,Rain,15.8,High Risk,High,421.9
TRK-106,DRV-806,Harpreet Singh,Heavy Hauler (Mahindra Blazo X 49),2026-09-01T20:27:54.206321,29.03221,77.01003,63.3,37.16,85.0,192.52,Moderate,Rain,21.1,High Risk,High,268.8
TRK-106,DRV-806,Harpreet Singh,Heavy Hauler (Mahindra Blazo X 49),2026-09-01T20:31:54.206321,29.14726,76.9951,56.9,43.5,80.1,179.68,High,Rain,26.3,High Risk,High,351.8
TRK-106,DRV-806,Harpreet Singh,Heavy Hauler (Mahindra Blazo X 49),2026-09-01T20:35:54.206321,29.26232,76.98018,81.1,36.53,73.8,166.85,Low,Rain,31.6,High Risk,High,155.2
TRK-106,DRV-806,Harpreet Singh,Heavy Hauler (Mahindra Blazo X 49),2026-09-01T20:39:54.206321,29.37737,76.96526,72.5,34.69,72.8,154.02,Low,Rain,36.8,High Risk,High,162.6
TRK-106,DRV-806,Harpreet Singh,Heavy Hauler (Mahindra Blazo X 49),2026-09-01T20:43:54.206321,29.49274,76.97283,78.5,39.71,69.8,141.18,Low,Rain,42.1,High Risk,High,133.7
TRK-106,DRV-806,Harpreet Singh,Heavy Hauler (Mahindra Blazo X 49),2026-09-01T20:47:54.206321,29.60816,76.9834,74.5,37.49,64.9,128.35,Low,Rain,47.4,High Risk,High,134.8
TRK-106,DRV-806,Harpreet Singh,Heavy Hauler (Mahindra Blazo X 49),2026-09-01T20:51:54.206321,29.72203,76.97769,75.1,31.76,58.8,115.51,Low,Rain,52.6,In Transit,Moderate,110.3
TRK-106,DRV-806,Harpreet Singh,Heavy Hauler (Mahindra Blazo X 49),2026-09-01T20:55:54.206321,29.83271,76.93867,69.1,36.79,57.7,102.68,Moderate,Rain,57.9,High Risk,High,135.1
TRK-106,DRV-806,Harpreet Singh,Heavy Hauler (Mahindra Blazo X 49),2026-09-01T20:59:54.206321,29.94339,76.89965,47.5,43.6,53.1,89.84,High,Rain,63.2,High Risk,High,210.1
TRK-106,DRV-806,Harpreet Singh,Heavy Hauler (Mahindra Blazo X 49),2026-09-01T21:03:54.206321,30.05407,76.86062,81.7,34.07,45.5,77.01,Low,Rain,68.4,In Transit,Moderate,72.7
TRK-106,DRV-806,Harpreet Singh,Heavy Hauler (Mahindra Blazo X 49),2026-09-01T21:07:54.206321,30.16475,76.8216,59.8,39.16,47.8,64.17,Moderate,Rain,73.7,High Risk,High,98.0
TRK-106,DRV-806,Harpreet Singh,Heavy Hauler (Mahindra Blazo X 49),2026-09-01T21:11:54.206321,30.27886,76.79956,73.1,36.82,40.8,51.34,Low,Rain,78.9,In Transit,Low,49.9
TRK-106,DRV-806,Harpreet Singh,Heavy Hauler (Mahindra Blazo X 49),2026-09-01T21:15:54.206321,30.39333,76.78449,66.9,36.14,37.2,38.5,Low,Rain,84.2,In Transit,Moderate,47.6
TRK-106,DRV-806,Harpreet Singh,Heavy Hauler (Mahindra Blazo X 49),2026-09-01T21:19:54.206321,30.50836,76.79963,66.7,37.02,34.0,25.67,Moderate,Rain,89.5,In Transit,Low,30.9
TRK-106,DRV-806,Harpreet Singh,Heavy Hauler (Mahindra Blazo X 49),2026-09-01T21:23:54.206321,30.62338,76.81478,81.3,35.37,31.8,12.83,Low,Rain,94.7,In Transit,Low,15.8
TRK-106,DRV-806,Harpreet Singh,Heavy Hauler (Mahindra Blazo X 49),2026-09-01T21:27:54.206321,30.7333,76.7794,52.8,43.38,24.5,0.0,High,Rain,100.0,In Transit,Moderate,4.0
TRK-106,DRV-806,Harpreet Singh,Heavy Hauler (Mahindra Blazo X 49),2026-09-02T10:11:54.206321,28.6139,77.209,49.6,41.14,102.6,243.86,High,Clear,0.0,High Risk,High,441.2
TRK-106,DRV-806,Harpreet Singh,Heavy Hauler (Mahindra Blazo X 49),2026-09-02T10:15:54.206321,28.72535,77.17331,73.2,36.75,95.8,231.02,Moderate,Clear,5.3,High Risk,High,230.4
TRK-106,DRV-806,Harpreet Singh,Heavy Hauler (Mahindra Blazo X 49),2026-09-02T10:19:54.206321,28.8368,77.13761,79.4,34.22,93.6,218.19,Low,Clear,10.5,In Transit,Low,155.6
TRK-106,DRV-806,Harpreet Singh,Heavy Hauler (Mahindra Blazo X 49),2026-09-02T10:23:54.206321,28.93359,77.06962,70.8,32.57,88.2,205.35,Moderate,Clear,15.8,High Risk,High,213.4
TRK-106,DRV-806,Harpreet Singh,Heavy Hauler (Mahindra Blazo X 49),2026-09-02T10:27:54.206321,29.03221,77.01003,82.6,34.15,83.7,192.52,Low,Clear,21.1,In Transit,Low,132.1
TRK-106,DRV-806,Harpreet Singh,Heavy Hauler (Mahindra Blazo X 49),2026-09-02T10:31:54.206321,29.14726,76.9951,90.3,30.65,76.3,179.68,Low,Clear,26.3,In Transit,Low,119.0
TRK-106,DRV-806,Harpreet Singh,Heavy Hauler (Mahindra Blazo X 49),2026-09-02T10:35:54.206321,29.26232,76.98018,84.9,31.83,77.0,166.85,Low,Clear,31.6,In Transit,Low,122.2
TRK-106,DRV-806,Harpreet Singh,Heavy Hauler (Mahindra Blazo X 49),2026-09-02T10:39:54.206321,29.37737,76.96526,74.2,37.09,73.8,154.02,Moderate,Clear,36.8,In Transit,Moderate,148.5
TRK-106,DRV-806,Harpreet Singh,Heavy Hauler (Mahindra Blazo X 49),2026-09-02T10:43:54.206321,29.49274,76.97283,92.0,36.05,65.9,141.18,Low,Clear,42.1,In Transit,Low,92.1
TRK-106,DRV-806,Harpreet Singh,Heavy Hauler (Mahindra Blazo X 49),2026-09-02T10:47:54.206321,29.60816,76.9834,70.0,38.57,64.6,128.35,Moderate,Clear,47.4,In Transit,Moderate,134.7
TRK-106,DRV-806,Harpreet Singh,Heavy Hauler (Mahindra Blazo X 49),2026-09-02T10:51:54.206321,29.72203,76.97769,73.2,35.75,57.3,115.51,Low,Clear,52.6,In Transit,Low,97.7
TRK-106,DRV-806,Harpreet Singh,Heavy Hauler (Mahindra Blazo X 49),2026-09-02T10:55:54.206321,29.83271,76.93867,54.0,38.93,54.7,102.68,High,Clear,57.9,High Risk,High,171.3
TRK-106,DRV-806,Harpreet Singh,Heavy Hauler (Mahindra Blazo X 49),2026-09-02T10:59:54.206321,29.94339,76.89965,95.7,33.93,53.6,89.84,Low,Clear,63.2,In Transit,Low,63.8
TRK-106,DRV-806,Harpreet Singh,Heavy Hauler (Mahindra Blazo X 49),2026-09-02T11:03:54.206321,30.05407,76.86062,83.4,34.7,50.5,77.01,Moderate,Clear,68.4,In Transit,Low,59.3
TRK-106,DRV-806,Harpreet Singh,Heavy Hauler (Mahindra Blazo X 49),2026-09-02T11:07:54.206321,30.16475,76.8216,80.1,31.54,43.2,64.17,Low,Clear,73.7,In Transit,Low,51.9
TRK-106,DRV-806,Harpreet Singh,Heavy Hauler (Mahindra Blazo X 49),2026-09-02T11:11:54.206321,30.27886,76.79956,79.6,37.06,39.2,51.34,Low,Clear,78.9,In Transit,Low,32.7
TRK-106,DRV-806,Harpreet Singh,Heavy Hauler (Mahindra Blazo X 49),2026-09-02T11:15:54.206321,30.39333,76.78449,90.3,35.5,37.2,38.5,Low,Clear,84.2,In Transit,Low,24.6
TRK-106,DRV-806,Harpreet Singh,Heavy Hauler (Mahindra Blazo X 49),2026-09-02T11:19:54.206321,30.50836,76.79963,54.5,39.24,34.8,25.67,High,Clear,89.5,In Transit,Moderate,42.3
TRK-106,DRV-806,Harpreet Singh,Heavy Hauler (Mahindra Blazo X 49),2026-09-02T11:23:54.206321,30.62338,76.81478,85.5,31.94,30.1,12.83,Low,Clear,94.7,In Transit,Low,10.4
TRK-106,DRV-806,Harpreet Singh,Heavy Hauler (Mahindra Blazo X 49),2026-09-02T11:27:54.206321,30.7333,76.7794,82.6,34.41,28.1,0.0,Low,Clear,100.0,Arrived,Low,3.7
TRK-106,DRV-806,Harpreet Singh,Heavy Hauler (Mahindra Blazo X 49),2026-09-03T00:11:54.206321,28.6139,77.209,48.3,41.79,101.1,243.86,High,Clear,0.0,High Risk,High,451.6
TRK-106,DRV-806,Harpreet Singh,Heavy Hauler (Mahindra Blazo X 49),2026-09-03T00:15:54.206321,28.72535,77.17331,84.4,33.28,96.9,231.02,Low,Clear,5.3,In Transit,Low,165.6
TRK-106,DRV-806,Harpreet Singh,Heavy Hauler (Mahindra Blazo X 49),2026-09-03T00:19:54.206321,28.8368,77.13761,78.8,32.72,91.8,218.19,Low,Clear,10.5,In Transit,Low,166.7
TRK-106,DRV-806,Harpreet Singh,Heavy Hauler (Mahindra Blazo X 49),2026-09-03T00:23:54.206321,28.93359,77.06962,78.4,35.43,89.4,205.35,Moderate,Clear,15.8,High Risk,High,188.8
TRK-106,DRV-806,Harpreet Singh,Heavy Hauler (Mahindra Blazo X 49),2026-09-03T00:27:54.206321,29.03221,77.01003,87.0,34.67,82.5,192.52,Low,Clear,21.1,In Transit,Low,130.4
TRK-106,DRV-806,Harpreet Singh,Heavy Hauler (Mahindra Blazo X 49),2026-09-03T00:31:54.206321,29.14726,76.9951,59.4,39.78,79.7,179.68,High,Clear,26.3,High Risk,High,275.7
TRK-106,DRV-806,Harpreet Singh,Heavy Hauler (Mahindra Blazo X 49),2026-09-03T00:35:54.206321,29.26232,76.98018,52.9,36.84,78.0,166.85,High,Clear,31.6,High Risk,High,280.9
TRK-106,DRV-806,Harpreet Singh,Heavy Hauler (Mahindra Blazo X 49),2026-09-03T00:39:54.206321,29.37737,76.96526,55.7,38.51,73.3,154.02,High,Clear,36.8,High Risk,High,243.9
TRK-106,DRV-806,Harpreet Singh,Heavy Hauler (Mahindra Blazo X 49),2026-09-03T00:43:54.206321,29.49274,76.97283,72.6,38.84,68.9,141.18,Moderate,Clear,42.1,High Risk,High,141.9
TRK-106,DRV-806,Harpreet Singh,Heavy Hauler (Mahindra Blazo X 49),2026-09-03T00:47:54.206321,29.60816,76.9834,59.4,41.13,67.0,128.35,High,Clear,47.4,High Risk,High,196.9
TRK-106,DRV-806,Harpreet Singh,Heavy Hauler (Mahindra Blazo X 49),2026-09-03T00:51:54.206321,29.72203,76.97769,80.6,33.38,57.7,115.51,Low,Clear,52.6,In Transit,Low,88.1
TRK-106,DRV-806,Harpreet Singh,Heavy Hauler (Mahindra Blazo X 49),2026-09-03T00:55:54.206321,29.83271,76.93867,84.8,32.39,58.5,102.68,Low,Clear,57.9,In Transit,Low,66.3
TRK-106,DRV-806,Harpreet Singh,Heavy Hauler (Mahindra Blazo X 49),2026-09-03T00:59:54.206321,29.94339,76.89965,76.9,37.35,50.6,89.84,Low,Clear,63.2,In Transit,Low,74.5
TRK-106,DRV-806,Harpreet Singh,Heavy Hauler (Mahindra Blazo X 49),2026-09-03T01:03:54.206321,30.05407,76.86062,78.2,34.12,43.8,77.01,Low,Clear,68.4,In Transit,Low,55.8
TRK-106,DRV-806,Harpreet Singh,Heavy Hauler (Mahindra Blazo X 49),2026-09-03T01:07:54.206321,30.16475,76.8216,61.5,36.1,45.4,64.17,Moderate,Clear,73.7,In Transit,Moderate,78.6
TRK-106,DRV-806,Harpreet Singh,Heavy Hauler (Mahindra Blazo X 49),2026-09-03T01:11:54.206321,30.27886,76.79956,70.0,37.35,39.9,51.34,Moderate,Clear,78.9,In Transit,Low,49.6
TRK-106,DRV-806,Harpreet Singh,Heavy Hauler (Mahindra Blazo X 49),2026-09-03T01:15:54.206321,30.39333,76.78449,54.6,45.95,36.6,38.5,Severe,Clear,84.2,High Risk,High,80.2
TRK-106,DRV-806,Harpreet Singh,Heavy Hauler (Mahindra Blazo X 49),2026-09-03T01:19:54.206321,30.50836,76.79963,77.1,32.71,33.0,25.67,Low,Clear,89.5,In Transit,Low,13.9
TRK-106,DRV-806,Harpreet Singh,Heavy Hauler (Mahindra Blazo X 49),2026-09-03T01:23:54.206321,30.62338,76.81478,69.2,32.42,29.3,12.83,Moderate,Clear,94.7,In Transit,Low,7.9
TRK-106,DRV-806,Harpreet Singh,Heavy Hauler (Mahindra Blazo X 49),2026-09-03T01:27:54.206321,30.7333,76.7794,84.1,31.87,24.4,0.0,Low,Clear,100.0,Arrived,Low,4.1
TRK-106,DRV-806,Harpreet Singh,Heavy Hauler (Mahindra Blazo X 49),2026-09-03T14:11:54.206321,28.6139,77.209,44.6,45.32,99.0,243.86,Severe,Clear,0.0,High Risk,High,652.1
TRK-106,DRV-806,Harpreet Singh,Heavy Hauler (Mahindra Blazo X 49),2026-09-03T14:15:54.206321,28.72535,77.17331,71.4,38.28,98.6,231.02,Moderate,Clear,5.3,High Risk,High,226.9
TRK-106,DRV-806,Harpreet Singh,Heavy Hauler (Mahindra Blazo X 49),2026-09-03T14:19:54.206321,28.8368,77.13761,75.7,34.08,90.1,218.19,Moderate,Clear,10.5,High Risk,High,211.5
TRK-106,DRV-806,Harpreet Singh,Heavy Hauler (Mahindra Blazo X 49),2026-09-03T14:23:54.206321,28.93359,77.06962,36.0,46.23,86.5,205.35,Severe,Clear,15.8,Delayed,High,679.5
TRK-106,DRV-806,Harpreet Singh,Heavy Hauler (Mahindra Blazo X 49),2026-09-03T14:27:54.206321,29.03221,77.01003,44.0,49.68,85.1,192.52,Severe,Clear,21.1,High Risk,High,522.4
TRK-106,DRV-806,Harpreet Singh,Heavy Hauler (Mahindra Blazo X 49),2026-09-03T14:31:54.206321,29.14726,76.9951,87.6,36.16,78.9,179.68,Low,Clear,26.3,In Transit,Low,123.2
TRK-106,DRV-806,Harpreet Singh,Heavy Hauler (Mahindra Blazo X 49),2026-09-03T14:35:54.206321,29.26232,76.98018,93.2,36.07,76.8,166.85,Low,Clear,31.6,In Transit,Low,102.6
TRK-106,DRV-806,Harpreet Singh,Heavy Hauler (Mahindra Blazo X 49),2026-09-03T14:39:54.206321,29.37737,76.96526,86.3,34.7,71.2,154.02,Low,Clear,36.8,In Transit,Low,105.0
TRK-106,DRV-806,Harpreet Singh,Heavy Hauler (Mahindra Blazo X 49),2026-09-03T14:43:54.206321,29.49274,76.97283,63.1,39.82,67.5,141.18,High,Clear,42.1,High Risk,High,201.1
TRK-106,DRV-806,Harpreet Singh,Heavy Hauler (Mahindra Blazo X 49),2026-09-03T14:47:54.206321,29.60816,76.9834,74.4,34.41,64.5,128.35,Moderate,Clear,47.4,High Risk,High,131.5
TRK-106,DRV-806,Harpreet Singh,Heavy Hauler (Mahindra Blazo X 49),2026-09-03T14:51:54.206321,29.72203,76.97769,72.3,35.35,60.9,115.51,Moderate,Clear,52.6,In Transit,Moderate,110.3
TRK-106,DRV-806,Harpreet Singh,Heavy Hauler (Mahindra Blazo X 49),2026-09-03T14:55:54.206321,29.83271,76.93867,53.4,41.81,55.5,102.68,High,Clear,57.9,High Risk,High,171.3
TRK-106,DRV-806,Harpreet Singh,Heavy Hauler (Mahindra Blazo X 49),2026-09-03T14:59:54.206321,29.94339,76.89965,82.3,39.84,54.4,89.84,Moderate,Clear,63.2,In Transit,Low,73.1
TRK-106,DRV-806,Harpreet Singh,Heavy Hauler (Mahindra Blazo X 49),2026-09-03T15:03:54.206321,30.05407,76.86062,82.6,30.68,45.8,77.01,Low,Clear,68.4,In Transit,Low,55.0
TRK-106,DRV-806,Harpreet Singh,Heavy Hauler (Mahindra Blazo X 49),2026-09-03T15:07:54.206321,30.16475,76.8216,84.2,34.59,43.2,64.17,Low,Clear,73.7,In Transit,Low,44.0
TRK-106,DRV-806,Harpreet Singh,Heavy Hauler (Mahindra Blazo X 49),2026-09-03T15:11:54.206321,30.27886,76.79956,84.2,34.53,37.8,51.34,Low,Clear,78.9,In Transit,Low,37.4
TRK-106,DRV-806,Harpreet Singh,Heavy Hauler (Mahindra Blazo X 49),2026-09-03T15:15:54.206321,30.39333,76.78449,38.0,45.72,35.5,38.5,Severe,Clear,84.2,Delayed,High,121.7
TRK-106,DRV-806,Harpreet Singh,Heavy Hauler (Mahindra Blazo X 49),2026-09-03T15:19:54.206321,30.50836,76.79963,55.6,33.23,32.8,25.67,Moderate,Clear,89.5,In Transit,Moderate,37.7
TRK-106,DRV-806,Harpreet Singh,Heavy Hauler (Mahindra Blazo X 49),2026-09-03T15:23:54.206321,30.62338,76.81478,63.1,33.13,29.7,12.83,Moderate,Clear,94.7,In Transit,Low,11.9
TRK-106,DRV-806,Harpreet Singh,Heavy Hauler (Mahindra Blazo X 49),2026-09-03T15:27:54.206321,30.7333,76.7794,61.5,38.69,23.4,0.0,High,Clear,100.0,In Transit,Moderate,0.5
TRK-106,DRV-806,Harpreet Singh,Heavy Hauler (Mahindra Blazo X 49),2026-09-04T04:11:54.206321,28.6139,77.209,63.3,35.66,102.9,243.86,Moderate,Clear,0.0,High Risk,High,282.5
TRK-106,DRV-806,Harpreet Singh,Heavy Hauler (Mahindra Blazo X 49),2026-09-04T04:15:54.206321,28.72535,77.17331,78.5,34.1,98.5,231.02,Low,Clear,5.3,In Transit,Low,173.5
TRK-106,DRV-806,Harpreet Singh,Heavy Hauler (Mahindra Blazo X 49),2026-09-04T04:19:54.206321,28.8368,77.13761,87.2,31.93,91.3,218.19,Low,Clear,10.5,In Transit,Low,147.3
TRK-106,DRV-806,Harpreet Singh,Heavy Hauler (Mahindra Blazo X 49),2026-09-04T04:23:54.206321,28.93359,77.06962,66.2,33.21,90.1,205.35,Moderate,Clear,15.8,High Risk,High,224.3
TRK-106,DRV-806,Harpreet Singh,Heavy Hauler (Mahindra Blazo X 49),2026-09-04T04:27:54.206321,29.03221,77.01003,90.1,33.48,82.9,192.52,Low,Clear,21.1,In Transit,Low,131.7
TRK-106,DRV-806,Harpreet Singh,Heavy Hauler (Mahindra Blazo X 49),2026-09-04T04:31:54.206321,29.14726,76.9951,82.5,32.41,77.9,179.68,Low,Clear,26.3,In Transit,Low,135.5
TRK-106,DRV-806,Harpreet Singh,Heavy Hauler (Mahindra Blazo X 49),2026-09-04T04:35:54.206321,29.26232,76.98018,89.4,34.39,75.8,166.85,Low,Clear,31.6,In Transit,Low,118.3
TRK-106,DRV-806,Harpreet Singh,Heavy Hauler (Mahindra Blazo X 49),2026-09-04T04:39:54.206321,29.37737,76.96526,66.2,32.13,70.6,154.02,Moderate,Clear,36.8,High Risk,High,169.5
TRK-106,DRV-806,Harpreet Singh,Heavy Hauler (Mahindra Blazo X 49),2026-09-04T04:43:54.206321,29.49274,76.97283,87.4,31.82,65.7,141.18,Low,Clear,42.1,In Transit,Low,96.6
TRK-106,DRV-806,Harpreet Singh,Heavy Hauler (Mahindra Blazo X 49),2026-09-04T04:47:54.206321,29.60816,76.9834,63.2,37.31,65.9,128.35,Moderate,Clear,47.4,High Risk,High,147.4
TRK-106,DRV-806,Harpreet Singh,Heavy Hauler (Mahindra Blazo X 49),2026-09-04T04:51:54.206321,29.72203,76.97769,99.6,37.49,58.5,115.51,Low,Clear,52.6,In Transit,Low,78.1
TRK-106,DRV-806,Harpreet Singh,Heavy Hauler (Mahindra Blazo X 49),2026-09-04T04:55:54.206321,29.83271,76.93867,73.6,37.71,55.6,102.68,Moderate,Clear,57.9,In Transit,Moderate,99.4
TRK-106,DRV-806,Harpreet Singh,Heavy Hauler (Mahindra Blazo X 49),2026-09-04T04:59:54.206321,29.94339,76.89965,68.3,36.36,52.3,89.84,Moderate,Clear,63.2,In Transit,Moderate,97.7
TRK-106,DRV-806,Harpreet Singh,Heavy Hauler (Mahindra Blazo X 49),2026-09-04T05:03:54.206321,30.05407,76.86062,72.8,35.66,52.8,77.01,Moderate,Clear,68.4,In Transit,Moderate,77.2
TRK-106,DRV-806,Harpreet Singh,Heavy Hauler (Mahindra Blazo X 49),2026-09-04T05:07:54.206321,30.16475,76.8216,87.1,32.72,45.6,64.17,Low,Clear,73.7,In Transit,Low,40.9
TRK-106,DRV-806,Harpreet Singh,Heavy Hauler (Mahindra Blazo X 49),2026-09-04T05:11:54.206321,30.27886,76.79956,54.5,39.74,40.9,51.34,High,Clear,78.9,High Risk,High,85.5
TRK-106,DRV-806,Harpreet Singh,Heavy Hauler (Mahindra Blazo X 49),2026-09-04T05:15:54.206321,30.39333,76.78449,54.5,41.07,39.4,38.5,High,Clear,84.2,In Transit,Moderate,63.4
TRK-106,DRV-806,Harpreet Singh,Heavy Hauler (Mahindra Blazo X 49),2026-09-04T05:19:54.206321,30.50836,76.79963,92.7,35.51,29.6,25.67,Low,Clear,89.5,In Transit,Low,13.9
TRK-106,DRV-806,Harpreet Singh,Heavy Hauler (Mahindra Blazo X 49),2026-09-04T05:23:54.206321,30.62338,76.81478,90.2,34.99,31.7,12.83,Low,Clear,94.7,In Transit,Low,7.5
TRK-106,DRV-806,Harpreet Singh,Heavy Hauler (Mahindra Blazo X 49),2026-09-04T05:27:54.206321,30.7333,76.7794,57.9,38.66,27.0,0.0,High,Clear,100.0,In Transit,Moderate,0.5
TRK-106,DRV-806,Harpreet Singh,Heavy Hauler (Mahindra Blazo X 49),2026-09-04T18:11:54.206321,28.6139,77.209,81.6,33.66,101.9,243.86,Low,Clear,0.0,In Transit,Low,181.4
TRK-106,DRV-806,Harpreet Singh,Heavy Hauler (Mahindra Blazo X 49),2026-09-04T18:15:54.206321,28.72535,77.17331,81.3,33.1,91.5,231.02,Low,Clear,5.3,In Transit,Low,167.6
TRK-106,DRV-806,Harpreet Singh,Heavy Hauler (Mahindra Blazo X 49),2026-09-04T18:19:54.206321,28.8368,77.13761,50.8,43.61,89.5,218.19,High,Clear,10.5,High Risk,High,386.7
TRK-106,DRV-806,Harpreet Singh,Heavy Hauler (Mahindra Blazo X 49),2026-09-04T18:23:54.206321,28.93359,77.06962,59.7,40.51,90.5,205.35,High,Clear,15.8,High Risk,High,314.4
TRK-106,DRV-806,Harpreet Singh,Heavy Hauler (Mahindra Blazo X 49),2026-09-04T18:27:54.206321,29.03221,77.01003,67.0,35.76,84.9,192.52,Moderate,Clear,21.1,High Risk,High,208.4
TRK-106,DRV-806,Harpreet Singh,Heavy Hauler (Mahindra Blazo X 49),2026-09-04T18:31:54.206321,29.14726,76.9951,62.3,41.28,82.1,179.68,High,Clear,26.3,High Risk,High,262.0
TRK-106,DRV-806,Harpreet Singh,Heavy Hauler (Mahindra Blazo X 49),2026-09-04T18:35:54.206321,29.26232,76.98018,84.4,31.28,75.3,166.85,Low,Clear,31.6,In Transit,Low,119.6
TRK-106,DRV-806,Harpreet Singh,Heavy Hauler (Mahindra Blazo X 49),2026-09-04T18:39:54.206321,29.37737,76.96526,84.1,32.54,75.6,154.02,Low,Clear,36.8,In Transit,Low,103.3
TRK-106,DRV-806,Harpreet Singh,Heavy Hauler (Mahindra Blazo X 49),2026-09-04T18:43:54.206321,29.49274,76.97283,91.6,29.53,66.7,141.18,Low,Clear,42.1,In Transit,Low,93.6
TRK-106,DRV-806,Harpreet Singh,Heavy Hauler (Mahindra Blazo X 49),2026-09-04T18:47:54.206321,29.60816,76.9834,81.6,31.44,62.2,128.35,Low,Clear,47.4,In Transit,Moderate,106.6
TRK-106,DRV-806,Harpreet Singh,Heavy Hauler (Mahindra Blazo X 49),2026-09-04T18:51:54.206321,29.72203,76.97769,79.5,33.63,60.6,115.51,Low,Clear,52.6,In Transit,Low,83.1
TRK-106,DRV-806,Harpreet Singh,Heavy Hauler (Mahindra Blazo X 49),2026-09-04T18:55:54.206321,29.83271,76.93867,51.6,39.05,54.6,102.68,High,Clear,57.9,High Risk,High,178.4
TRK-106,DRV-806,Harpreet Singh,Heavy Hauler (Mahindra Blazo X 49),2026-09-04T18:59:54.206321,29.94339,76.89965,53.8,48.76,53.9,89.84,Severe,Clear,63.2,High Risk,High,201.4
TRK-106,DRV-806,Harpreet Singh,Heavy Hauler (Mahindra Blazo X 49),2026-09-04T19:03:54.206321,30.05407,76.86062,72.1,37.58,44.6,77.01,Moderate,Clear,68.4,In Transit,Moderate,74.9
TRK-106,DRV-806,Harpreet Singh,Heavy Hauler (Mahindra Blazo X 49),2026-09-04T19:07:54.206321,30.16475,76.8216,95.8,32.57,47.9,64.17,Low,Clear,73.7,In Transit,Low,40.7
TRK-106,DRV-806,Harpreet Singh,Heavy Hauler (Mahindra Blazo X 49),2026-09-04T19:11:54.206321,30.27886,76.79956,79.1,33.2,42.3,51.34,Low,Clear,78.9,In Transit,Low,44.0
TRK-106,DRV-806,Harpreet Singh,Heavy Hauler (Mahindra Blazo X 49),2026-09-04T19:15:54.206321,30.39333,76.78449,86.3,35.12,39.5,38.5,Low,Clear,84.2,In Transit,Low,24.8
TRK-106,DRV-806,Harpreet Singh,Heavy Hauler (Mahindra Blazo X 49),2026-09-04T19:19:54.206321,30.50836,76.79963,66.9,35.07,32.3,25.67,Moderate,Clear,89.5,In Transit,Low,29.8
TRK-106,DRV-806,Harpreet Singh,Heavy Hauler (Mahindra Blazo X 49),2026-09-04T19:23:54.206321,30.62338,76.81478,86.8,28.81,30.1,12.83,Low,Clear,94.7,In Transit,Low,15.3
TRK-106,DRV-806,Harpreet Singh,Heavy Hauler (Mahindra Blazo X 49),2026-09-04T19:27:54.206321,30.7333,76.7794,59.8,41.17,23.7,0.0,High,Clear,100.0,In Transit,Moderate,0.5
TRK-106,DRV-806,Harpreet Singh,Heavy Hauler (Mahindra Blazo X 49),2026-09-05T08:11:54.206321,28.6139,77.209,72.2,34.66,100.6,243.86,Low,Fog,0.0,High Risk,High,275.2
TRK-106,DRV-806,Harpreet Singh,Heavy Hauler (Mahindra Blazo X 49),2026-09-05T08:15:54.206321,28.72535,77.17331,58.5,42.49,94.2,231.02,High,Fog,5.3,High Risk,High,486.4
TRK-106,DRV-806,Harpreet Singh,Heavy Hauler (Mahindra Blazo X 49),2026-09-05T08:19:54.206321,28.8368,77.13761,54.1,36.95,94.8,218.19,Moderate,Fog,10.5,High Risk,High,388.1
TRK-106,DRV-806,Harpreet Singh,Heavy Hauler (Mahindra Blazo X 49),2026-09-05T08:23:54.206321,28.93359,77.06962,36.1,48.48,86.8,205.35,Severe,Fog,15.8,Delayed,High,929.3
TRK-106,DRV-806,Harpreet Singh,Heavy Hauler (Mahindra Blazo X 49),2026-09-05T08:27:54.206321,29.03221,77.01003,69.5,38.74,82.6,192.52,Moderate,Fog,21.1,High Risk,High,272.9
TRK-106,DRV-806,Harpreet Singh,Heavy Hauler (Mahindra Blazo X 49),2026-09-05T08:31:54.206321,29.14726,76.9951,60.5,37.55,83.1,179.68,Moderate,Fog,26.3,High Risk,High,287.1
TRK-106,DRV-806,Harpreet Singh,Heavy Hauler (Mahindra Blazo X 49),2026-09-05T08:35:54.206321,29.26232,76.98018,60.8,37.72,78.5,166.85,Low,Fog,31.6,High Risk,High,230.0
TRK-106,DRV-806,Harpreet Singh,Heavy Hauler (Mahindra Blazo X 49),2026-09-05T08:39:54.206321,29.37737,76.96526,56.4,43.4,74.2,154.02,High,Fog,36.8,High Risk,High,328.5
TRK-106,DRV-806,Harpreet Singh,Heavy Hauler (Mahindra Blazo X 49),2026-09-05T08:43:54.206321,29.49274,76.97283,64.3,39.15,69.9,141.18,Moderate,Fog,42.1,High Risk,High,211.1
TRK-106,DRV-806,Harpreet Singh,Heavy Hauler (Mahindra Blazo X 49),2026-09-05T08:47:54.206321,29.60816,76.9834,71.6,35.43,64.4,128.35,Low,Fog,47.4,High Risk,High,148.9
TRK-106,DRV-806,Harpreet Singh,Heavy Hauler (Mahindra Blazo X 49),2026-09-05T08:51:54.206321,29.72203,76.97769,58.7,40.59,61.2,115.51,Moderate,Fog,52.6,High Risk,High,195.1
TRK-106,DRV-806,Harpreet Singh,Heavy Hauler (Mahindra Blazo X 49),2026-09-05T08:55:54.206321,29.83271,76.93867,78.0,33.89,56.7,102.68,Low,Fog,57.9,High Risk,High,107.2
TRK-106,DRV-806,Harpreet Singh,Heavy Hauler (Mahindra Blazo X 49),2026-09-05T08:59:54.206321,29.94339,76.89965,66.0,39.21,52.7,89.84,Moderate,Fog,63.2,High Risk,High,137.8
TRK-106,DRV-806,Harpreet Singh,Heavy Hauler (Mahindra Blazo X 49),2026-09-05T09:03:54.206321,30.05407,76.86062,65.6,36.16,46.3,77.01,Low,Fog,68.4,High Risk,High,95.5
TRK-106,DRV-806,Harpreet Singh,Heavy Hauler (Mahindra Blazo X 49),2026-09-05T09:07:54.206321,30.16475,76.8216,56.4,43.54,44.8,64.17,High,Fog,73.7,High Risk,High,138.5
TRK-106,DRV-806,Harpreet Singh,Heavy Hauler (Mahindra Blazo X 49),2026-09-05T09:11:54.206321,30.27886,76.79956,71.9,36.23,41.7,51.34,Low,Fog,78.9,In Transit,Moderate,54.5
TRK-106,DRV-806,Harpreet Singh,Heavy Hauler (Mahindra Blazo X 49),2026-09-05T09:15:54.206321,30.39333,76.78449,70.9,35.36,38.6,38.5,Low,Fog,84.2,In Transit,Moderate,44.2
TRK-106,DRV-806,Harpreet Singh,Heavy Hauler (Mahindra Blazo X 49),2026-09-05T09:19:54.206321,30.50836,76.79963,70.4,36.39,31.0,25.67,Low,Fog,89.5,In Transit,Low,25.3
TRK-106,DRV-806,Harpreet Singh,Heavy Hauler (Mahindra Blazo X 49),2026-09-05T09:23:54.206321,30.62338,76.81478,62.0,37.36,23.5,12.83,Moderate,Fog,94.7,In Transit,Moderate,22.7
TRK-106,DRV-806,Harpreet Singh,Heavy Hauler (Mahindra Blazo X 49),2026-09-05T09:27:54.206321,30.7333,76.7794,68.9,39.52,25.8,0.0,Moderate,Fog,100.0,Arrived,Low,0.5
TRK-106,DRV-806,Harpreet Singh,Heavy Hauler (Mahindra Blazo X 49),2026-09-05T22:11:54.206321,28.6139,77.209,79.8,31.21,99.4,243.86,Low,Clear,0.0,In Transit,Low,188.4
TRK-106,DRV-806,Harpreet Singh,Heavy Hauler (Mahindra Blazo X 49),2026-09-05T22:15:54.206321,28.72535,77.17331,33.9,48.61,96.0,231.02,Severe,Clear,5.3,Delayed,High,819.5
TRK-106,DRV-806,Harpreet Singh,Heavy Hauler (Mahindra Blazo X 49),2026-09-05T22:19:54.206321,28.8368,77.13761,59.6,40.44,91.3,218.19,High,Clear,10.5,High Risk,High,331.1
TRK-106,DRV-806,Harpreet Singh,Heavy Hauler (Mahindra Blazo X 49),2026-09-05T22:23:54.206321,28.93359,77.06962,41.6,49.28,89.1,205.35,Severe,Clear,15.8,High Risk,High,592.9
TRK-106,DRV-806,Harpreet Singh,Heavy Hauler (Mahindra Blazo X 49),2026-09-05T22:27:54.206321,29.03221,77.01003,36.6,47.82,83.5,192.52,Severe,Clear,21.1,Delayed,High,637.5
TRK-106,DRV-806,Harpreet Singh,Heavy Hauler (Mahindra Blazo X 49),2026-09-05T22:31:54.206321,29.14726,76.9951,82.5,30.92,80.8,179.68,Low,Clear,26.3,In Transit,Low,140.0
TRK-106,DRV-806,Harpreet Singh,Heavy Hauler (Mahindra Blazo X 49),2026-09-05T22:35:54.206321,29.26232,76.98018,48.4,48.22,76.0,166.85,Severe,Clear,31.6,High Risk,High,416.5
TRK-106,DRV-806,Harpreet Singh,Heavy Hauler (Mahindra Blazo X 49),2026-09-05T22:39:54.206321,29.37737,76.96526,61.0,40.93,71.1,154.02,High,Clear,36.8,High Risk,High,229.8
TRK-106,DRV-806,Harpreet Singh,Heavy Hauler (Mahindra Blazo X 49),2026-09-05T22:43:54.206321,29.49274,76.97283,72.4,37.18,65.7,141.18,Moderate,Clear,42.1,In Transit,Moderate,139.0
TRK-106,DRV-806,Harpreet Singh,Heavy Hauler (Mahindra Blazo X 49),2026-09-05T22:47:54.206321,29.60816,76.9834,66.6,41.46,66.7,128.35,High,Clear,47.4,High Risk,High,174.2
TRK-106,DRV-806,Harpreet Singh,Heavy Hauler (Mahindra Blazo X 49),2026-09-05T22:51:54.206321,29.72203,76.97769,49.2,38.8,63.6,115.51,High,Clear,52.6,High Risk,High,207.8
TRK-106,DRV-806,Harpreet Singh,Heavy Hauler (Mahindra Blazo X 49),2026-09-05T22:55:54.206321,29.83271,76.93867,91.6,29.61,55.9,102.68,Low,Clear,57.9,In Transit,Low,67.4
TRK-106,DRV-806,Harpreet Singh,Heavy Hauler (Mahindra Blazo X 49),2026-09-05T22:59:54.206321,29.94339,76.89965,81.4,34.57,53.9,89.84,Low,Clear,63.2,In Transit,Low,61.2
TRK-106,DRV-806,Harpreet Singh,Heavy Hauler (Mahindra Blazo X 49),2026-09-05T23:03:54.206321,30.05407,76.86062,89.7,31.66,51.8,77.01,Low,Clear,68.4,In Transit,Low,49.5
TRK-106,DRV-806,Harpreet Singh,Heavy Hauler (Mahindra Blazo X 49),2026-09-05T23:07:54.206321,30.16475,76.8216,50.6,39.37,48.0,64.17,High,Clear,73.7,High Risk,High,115.7
TRK-106,DRV-806,Harpreet Singh,Heavy Hauler (Mahindra Blazo X 49),2026-09-05T23:11:54.206321,30.27886,76.79956,68.8,37.62,40.4,51.34,Moderate,Clear,78.9,In Transit,Low,52.0
TRK-106,DRV-806,Harpreet Singh,Heavy Hauler (Mahindra Blazo X 49),2026-09-05T23:15:54.206321,30.39333,76.78449,88.5,32.81,33.7,38.5,Low,Clear,84.2,In Transit,Low,32.6
TRK-106,DRV-806,Harpreet Singh,Heavy Hauler (Mahindra Blazo X 49),2026-09-05T23:19:54.206321,30.50836,76.79963,56.8,42.47,33.2,25.67,High,Clear,89.5,In Transit,Moderate,45.3
TRK-106,DRV-806,Harpreet Singh,Heavy Hauler (Mahindra Blazo X 49),2026-09-05T23:23:54.206321,30.62338,76.81478,92.3,33.96,27.0,12.83,Low,Clear,94.7,In Transit,Low,14.2
TRK-106,DRV-806,Harpreet Singh,Heavy Hauler (Mahindra Blazo X 49),2026-09-05T23:27:54.206321,30.7333,76.7794,47.8,38.17,24.3,0.0,High,Clear,100.0,In Transit,Moderate,0.5
TRK-106,DRV-806,Harpreet Singh,Heavy Hauler (Mahindra Blazo X 49),2026-09-06T12:11:54.206321,28.6139,77.209,65.1,34.23,98.6,243.86,Moderate,Clear,0.0,High Risk,High,266.2
TRK-106,DRV-806,Harpreet Singh,Heavy Hauler (Mahindra Blazo X 49),2026-09-06T12:15:54.206321,28.72535,77.17331,91.5,34.99,95.5,231.02,Low,Clear,5.3,In Transit,Low,149.2
TRK-106,DRV-806,Harpreet Singh,Heavy Hauler (Mahindra Blazo X 49),2026-09-06T12:19:54.206321,28.8368,77.13761,54.0,45.47,90.4,218.19,Severe,Clear,10.5,High Risk,High,485.6
TRK-106,DRV-806,Harpreet Singh,Heavy Hauler (Mahindra Blazo X 49),2026-09-06T12:23:54.206321,28.93359,77.06962,71.4,35.5,88.8,205.35,Moderate,Clear,15.8,High Risk,High,205.7
TRK-106,DRV-806,Harpreet Singh,Heavy Hauler (Mahindra Blazo X 49),2026-09-06T12:27:54.206321,29.03221,77.01003,72.8,39.93,86.1,192.52,Moderate,Clear,21.1,High Risk,High,190.7
TRK-106,DRV-806,Harpreet Singh,Heavy Hauler (Mahindra Blazo X 49),2026-09-06T12:31:54.206321,29.14726,76.9951,36.1,47.95,82.2,179.68,Severe,Clear,26.3,Delayed,High,595.6
TRK-106,DRV-806,Harpreet Singh,Heavy Hauler (Mahindra Blazo X 49),2026-09-06T12:35:54.206321,29.26232,76.98018,81.7,32.14,78.4,166.85,Low,Clear,31.6,In Transit,Low,121.7
TRK-106,DRV-806,Harpreet Singh,Heavy Hauler (Mahindra Blazo X 49),2026-09-06T12:39:54.206321,29.37737,76.96526,70.4,35.51,71.6,154.02,Moderate,Clear,36.8,High Risk,High,159.4
TRK-106,DRV-806,Harpreet Singh,Heavy Hauler (Mahindra Blazo X 49),2026-09-06T12:43:54.206321,29.49274,76.97283,83.5,33.97,68.5,141.18,Low,Clear,42.1,In Transit,Low,105.3
TRK-106,DRV-806,Harpreet Singh,Heavy Hauler (Mahindra Blazo X 49),2026-09-06T12:47:54.206321,29.60816,76.9834,70.8,34.79,62.6,128.35,Moderate,Clear,47.4,In Transit,Moderate,132.2
TRK-106,DRV-806,Harpreet Singh,Heavy Hauler (Mahindra Blazo X 49),2026-09-06T12:51:54.206321,29.72203,76.97769,69.6,35.26,60.5,115.51,Moderate,Clear,52.6,In Transit,Moderate,119.5
TRK-106,DRV-806,Harpreet Singh,Heavy Hauler (Mahindra Blazo X 49),2026-09-06T12:55:54.206321,29.83271,76.93867,57.8,41.53,57.6,102.68,High,Clear,57.9,High Risk,High,163.3
TRK-106,DRV-806,Harpreet Singh,Heavy Hauler (Mahindra Blazo X 49),2026-09-06T12:59:54.206321,29.94339,76.89965,46.3,46.3,50.0,89.84,Severe,Clear,63.2,High Risk,High,229.1
TRK-106,DRV-806,Harpreet Singh,Heavy Hauler (Mahindra Blazo X 49),2026-09-06T13:03:54.206321,30.05407,76.86062,73.3,35.23,50.1,77.01,Moderate,Clear,68.4,In Transit,Moderate,73.7
TRK-106,DRV-806,Harpreet Singh,Heavy Hauler (Mahindra Blazo X 49),2026-09-06T13:07:54.206321,30.16475,76.8216,72.0,34.26,43.3,64.17,Moderate,Clear,73.7,In Transit,Low,58.5
TRK-106,DRV-806,Harpreet Singh,Heavy Hauler (Mahindra Blazo X 49),2026-09-06T13:11:54.206321,30.27886,76.79956,42.5,47.2,44.6,51.34,Severe,Clear,78.9,High Risk,High,144.7
TRK-106,DRV-806,Harpreet Singh,Heavy Hauler (Mahindra Blazo X 49),2026-09-06T13:15:54.206321,30.39333,76.78449,91.6,32.17,37.4,38.5,Low,Clear,84.2,In Transit,Low,26.2
TRK-106,DRV-806,Harpreet Singh,Heavy Hauler (Mahindra Blazo X 49),2026-09-06T13:19:54.206321,30.50836,76.79963,70.3,33.75,33.0,25.67,Moderate,Clear,89.5,In Transit,Low,21.3
TRK-106,DRV-806,Harpreet Singh,Heavy Hauler (Mahindra Blazo X 49),2026-09-06T13:23:54.206321,30.62338,76.81478,67.9,36.67,33.7,12.83,Moderate,Clear,94.7,In Transit,Low,12.2
TRK-106,DRV-806,Harpreet Singh,Heavy Hauler (Mahindra Blazo X 49),2026-09-06T13:27:54.206321,30.7333,76.7794,79.9,32.59,20.6,0.0,Low,Clear,100.0,Arrived,Low,6.5
TRK-106,DRV-806,Harpreet Singh,Heavy Hauler (Mahindra Blazo X 49),2026-09-07T02:11:54.206321,28.6139,77.209,52.8,41.14,97.0,243.86,High,Clear,0.0,High Risk,High,416.5
TRK-106,DRV-806,Harpreet Singh,Heavy Hauler (Mahindra Blazo X 49),2026-09-07T02:15:54.206321,28.72535,77.17331,96.1,29.31,96.1,231.02,Low,Clear,5.3,In Transit,Low,148.4
TRK-106,DRV-806,Harpreet Singh,Heavy Hauler (Mahindra Blazo X 49),2026-09-07T02:19:54.206321,28.8368,77.13761,89.2,31.96,93.9,218.19,Low,Clear,10.5,In Transit,Low,149.8
TRK-106,DRV-806,Harpreet Singh,Heavy Hauler (Mahindra Blazo X 49),2026-09-07T02:23:54.206321,28.93359,77.06962,96.6,30.08,87.8,205.35,Low,Clear,15.8,In Transit,Low,130.3
TRK-106,DRV-806,Harpreet Singh,Heavy Hauler (Mahindra Blazo X 49),2026-09-07T02:27:54.206321,29.03221,77.01003,58.1,41.84,86.9,192.52,High,Clear,21.1,High Risk,High,302.6
TRK-106,DRV-806,Harpreet Singh,Heavy Hauler (Mahindra Blazo X 49),2026-09-07T02:31:54.206321,29.14726,76.9951,33.9,46.08,78.1,179.68,Severe,Clear,26.3,Delayed,High,635.2
TRK-106,DRV-806,Harpreet Singh,Heavy Hauler (Mahindra Blazo X 49),2026-09-07T02:35:54.206321,29.26232,76.98018,81.3,35.51,78.2,166.85,Low,Clear,31.6,In Transit,Low,120.6
TRK-106,DRV-806,Harpreet Singh,Heavy Hauler (Mahindra Blazo X 49),2026-09-07T02:39:54.206321,29.37737,76.96526,82.2,34.2,70.9,154.02,Low,Clear,36.8,In Transit,Low,110.4
TRK-106,DRV-806,Harpreet Singh,Heavy Hauler (Mahindra Blazo X 49),2026-09-07T02:43:54.206321,29.49274,76.97283,96.1,35.83,69.9,141.18,Low,Clear,42.1,In Transit,Low,87.4
TRK-106,DRV-806,Harpreet Singh,Heavy Hauler (Mahindra Blazo X 49),2026-09-07T02:47:54.206321,29.60816,76.9834,69.1,36.32,61.8,128.35,Moderate,Clear,47.4,In Transit,Moderate,135.1
TRK-106,DRV-806,Harpreet Singh,Heavy Hauler (Mahindra Blazo X 49),2026-09-07T02:51:54.206321,29.72203,76.97769,82.9,34.3,58.3,115.51,Low,Clear,52.6,In Transit,Low,79.1
TRK-106,DRV-806,Harpreet Singh,Heavy Hauler (Mahindra Blazo X 49),2026-09-07T02:55:54.206321,29.83271,76.93867,77.8,33.03,57.7,102.68,Moderate,Clear,57.9,In Transit,Moderate,97.2
TRK-106,DRV-806,Harpreet Singh,Heavy Hauler (Mahindra Blazo X 49),2026-09-07T02:59:54.206321,29.94339,76.89965,48.0,43.22,51.0,89.84,High,Clear,63.2,High Risk,High,171.3
TRK-106,DRV-806,Harpreet Singh,Heavy Hauler (Mahindra Blazo X 49),2026-09-07T03:03:54.206321,30.05407,76.86062,74.8,35.38,55.2,77.01,Moderate,Clear,68.4,In Transit,Moderate,77.3
TRK-106,DRV-806,Harpreet Singh,Heavy Hauler (Mahindra Blazo X 49),2026-09-07T03:07:54.206321,30.16475,76.8216,69.2,35.21,44.6,64.17,Moderate,Clear,73.7,In Transit,Moderate,70.8
TRK-106,DRV-806,Harpreet Singh,Heavy Hauler (Mahindra Blazo X 49),2026-09-07T03:11:54.206321,30.27886,76.79956,42.3,40.61,42.2,51.34,High,Clear,78.9,High Risk,High,105.6
TRK-106,DRV-806,Harpreet Singh,Heavy Hauler (Mahindra Blazo X 49),2026-09-07T03:15:54.206321,30.39333,76.78449,71.6,36.86,37.6,38.5,Moderate,Clear,84.2,In Transit,Moderate,44.9
TRK-106,DRV-806,Harpreet Singh,Heavy Hauler (Mahindra Blazo X 49),2026-09-07T03:19:54.206321,30.50836,76.79963,32.4,50.12,31.8,25.67,Severe,Clear,89.5,Delayed,High,95.2
TRK-106,DRV-806,Harpreet Singh,Heavy Hauler (Mahindra Blazo X 49),2026-09-07T03:23:54.206321,30.62338,76.81478,88.8,33.15,30.4,12.83,Low,Clear,94.7,In Transit,Low,6.9
TRK-106,DRV-806,Harpreet Singh,Heavy Hauler (Mahindra Blazo X 49),2026-09-07T03:27:54.206321,30.7333,76.7794,85.2,34.97,24.4,0.0,Low,Clear,100.0,Arrived,Low,0.5
TRK-106,DRV-806,Harpreet Singh,Heavy Hauler (Mahindra Blazo X 49),2026-09-07T16:11:54.206321,28.6139,77.209,63.3,42.69,101.3,243.86,High,Clear,0.0,High Risk,High,340.9
TRK-106,DRV-806,Harpreet Singh,Heavy Hauler (Mahindra Blazo X 49),2026-09-07T16:15:54.206321,28.72535,77.17331,69.2,33.86,95.4,231.02,Moderate,Clear,5.3,High Risk,High,238.5
TRK-106,DRV-806,Harpreet Singh,Heavy Hauler (Mahindra Blazo X 49),2026-09-07T16:19:54.206321,28.8368,77.13761,49.6,38.84,92.5,218.19,High,Clear,10.5,High Risk,High,398.3
TRK-106,DRV-806,Harpreet Singh,Heavy Hauler (Mahindra Blazo X 49),2026-09-07T16:23:54.206321,28.93359,77.06962,77.2,33.72,88.1,205.35,Low,Clear,15.8,In Transit,Low,155.1
TRK-106,DRV-806,Harpreet Singh,Heavy Hauler (Mahindra Blazo X 49),2026-09-07T16:27:54.206321,29.03221,77.01003,51.1,39.71,82.7,192.52,High,Clear,21.1,High Risk,High,334.7
TRK-106,DRV-806,Harpreet Singh,Heavy Hauler (Mahindra Blazo X 49),2026-09-07T16:31:54.206321,29.14726,76.9951,85.5,28.16,82.3,179.68,Low,Clear,26.3,In Transit,Low,124.6
TRK-106,DRV-806,Harpreet Singh,Heavy Hauler (Mahindra Blazo X 49),2026-09-07T16:35:54.206321,29.26232,76.98018,82.5,32.62,75.2,166.85,Low,Clear,31.6,In Transit,Low,111.6
TRK-106,DRV-806,Harpreet Singh,Heavy Hauler (Mahindra Blazo X 49),2026-09-07T16:39:54.206321,29.37737,76.96526,63.1,37.52,71.8,154.02,High,Clear,36.8,High Risk,High,222.2
TRK-106,DRV-806,Harpreet Singh,Heavy Hauler (Mahindra Blazo X 49),2026-09-07T16:43:54.206321,29.49274,76.97283,44.8,45.89,68.1,141.18,Severe,Clear,42.1,High Risk,High,377.5
TRK-106,DRV-806,Harpreet Singh,Heavy Hauler (Mahindra Blazo X 49),2026-09-07T16:47:54.206321,29.60816,76.9834,51.1,47.74,65.5,128.35,Severe,Clear,47.4,High Risk,High,298.6
TRK-106,DRV-806,Harpreet Singh,Heavy Hauler (Mahindra Blazo X 49),2026-09-07T16:51:54.206321,29.72203,76.97769,82.8,33.53,59.8,115.51,Low,Clear,52.6,In Transit,Low,81.7
TRK-106,DRV-806,Harpreet Singh,Heavy Hauler (Mahindra Blazo X 49),2026-09-07T16:55:54.206321,29.83271,76.93867,63.4,33.67,56.3,102.68,Moderate,Clear,57.9,In Transit,Moderate,116.3
TRK-106,DRV-806,Harpreet Singh,Heavy Hauler (Mahindra Blazo X 49),2026-09-07T16:59:54.206321,29.94339,76.89965,62.3,37.77,50.8,89.84,High,Clear,63.2,High Risk,High,129.7
TRK-106,DRV-806,Harpreet Singh,Heavy Hauler (Mahindra Blazo X 49),2026-09-07T17:03:54.206321,30.05407,76.86062,81.7,34.86,49.4,77.01,Moderate,Clear,68.4,In Transit,Low,62.2
TRK-106,DRV-806,Harpreet Singh,Heavy Hauler (Mahindra Blazo X 49),2026-09-07T17:07:54.206321,30.16475,76.8216,44.9,50.01,45.3,64.17,Severe,Clear,73.7,High Risk,High,171.1
TRK-106,DRV-806,Harpreet Singh,Heavy Hauler (Mahindra Blazo X 49),2026-09-07T17:11:54.206321,30.27886,76.79956,72.4,32.3,40.5,51.34,Moderate,Clear,78.9,In Transit,Low,45.9
TRK-106,DRV-806,Harpreet Singh,Heavy Hauler (Mahindra Blazo X 49),2026-09-07T17:15:54.206321,30.39333,76.78449,89.7,34.2,36.0,38.5,Low,Clear,84.2,In Transit,Low,25.1
TRK-106,DRV-806,Harpreet Singh,Heavy Hauler (Mahindra Blazo X 49),2026-09-07T17:19:54.206321,30.50836,76.79963,77.6,35.74,30.1,25.67,Moderate,Clear,89.5,In Transit,Low,24.6
TRK-106,DRV-806,Harpreet Singh,Heavy Hauler (Mahindra Blazo X 49),2026-09-07T17:23:54.206321,30.62338,76.81478,65.0,35.71,26.8,12.83,Moderate,Clear,94.7,In Transit,Low,16.8
TRK-106,DRV-806,Harpreet Singh,Heavy Hauler (Mahindra Blazo X 49),2026-09-07T17:27:54.206321,30.7333,76.7794,84.5,33.43,27.2,0.0,Low,Clear,100.0,Arrived,Low,0.5
TRK-106,DRV-806,Harpreet Singh,Heavy Hauler (Mahindra Blazo X 49),2026-09-08T06:11:54.206321,28.6139,77.209,84.9,33.15,103.2,243.86,Low,Clear,0.0,In Transit,Low,169.0
TRK-106,DRV-806,Harpreet Singh,Heavy Hauler (Mahindra Blazo X 49),2026-09-08T06:15:54.206321,28.72535,77.17331,85.4,36.11,100.0,231.02,Low,Clear,5.3,In Transit,Low,166.9
TRK-106,DRV-806,Harpreet Singh,Heavy Hauler (Mahindra Blazo X 49),2026-09-08T06:19:54.206321,28.8368,77.13761,68.5,35.4,92.6,218.19,Moderate,Clear,10.5,High Risk,High,233.9
TRK-106,DRV-806,Harpreet Singh,Heavy Hauler (Mahindra Blazo X 49),2026-09-08T06:23:54.206321,28.93359,77.06962,87.7,31.77,89.3,205.35,Low,Clear,15.8,In Transit,Low,138.7
TRK-106,DRV-806,Harpreet Singh,Heavy Hauler (Mahindra Blazo X 49),2026-09-08T06:27:54.206321,29.03221,77.01003,71.0,33.35,86.0,192.52,Moderate,Clear,21.1,High Risk,High,198.9
TRK-106,DRV-806,Harpreet Singh,Heavy Hauler (Mahindra Blazo X 49),2026-09-08T06:31:54.206321,29.14726,76.9951,93.1,31.26,79.3,179.68,Low,Clear,26.3,In Transit,Low,123.5
TRK-106,DRV-806,Harpreet Singh,Heavy Hauler (Mahindra Blazo X 49),2026-09-08T06:35:54.206321,29.26232,76.98018,46.9,46.32,74.2,166.85,Severe,Clear,31.6,High Risk,High,433.2
TRK-106,DRV-806,Harpreet Singh,Heavy Hauler (Mahindra Blazo X 49),2026-09-08T06:39:54.206321,29.37737,76.96526,81.5,34.37,71.3,154.02,Low,Clear,36.8,In Transit,Low,117.6
TRK-106,DRV-806,Harpreet Singh,Heavy Hauler (Mahindra Blazo X 49),2026-09-08T06:43:54.206321,29.49274,76.97283,57.5,40.79,68.2,141.18,High,Clear,42.1,High Risk,High,221.3
TRK-106,DRV-806,Harpreet Singh,Heavy Hauler (Mahindra Blazo X 49),2026-09-08T06:47:54.206321,29.60816,76.9834,96.9,32.62,66.2,128.35,Low,Clear,47.4,In Transit,Low,87.3
TRK-106,DRV-806,Harpreet Singh,Heavy Hauler (Mahindra Blazo X 49),2026-09-08T06:51:54.206321,29.72203,76.97769,68.4,35.56,60.5,115.51,Moderate,Clear,52.6,In Transit,Moderate,121.8
TRK-106,DRV-806,Harpreet Singh,Heavy Hauler (Mahindra Blazo X 49),2026-09-08T06:55:54.206321,29.83271,76.93867,85.3,30.31,53.7,102.68,Low,Clear,57.9,In Transit,Low,73.9
TRK-106,DRV-806,Harpreet Singh,Heavy Hauler (Mahindra Blazo X 49),2026-09-08T06:59:54.206321,29.94339,76.89965,78.9,31.59,55.0,89.84,Low,Clear,63.2,In Transit,Low,69.9
TRK-106,DRV-806,Harpreet Singh,Heavy Hauler (Mahindra Blazo X 49),2026-09-08T07:03:54.206321,30.05407,76.86062,69.9,33.57,50.4,77.01,Moderate,Clear,68.4,In Transit,Moderate,77.8
TRK-106,DRV-806,Harpreet Singh,Heavy Hauler (Mahindra Blazo X 49),2026-09-08T07:07:54.206321,30.16475,76.8216,62.9,37.32,44.6,64.17,Moderate,Clear,73.7,In Transit,Moderate,75.0
TRK-106,DRV-806,Harpreet Singh,Heavy Hauler (Mahindra Blazo X 49),2026-09-08T07:11:54.206321,30.27886,76.79956,60.8,40.33,41.6,51.34,High,Clear,78.9,In Transit,Moderate,75.4
TRK-106,DRV-806,Harpreet Singh,Heavy Hauler (Mahindra Blazo X 49),2026-09-08T07:15:54.206321,30.39333,76.78449,72.7,39.21,36.6,38.5,Moderate,Clear,84.2,In Transit,Low,39.8
TRK-106,DRV-806,Harpreet Singh,Heavy Hauler (Mahindra Blazo X 49),2026-09-08T07:19:54.206321,30.50836,76.79963,58.3,41.61,30.0,25.67,High,Clear,89.5,In Transit,Moderate,36.8
TRK-106,DRV-806,Harpreet Singh,Heavy Hauler (Mahindra Blazo X 49),2026-09-08T07:23:54.206321,30.62338,76.81478,82.1,33.37,28.3,12.83,Low,Clear,94.7,In Transit,Low,17.1
TRK-106,DRV-806,Harpreet Singh,Heavy Hauler (Mahindra Blazo X 49),2026-09-08T07:27:54.206321,30.7333,76.7794,50.9,38.33,29.1,0.0,High,Clear,100.0,In Transit,Moderate,3.6
TRK-106,DRV-806,Harpreet Singh,Heavy Hauler (Mahindra Blazo X 49),2026-09-08T20:11:54.206321,28.6139,77.209,90.3,35.26,97.6,243.86,Low,Clear,0.0,In Transit,Low,168.8
TRK-106,DRV-806,Harpreet Singh,Heavy Hauler (Mahindra Blazo X 49),2026-09-08T20:15:54.206321,28.72535,77.17331,79.6,33.89,94.7,231.02,Moderate,Clear,5.3,High Risk,High,213.9
TRK-106,DRV-806,Harpreet Singh,Heavy Hauler (Mahindra Blazo X 49),2026-09-08T20:19:54.206321,28.8368,77.13761,87.3,33.86,92.4,218.19,Low,Clear,10.5,In Transit,Low,151.2
TRK-106,DRV-806,Harpreet Singh,Heavy Hauler (Mahindra Blazo X 49),2026-09-08T20:23:54.206321,28.93359,77.06962,43.9,38.8,89.9,205.35,High,Clear,15.8,High Risk,High,425.4
TRK-106,DRV-806,Harpreet Singh,Heavy Hauler (Mahindra Blazo X 49),2026-09-08T20:27:54.206321,29.03221,77.01003,65.6,38.71,80.6,192.52,High,Clear,21.1,High Risk,High,268.6
TRK-106,DRV-806,Harpreet Singh,Heavy Hauler (Mahindra Blazo X 49),2026-09-08T20:31:54.206321,29.14726,76.9951,78.5,34.04,81.8,179.68,Low,Clear,26.3,In Transit,Low,139.2
TRK-106,DRV-806,Harpreet Singh,Heavy Hauler (Mahindra Blazo X 49),2026-09-08T20:35:54.206321,29.26232,76.98018,61.3,40.86,75.3,166.85,Moderate,Clear,31.6,High Risk,High,200.5
TRK-106,DRV-806,Harpreet Singh,Heavy Hauler (Mahindra Blazo X 49),2026-09-08T20:39:54.206321,29.37737,76.96526,68.1,36.71,71.2,154.02,Moderate,Clear,36.8,High Risk,High,162.8
TRK-106,DRV-806,Harpreet Singh,Heavy Hauler (Mahindra Blazo X 49),2026-09-08T20:43:54.206321,29.49274,76.97283,68.4,35.87,69.5,141.18,Moderate,Clear,42.1,In Transit,Moderate,141.0
TRK-106,DRV-806,Harpreet Singh,Heavy Hauler (Mahindra Blazo X 49),2026-09-08T20:47:54.206321,29.60816,76.9834,65.4,37.43,63.5,128.35,Moderate,Clear,47.4,In Transit,Moderate,140.6
TRK-106,DRV-806,Harpreet Singh,Heavy Hauler (Mahindra Blazo X 49),2026-09-08T20:51:54.206321,29.72203,76.97769,67.8,34.7,63.5,115.51,Moderate,Clear,52.6,In Transit,Moderate,116.5
TRK-106,DRV-806,Harpreet Singh,Heavy Hauler (Mahindra Blazo X 49),2026-09-08T20:55:54.206321,29.83271,76.93867,71.8,35.03,57.8,102.68,Moderate,Clear,57.9,In Transit,Moderate,99.2
TRK-106,DRV-806,Harpreet Singh,Heavy Hauler (Mahindra Blazo X 49),2026-09-08T20:59:54.206321,29.94339,76.89965,63.9,43.63,55.2,89.84,High,Clear,63.2,High Risk,High,121.5
TRK-106,DRV-806,Harpreet Singh,Heavy Hauler (Mahindra Blazo X 49),2026-09-08T21:03:54.206321,30.05407,76.86062,81.1,34.59,48.1,77.01,Low,Clear,68.4,In Transit,Low,55.7
TRK-106,DRV-806,Harpreet Singh,Heavy Hauler (Mahindra Blazo X 49),2026-09-08T21:07:54.206321,30.16475,76.8216,66.8,36.01,42.9,64.17,Moderate,Clear,73.7,In Transit,Moderate,72.7
TRK-106,DRV-806,Harpreet Singh,Heavy Hauler (Mahindra Blazo X 49),2026-09-08T21:11:54.206321,30.27886,76.79956,75.3,35.94,40.1,51.34,Moderate,Clear,78.9,In Transit,Low,45.5
TRK-106,DRV-806,Harpreet Singh,Heavy Hauler (Mahindra Blazo X 49),2026-09-08T21:15:54.206321,30.39333,76.78449,56.5,38.36,38.6,38.5,High,Clear,84.2,In Transit,Moderate,61.2
TRK-106,DRV-806,Harpreet Singh,Heavy Hauler (Mahindra Blazo X 49),2026-09-08T21:19:54.206321,30.50836,76.79963,63.1,37.88,32.7,25.67,Moderate,Clear,89.5,In Transit,Low,33.3
TRK-106,DRV-806,Harpreet Singh,Heavy Hauler (Mahindra Blazo X 49),2026-09-08T21:23:54.206321,30.62338,76.81478,72.2,35.77,29.3,12.83,Moderate,Clear,94.7,In Transit,Low,8.1
TRK-106,DRV-806,Harpreet Singh,Heavy Hauler (Mahindra Blazo X 49),2026-09-08T21:27:54.206321,30.7333,76.7794,63.4,36.62,23.8,0.0,Moderate,Clear,100.0,Arrived,Low,9.0
TRK-106,DRV-806,Harpreet Singh,Heavy Hauler (Mahindra Blazo X 49),2026-09-09T10:11:54.206321,28.6139,77.209,85.9,33.57,98.9,243.86,Low,Rain,0.0,High Risk,High,220.8
TRK-106,DRV-806,Harpreet Singh,Heavy Hauler (Mahindra Blazo X 49),2026-09-09T10:15:54.206321,28.72535,77.17331,67.9,36.38,95.9,231.02,Moderate,Rain,5.3,High Risk,High,307.7
TRK-106,DRV-806,Harpreet Singh,Heavy Hauler (Mahindra Blazo X 49),2026-09-09T10:19:54.206321,28.8368,77.13761,79.1,32.9,89.5,218.19,Low,Rain,10.5,High Risk,High,208.3
TRK-106,DRV-806,Harpreet Singh,Heavy Hauler (Mahindra Blazo X 49),2026-09-09T10:23:54.206321,28.93359,77.06962,48.4,46.56,90.0,205.35,High,Rain,15.8,High Risk,High,485.8
TRK-106,DRV-806,Harpreet Singh,Heavy Hauler (Mahindra Blazo X 49),2026-09-09T10:27:54.206321,29.03221,77.01003,52.5,42.52,89.2,192.52,High,Rain,21.1,High Risk,High,417.8
TRK-106,DRV-806,Harpreet Singh,Heavy Hauler (Mahindra Blazo X 49),2026-09-09T10:31:54.206321,29.14726,76.9951,75.8,31.28,81.2,179.68,Low,Rain,26.3,High Risk,High,179.1
TRK-106,DRV-806,Harpreet Singh,Heavy Hauler (Mahindra Blazo X 49),2026-09-09T10:35:54.206321,29.26232,76.98018,62.9,36.94,75.7,166.85,Moderate,Rain,31.6,High Risk,High,242.2
TRK-106,DRV-806,Harpreet Singh,Heavy Hauler (Mahindra Blazo X 49),2026-09-09T10:39:54.206321,29.37737,76.96526,66.1,38.49,72.8,154.02,Moderate,Rain,36.8,High Risk,High,212.7
TRK-106,DRV-806,Harpreet Singh,Heavy Hauler (Mahindra Blazo X 49),2026-09-09T10:43:54.206321,29.49274,76.97283,53.5,41.99,67.6,141.18,High,Rain,42.1,High Risk,High,298.8
TRK-106,DRV-806,Harpreet Singh,Heavy Hauler (Mahindra Blazo X 49),2026-09-09T10:47:54.206321,29.60816,76.9834,76.1,34.05,66.0,128.35,Low,Rain,47.4,In Transit,Moderate,125.4
TRK-106,DRV-806,Harpreet Singh,Heavy Hauler (Mahindra Blazo X 49),2026-09-09T10:51:54.206321,29.72203,76.97769,63.0,38.21,62.0,115.51,Moderate,Rain,52.6,High Risk,High,167.3
TRK-106,DRV-806,Harpreet Singh,Heavy Hauler (Mahindra Blazo X 49),2026-09-09T10:55:54.206321,29.83271,76.93867,37.1,47.24,58.9,102.68,Severe,Rain,57.9,Delayed,High,416.7
TRK-106,DRV-806,Harpreet Singh,Heavy Hauler (Mahindra Blazo X 49),2026-09-09T10:59:54.206321,29.94339,76.89965,70.3,34.21,55.9,89.84,Low,Rain,63.2,In Transit,Moderate,96.4
TRK-106,DRV-806,Harpreet Singh,Heavy Hauler (Mahindra Blazo X 49),2026-09-09T11:03:54.206321,30.05407,76.86062,69.5,38.68,45.9,77.01,Moderate,Rain,68.4,High Risk,High,95.3
TRK-106,DRV-806,Harpreet Singh,Heavy Hauler (Mahindra Blazo X 49),2026-09-09T11:07:54.206321,30.16475,76.8216,76.0,33.53,47.9,64.17,Low,Rain,73.7,In Transit,Moderate,63.3
TRK-106,DRV-806,Harpreet Singh,Heavy Hauler (Mahindra Blazo X 49),2026-09-09T11:11:54.206321,30.27886,76.79956,79.1,33.24,42.7,51.34,Low,Rain,78.9,In Transit,Low,48.6
TRK-106,DRV-806,Harpreet Singh,Heavy Hauler (Mahindra Blazo X 49),2026-09-09T11:15:54.206321,30.39333,76.78449,63.0,38.69,37.5,38.5,Moderate,Rain,84.2,In Transit,Moderate,55.4
TRK-106,DRV-806,Harpreet Singh,Heavy Hauler (Mahindra Blazo X 49),2026-09-09T11:19:54.206321,30.50836,76.79963,32.6,51.13,35.9,25.67,Severe,Rain,89.5,Delayed,High,117.1
TRK-106,DRV-806,Harpreet Singh,Heavy Hauler (Mahindra Blazo X 49),2026-09-09T11:23:54.206321,30.62338,76.81478,67.0,36.01,30.1,12.83,Moderate,Rain,94.7,In Transit,Low,19.3
TRK-106,DRV-806,Harpreet Singh,Heavy Hauler (Mahindra Blazo X 49),2026-09-09T11:27:54.206321,30.7333,76.7794,66.0,36.68,24.9,0.0,Moderate,Rain,100.0,Arrived,Low,0.5
TRK-106,DRV-806,Harpreet Singh,Heavy Hauler (Mahindra Blazo X 49),2026-09-10T00:11:54.206321,28.6139,77.209,78.6,38.5,99.3,243.86,Low,Rain,0.0,High Risk,High,228.8
TRK-106,DRV-806,Harpreet Singh,Heavy Hauler (Mahindra Blazo X 49),2026-09-10T00:15:54.206321,28.72535,77.17331,75.0,34.05,96.9,231.02,Low,Rain,5.3,High Risk,High,232.6
TRK-106,DRV-806,Harpreet Singh,Heavy Hauler (Mahindra Blazo X 49),2026-09-10T00:19:54.206321,28.8368,77.13761,57.0,34.56,87.5,218.19,Moderate,Rain,10.5,High Risk,High,337.4
TRK-106,DRV-806,Harpreet Singh,Heavy Hauler (Mahindra Blazo X 49),2026-09-10T00:23:54.206321,28.93359,77.06962,44.0,53.44,85.5,205.35,Severe,Rain,15.8,High Risk,High,700.8
TRK-106,DRV-806,Harpreet Singh,Heavy Hauler (Mahindra Blazo X 49),2026-09-10T00:27:54.206321,29.03221,77.01003,50.9,44.55,83.9,192.52,High,Rain,21.1,High Risk,High,424.6
TRK-106,DRV-806,Harpreet Singh,Heavy Hauler (Mahindra Blazo X 49),2026-09-10T00:31:54.206321,29.14726,76.9951,47.9,38.18,76.8,179.68,Moderate,Rain,26.3,High Risk,High,339.7
TRK-106,DRV-806,Harpreet Singh,Heavy Hauler (Mahindra Blazo X 49),2026-09-10T00:35:54.206321,29.26232,76.98018,62.7,37.81,77.9,166.85,Moderate,Rain,31.6,High Risk,High,240.5
TRK-106,DRV-806,Harpreet Singh,Heavy Hauler (Mahindra Blazo X 49),2026-09-10T00:39:54.206321,29.37737,76.96526,57.8,38.26,69.7,154.02,Moderate,Rain,36.8,High Risk,High,240.8
TRK-106,DRV-806,Harpreet Singh,Heavy Hauler (Mahindra Blazo X 49),2026-09-10T00:43:54.206321,29.49274,76.97283,65.9,37.78,68.5,141.18,Low,Rain,42.1,High Risk,High,162.4
TRK-106,DRV-806,Harpreet Singh,Heavy Hauler (Mahindra Blazo X 49),2026-09-10T00:47:54.206321,29.60816,76.9834,81.2,36.63,63.4,128.35,Low,Rain,47.4,High Risk,High,120.4
TRK-106,DRV-806,Harpreet Singh,Heavy Hauler (Mahindra Blazo X 49),2026-09-10T00:51:54.206321,29.72203,76.97769,80.4,38.59,63.8,115.51,Moderate,Rain,52.6,High Risk,High,127.2
TRK-106,DRV-806,Harpreet Singh,Heavy Hauler (Mahindra Blazo X 49),2026-09-10T00:55:54.206321,29.83271,76.93867,79.6,33.15,58.2,102.68,Low,Rain,57.9,In Transit,Moderate,90.9
TRK-106,DRV-806,Harpreet Singh,Heavy Hauler (Mahindra Blazo X 49),2026-09-10T00:59:54.206321,29.94339,76.89965,82.3,35.81,51.0,89.84,Low,Rain,63.2,In Transit,Moderate,79.1
TRK-106,DRV-806,Harpreet Singh,Heavy Hauler (Mahindra Blazo X 49),2026-09-10T01:03:54.206321,30.05407,76.86062,70.8,32.52,52.0,77.01,Low,Rain,68.4,In Transit,Moderate,80.8
TRK-106,DRV-806,Harpreet Singh,Heavy Hauler (Mahindra Blazo X 49),2026-09-10T01:07:54.206321,30.16475,76.8216,76.4,35.84,46.3,64.17,Low,Rain,73.7,In Transit,Moderate,67.2
TRK-106,DRV-806,Harpreet Singh,Heavy Hauler (Mahindra Blazo X 49),2026-09-10T01:11:54.206321,30.27886,76.79956,61.2,37.57,40.0,51.34,Moderate,Rain,78.9,High Risk,High,78.9
TRK-106,DRV-806,Harpreet Singh,Heavy Hauler (Mahindra Blazo X 49),2026-09-10T01:15:54.206321,30.39333,76.78449,71.4,32.17,37.7,38.5,Low,Rain,84.2,In Transit,Moderate,45.1
TRK-106,DRV-806,Harpreet Singh,Heavy Hauler (Mahindra Blazo X 49),2026-09-10T01:19:54.206321,30.50836,76.79963,80.2,35.99,32.1,25.67,Low,Rain,89.5,In Transit,Low,25.2
TRK-106,DRV-806,Harpreet Singh,Heavy Hauler (Mahindra Blazo X 49),2026-09-10T01:23:54.206321,30.62338,76.81478,60.7,37.35,26.9,12.83,Moderate,Rain,94.7,In Transit,Low,21.4
TRK-106,DRV-806,Harpreet Singh,Heavy Hauler (Mahindra Blazo X 49),2026-09-10T01:27:54.206321,30.7333,76.7794,60.1,41.63,22.2,0.0,Moderate,Rain,100.0,Arrived,Low,0.5
TRK-107,DRV-807,Jignesh Patel,Chemical & Petro Carrier (BharatBenz 2823R),2026-08-30T10:11:54.206321,23.0225,72.5714,59.7,30.13,100.2,467.33,Moderate,Clear,0.0,High Risk,High,565.8
TRK-107,DRV-807,Jignesh Patel,Chemical & Petro Carrier (BharatBenz 2823R),2026-08-30T10:15:54.206321,22.85057,72.72312,57.7,31.88,99.7,442.73,High,Clear,5.3,High Risk,High,689.7
TRK-107,DRV-807,Jignesh Patel,Chemical & Petro Carrier (BharatBenz 2823R),2026-08-30T10:19:54.206321,22.6765,72.87118,93.2,24.08,94.8,418.13,Low,Clear,10.5,In Transit,Low,267.6
TRK-107,DRV-807,Jignesh Patel,Chemical & Petro Carrier (BharatBenz 2823R),2026-08-30T10:23:54.206321,22.49211,72.99989,61.3,35.68,86.5,393.54,High,Clear,15.8,High Risk,High,583.2
TRK-107,DRV-807,Jignesh Patel,Chemical & Petro Carrier (BharatBenz 2823R),2026-08-30T10:27:54.206321,22.32796,73.16085,56.2,35.31,86.4,368.94,High,Clear,21.1,High Risk,High,593.8
TRK-107,DRV-807,Jignesh Patel,Chemical & Petro Carrier (BharatBenz 2823R),2026-08-30T10:31:54.206321,22.12069,73.1238,82.3,27.89,77.9,344.35,Low,Clear,26.3,In Transit,Low,250.4
TRK-107,DRV-807,Jignesh Patel,Chemical & Petro Carrier (BharatBenz 2823R),2026-08-30T10:35:54.206321,21.90718,73.05809,65.1,32.53,72.5,319.75,Moderate,Clear,31.6,High Risk,High,356.1
TRK-107,DRV-807,Jignesh Patel,Chemical & Petro Carrier (BharatBenz 2823R),2026-08-30T10:39:54.206321,21.69326,72.99704,45.0,33.86,70.1,295.15,High,Clear,36.8,High Risk,High,585.4
TRK-107,DRV-807,Jignesh Patel,Chemical & Petro Carrier (BharatBenz 2823R),2026-08-30T10:43:54.206321,21.48028,72.94825,69.7,32.24,71.5,270.56,Moderate,Clear,42.1,High Risk,High,280.0
TRK-107,DRV-807,Jignesh Patel,Chemical & Petro Carrier (BharatBenz 2823R),2026-08-30T10:47:54.206321,21.27086,72.86913,90.2,30.53,61.7,245.96,Low,Clear,47.4,In Transit,Low,166.4
TRK-107,DRV-807,Jignesh Patel,Chemical & Petro Carrier (BharatBenz 2823R),2026-08-30T10:51:54.206321,21.06389,72.87885,83.9,30.01,57.5,221.37,Low,Clear,52.6,In Transit,Low,160.9
TRK-107,DRV-807,Jignesh Patel,Chemical & Petro Carrier (BharatBenz 2823R),2026-08-30T10:55:54.206321,20.85145,72.93118,71.0,31.97,62.0,196.77,Moderate,Clear,57.9,High Risk,High,204.1
TRK-107,DRV-807,Jignesh Patel,Chemical & Petro Carrier (BharatBenz 2823R),2026-08-30T10:59:54.206321,20.6293,72.93384,61.0,30.21,51.8,172.17,Moderate,Clear,63.2,High Risk,High,203.0
TRK-107,DRV-807,Jignesh Patel,Chemical & Petro Carrier (BharatBenz 2823R),2026-08-30T11:03:54.206321,20.40821,72.91273,83.7,26.07,49.0,147.58,Low,Clear,68.4,In Transit,Low,100.5
TRK-107,DRV-807,Jignesh Patel,Chemical & Petro Carrier (BharatBenz 2823R),2026-08-30T11:07:54.206321,20.18614,72.91104,57.6,33.33,45.7,122.98,Moderate,Clear,73.7,In Transit,Moderate,152.9
TRK-107,DRV-807,Jignesh Patel,Chemical & Petro Carrier (BharatBenz 2823R),2026-08-30T11:11:54.206321,19.96396,72.91152,83.5,30.83,41.8,98.38,Low,Clear,78.9,In Transit,Low,77.1
TRK-107,DRV-807,Jignesh Patel,Chemical & Petro Carrier (BharatBenz 2823R),2026-08-30T11:15:54.206321,19.74178,72.91199,48.3,37.27,35.6,73.79,High,Clear,84.2,High Risk,High,141.8
TRK-107,DRV-807,Jignesh Patel,Chemical & Petro Carrier (BharatBenz 2823R),2026-08-30T11:19:54.206321,19.51986,72.90056,84.1,27.74,28.0,49.19,Low,Clear,89.5,In Transit,Low,31.7
TRK-107,DRV-807,Jignesh Patel,Chemical & Petro Carrier (BharatBenz 2823R),2026-08-30T11:23:54.206321,19.29793,72.88913,67.8,32.35,28.4,24.6,Moderate,Clear,94.7,In Transit,Low,23.1
TRK-107,DRV-807,Jignesh Patel,Chemical & Petro Carrier (BharatBenz 2823R),2026-08-30T11:27:54.206321,19.076,72.8777,66.3,31.97,22.2,0.0,Moderate,Clear,100.0,Arrived,Low,1.2
TRK-107,DRV-807,Jignesh Patel,Chemical & Petro Carrier (BharatBenz 2823R),2026-08-31T00:11:54.206321,23.0225,72.5714,58.7,35.63,101.6,467.33,Moderate,Heatwave,0.0,High Risk,High,803.2
TRK-107,DRV-807,Jignesh Patel,Chemical & Petro Carrier (BharatBenz 2823R),2026-08-31T00:15:54.206321,22.85057,72.72312,62.2,31.34,93.9,442.73,Low,Heatwave,5.3,High Risk,High,600.8
TRK-107,DRV-807,Jignesh Patel,Chemical & Petro Carrier (BharatBenz 2823R),2026-08-31T00:19:54.206321,22.6765,72.87118,66.7,32.79,88.3,418.13,Moderate,Heatwave,10.5,High Risk,High,628.9
TRK-107,DRV-807,Jignesh Patel,Chemical & Petro Carrier (BharatBenz 2823R),2026-08-31T00:23:54.206321,22.49211,72.99989,50.1,37.35,86.7,393.54,High,Heatwave,15.8,High Risk,High,990.6
TRK-107,DRV-807,Jignesh Patel,Chemical & Petro Carrier (BharatBenz 2823R),2026-08-31T00:27:54.206321,22.32796,73.16085,51.7,38.62,83.6,368.94,High,Heatwave,21.1,High Risk,High,900.8
TRK-107,DRV-807,Jignesh Patel,Chemical & Petro Carrier (BharatBenz 2823R),2026-08-31T00:31:54.206321,22.12069,73.1238,32.5,41.49,79.9,344.35,Severe,Heatwave,26.3,Delayed,High,1783.1
TRK-107,DRV-807,Jignesh Patel,Chemical & Petro Carrier (BharatBenz 2823R),2026-08-31T00:35:54.206321,21.90718,73.05809,68.4,28.32,74.1,319.75,Low,Heatwave,31.6,High Risk,High,386.7
TRK-107,DRV-807,Jignesh Patel,Chemical & Petro Carrier (BharatBenz 2823R),2026-08-31T00:39:54.206321,21.69326,72.99704,54.0,34.3,73.3,295.15,Moderate,Heatwave,36.8,High Risk,High,552.3
TRK-107,DRV-807,Jignesh Patel,Chemical & Petro Carrier (BharatBenz 2823R),2026-08-31T00:43:54.206321,21.48028,72.94825,79.0,32.48,68.0,270.56,Low,Heatwave,42.1,High Risk,High,289.5
TRK-107,DRV-807,Jignesh Patel,Chemical & Petro Carrier (BharatBenz 2823R),2026-08-31T00:47:54.206321,21.27086,72.86913,54.6,32.32,66.2,245.96,Moderate,Heatwave,47.4,High Risk,High,447.5
TRK-107,DRV-807,Jignesh Patel,Chemical & Petro Carrier (BharatBenz 2823R),2026-08-31T00:51:54.206321,21.06389,72.87885,57.7,38.25,59.2,221.37,Moderate,Heatwave,52.6,High Risk,High,390.6
TRK-107,DRV-807,Jignesh Patel,Chemical & Petro Carrier (BharatBenz 2823R),2026-08-31T00:55:54.206321,20.85145,72.93118,53.8,34.77,55.3,196.77,Moderate,Heatwave,57.9,High Risk,High,372.2
TRK-107,DRV-807,Jignesh Patel,Chemical & Petro Carrier (BharatBenz 2823R),2026-08-31T00:59:54.206321,20.6293,72.93384,71.3,33.02,48.7,172.17,Low,Heatwave,63.2,High Risk,High,206.6
TRK-107,DRV-807,Jignesh Patel,Chemical & Petro Carrier (BharatBenz 2823R),2026-08-31T01:03:54.206321,20.40821,72.91273,55.5,35.1,51.7,147.58,Moderate,Heatwave,68.4,High Risk,High,272.5
TRK-107,DRV-807,Jignesh Patel,Chemical & Petro Carrier (BharatBenz 2823R),2026-08-31T01:07:54.206321,20.18614,72.91104,77.4,31.18,42.6,122.98,Low,Heatwave,73.7,High Risk,High,125.2
TRK-107,DRV-807,Jignesh Patel,Chemical & Petro Carrier (BharatBenz 2823R),2026-08-31T01:11:54.206321,19.96396,72.91152,73.4,32.61,44.5,98.38,Low,Heatwave,78.9,High Risk,High,110.1
TRK-107,DRV-807,Jignesh Patel,Chemical & Petro Carrier (BharatBenz 2823R),2026-08-31T01:15:54.206321,19.74178,72.91199,91.9,32.56,33.8,73.79,Low,Heatwave,84.2,In Transit,Moderate,64.5
TRK-107,DRV-807,Jignesh Patel,Chemical & Petro Carrier (BharatBenz 2823R),2026-08-31T01:19:54.206321,19.51986,72.90056,72.3,30.36,34.8,49.19,Low,Heatwave,89.5,In Transit,Moderate,53.4
TRK-107,DRV-807,Jignesh Patel,Chemical & Petro Carrier (BharatBenz 2823R),2026-08-31T01:23:54.206321,19.29793,72.88913,31.6,43.54,28.0,24.6,Severe,Heatwave,94.7,Delayed,High,133.3
TRK-107,DRV-807,Jignesh Patel,Chemical & Petro Carrier (BharatBenz 2823R),2026-08-31T01:27:54.206321,19.076,72.8777,73.3,32.0,25.4,0.0,Low,Heatwave,100.0,Arrived,Low,0.5
TRK-107,DRV-807,Jignesh Patel,Chemical & Petro Carrier (BharatBenz 2823R),2026-08-31T14:11:54.206321,23.0225,72.5714,54.9,36.68,101.6,467.33,High,Clear,0.0,High Risk,High,765.1
TRK-107,DRV-807,Jignesh Patel,Chemical & Petro Carrier (BharatBenz 2823R),2026-08-31T14:15:54.206321,22.85057,72.72312,93.2,31.04,100.0,442.73,Low,Clear,5.3,In Transit,Low,279.9
TRK-107,DRV-807,Jignesh Patel,Chemical & Petro Carrier (BharatBenz 2823R),2026-08-31T14:19:54.206321,22.6765,72.87118,91.0,28.17,92.2,418.13,Low,Clear,10.5,In Transit,Low,275.5
TRK-107,DRV-807,Jignesh Patel,Chemical & Petro Carrier (BharatBenz 2823R),2026-08-31T14:23:54.206321,22.49211,72.99989,85.7,30.88,87.7,393.54,Low,Clear,15.8,In Transit,Low,274.6
TRK-107,DRV-807,Jignesh Patel,Chemical & Petro Carrier (BharatBenz 2823R),2026-08-31T14:27:54.206321,22.32796,73.16085,83.6,24.59,82.8,368.94,Low,Clear,21.1,In Transit,Low,268.5
TRK-107,DRV-807,Jignesh Patel,Chemical & Petro Carrier (BharatBenz 2823R),2026-08-31T14:31:54.206321,22.12069,73.1238,86.1,33.88,77.3,344.35,Low,Clear,26.3,In Transit,Low,238.9
TRK-107,DRV-807,Jignesh Patel,Chemical & Petro Carrier (BharatBenz 2823R),2026-08-31T14:35:54.206321,21.90718,73.05809,84.4,28.2,74.1,319.75,Low,Clear,31.6,In Transit,Low,223.2
TRK-107,DRV-807,Jignesh Patel,Chemical & Petro Carrier (BharatBenz 2823R),2026-08-31T14:39:54.206321,21.69326,72.99704,40.2,36.6,70.9,295.15,High,Clear,36.8,High Risk,High,658.1
TRK-107,DRV-807,Jignesh Patel,Chemical & Petro Carrier (BharatBenz 2823R),2026-08-31T14:43:54.206321,21.48028,72.94825,72.7,30.63,69.2,270.56,Moderate,Clear,42.1,High Risk,High,270.1
TRK-107,DRV-807,Jignesh Patel,Chemical & Petro Carrier (BharatBenz 2823R),2026-08-31T14:47:54.206321,21.27086,72.86913,79.0,32.09,60.2,245.96,Low,Clear,47.4,In Transit,Low,191.2
TRK-107,DRV-807,Jignesh Patel,Chemical & Petro Carrier (BharatBenz 2823R),2026-08-31T14:51:54.206321,21.06389,72.87885,81.0,29.46,55.2,221.37,Low,Clear,52.6,In Transit,Low,163.4
TRK-107,DRV-807,Jignesh Patel,Chemical & Petro Carrier (BharatBenz 2823R),2026-08-31T14:55:54.206321,20.85145,72.93118,71.5,33.74,58.5,196.77,Moderate,Clear,57.9,High Risk,High,202.7
TRK-107,DRV-807,Jignesh Patel,Chemical & Petro Carrier (BharatBenz 2823R),2026-08-31T14:59:54.206321,20.6293,72.93384,84.4,28.01,54.1,172.17,Low,Clear,63.2,In Transit,Low,119.4
TRK-107,DRV-807,Jignesh Patel,Chemical & Petro Carrier (BharatBenz 2823R),2026-08-31T15:03:54.206321,20.40821,72.91273,82.1,31.18,48.7,147.58,Low,Clear,68.4,In Transit,Low,112.0
TRK-107,DRV-807,Jignesh Patel,Chemical & Petro Carrier (BharatBenz 2823R),2026-08-31T15:07:54.206321,20.18614,72.91104,90.6,26.93,44.5,122.98,Low,Clear,73.7,In Transit,Low,82.9
TRK-107,DRV-807,Jignesh Patel,Chemical & Petro Carrier (BharatBenz 2823R),2026-08-31T15:11:54.206321,19.96396,72.91152,79.1,26.07,40.9,98.38,Low,Clear,78.9,In Transit,Low,76.3
TRK-107,DRV-807,Jignesh Patel,Chemical & Petro Carrier (BharatBenz 2823R),2026-08-31T15:15:54.206321,19.74178,72.91199,85.7,28.75,35.5,73.79,Low,Clear,84.2,In Transit,Low,48.8
TRK-107,DRV-807,Jignesh Patel,Chemical & Petro Carrier (BharatBenz 2823R),2026-08-31T15:19:54.206321,19.51986,72.90056,50.7,33.21,34.4,49.19,High,Clear,89.5,High Risk,High,89.3
TRK-107,DRV-807,Jignesh Patel,Chemical & Petro Carrier (BharatBenz 2823R),2026-08-31T15:23:54.206321,19.29793,72.88913,68.9,32.61,31.3,24.6,Moderate,Clear,94.7,In Transit,Low,24.7
TRK-107,DRV-807,Jignesh Patel,Chemical & Petro Carrier (BharatBenz 2823R),2026-08-31T15:27:54.206321,19.076,72.8777,69.2,31.73,26.5,0.0,Moderate,Clear,100.0,Arrived,Low,0.5
TRK-107,DRV-807,Jignesh Patel,Chemical & Petro Carrier (BharatBenz 2823R),2026-09-01T04:11:54.206321,23.0225,72.5714,57.5,34.91,95.1,467.33,High,Clear,0.0,High Risk,High,734.5
TRK-107,DRV-807,Jignesh Patel,Chemical & Petro Carrier (BharatBenz 2823R),2026-09-01T04:15:54.206321,22.85057,72.72312,70.1,31.6,94.2,442.73,Moderate,Clear,5.3,High Risk,High,456.9
TRK-107,DRV-807,Jignesh Patel,Chemical & Petro Carrier (BharatBenz 2823R),2026-09-01T04:19:54.206321,22.6765,72.87118,68.7,29.2,91.8,418.13,Moderate,Clear,10.5,High Risk,High,442.4
TRK-107,DRV-807,Jignesh Patel,Chemical & Petro Carrier (BharatBenz 2823R),2026-09-01T04:23:54.206321,22.49211,72.99989,90.3,28.59,89.4,393.54,Low,Clear,15.8,In Transit,Low,260.9
TRK-107,DRV-807,Jignesh Patel,Chemical & Petro Carrier (BharatBenz 2823R),2026-09-01T04:27:54.206321,22.32796,73.16085,75.9,28.57,83.1,368.94,Low,Clear,21.1,In Transit,Low,288.8
TRK-107,DRV-807,Jignesh Patel,Chemical & Petro Carrier (BharatBenz 2823R),2026-09-01T04:31:54.206321,22.12069,73.1238,64.8,28.29,83.3,344.35,Moderate,Clear,26.3,High Risk,High,381.4
TRK-107,DRV-807,Jignesh Patel,Chemical & Petro Carrier (BharatBenz 2823R),2026-09-01T04:35:54.206321,21.90718,73.05809,88.9,27.62,75.5,319.75,Low,Clear,31.6,In Transit,Low,219.8
TRK-107,DRV-807,Jignesh Patel,Chemical & Petro Carrier (BharatBenz 2823R),2026-09-01T04:39:54.206321,21.69326,72.99704,72.4,28.72,73.1,295.15,Moderate,Clear,36.8,High Risk,High,290.8
TRK-107,DRV-807,Jignesh Patel,Chemical & Petro Carrier (BharatBenz 2823R),2026-09-01T04:43:54.206321,21.48028,72.94825,86.8,30.22,65.9,270.56,Low,Clear,42.1,In Transit,Low,177.9
TRK-107,DRV-807,Jignesh Patel,Chemical & Petro Carrier (BharatBenz 2823R),2026-09-01T04:47:54.206321,21.27086,72.86913,63.4,32.19,60.1,245.96,Moderate,Clear,47.4,High Risk,High,281.8
TRK-107,DRV-807,Jignesh Patel,Chemical & Petro Carrier (BharatBenz 2823R),2026-09-01T04:51:54.206321,21.06389,72.87885,66.4,32.76,58.5,221.37,High,Clear,52.6,High Risk,High,297.2
TRK-107,DRV-807,Jignesh Patel,Chemical & Petro Carrier (BharatBenz 2823R),2026-09-01T04:55:54.206321,20.85145,72.93118,85.4,31.31,54.4,196.77,Low,Clear,57.9,In Transit,Low,138.7
TRK-107,DRV-807,Jignesh Patel,Chemical & Petro Carrier (BharatBenz 2823R),2026-09-01T04:59:54.206321,20.6293,72.93384,60.3,35.25,53.1,172.17,High,Clear,63.2,High Risk,High,257.6
TRK-107,DRV-807,Jignesh Patel,Chemical & Petro Carrier (BharatBenz 2823R),2026-09-01T05:03:54.206321,20.40821,72.91273,79.7,28.04,46.1,147.58,Low,Clear,68.4,In Transit,Low,107.6
TRK-107,DRV-807,Jignesh Patel,Chemical & Petro Carrier (BharatBenz 2823R),2026-09-01T05:07:54.206321,20.18614,72.91104,85.6,27.92,45.7,122.98,Low,Clear,73.7,In Transit,Low,82.6
TRK-107,DRV-807,Jignesh Patel,Chemical & Petro Carrier (BharatBenz 2823R),2026-09-01T05:11:54.206321,19.96396,72.91152,76.4,27.39,41.8,98.38,Low,Clear,78.9,In Transit,Low,75.9
TRK-107,DRV-807,Jignesh Patel,Chemical & Petro Carrier (BharatBenz 2823R),2026-09-01T05:15:54.206321,19.74178,72.91199,92.3,29.51,35.2,73.79,Low,Clear,84.2,In Transit,Low,51.0
TRK-107,DRV-807,Jignesh Patel,Chemical & Petro Carrier (BharatBenz 2823R),2026-09-01T05:19:54.206321,19.51986,72.90056,75.7,27.3,30.5,49.19,Moderate,Clear,89.5,In Transit,Moderate,49.4
TRK-107,DRV-807,Jignesh Patel,Chemical & Petro Carrier (BharatBenz 2823R),2026-09-01T05:23:54.206321,19.29793,72.88913,43.9,35.38,26.1,24.6,High,Clear,94.7,In Transit,Moderate,53.5
TRK-107,DRV-807,Jignesh Patel,Chemical & Petro Carrier (BharatBenz 2823R),2026-09-01T05:27:54.206321,19.076,72.8777,83.1,25.92,23.5,0.0,Low,Clear,100.0,Arrived,Low,0.5
TRK-107,DRV-807,Jignesh Patel,Chemical & Petro Carrier (BharatBenz 2823R),2026-09-01T18:11:54.206321,23.0225,72.5714,56.7,36.48,100.6,467.33,High,Clear,0.0,High Risk,High,737.0
TRK-107,DRV-807,Jignesh Patel,Chemical & Petro Carrier (BharatBenz 2823R),2026-09-01T18:15:54.206321,22.85057,72.72312,66.5,31.0,96.2,442.73,Moderate,Clear,5.3,High Risk,High,475.2
TRK-107,DRV-807,Jignesh Patel,Chemical & Petro Carrier (BharatBenz 2823R),2026-09-01T18:19:54.206321,22.6765,72.87118,80.0,27.01,92.9,418.13,Low,Clear,10.5,In Transit,Low,309.2
TRK-107,DRV-807,Jignesh Patel,Chemical & Petro Carrier (BharatBenz 2823R),2026-09-01T18:23:54.206321,22.49211,72.99989,75.5,30.34,90.0,393.54,Moderate,Clear,15.8,High Risk,High,365.1
TRK-107,DRV-807,Jignesh Patel,Chemical & Petro Carrier (BharatBenz 2823R),2026-09-01T18:27:54.206321,22.32796,73.16085,73.4,30.45,84.7,368.94,Moderate,Clear,21.1,High Risk,High,363.1
TRK-107,DRV-807,Jignesh Patel,Chemical & Petro Carrier (BharatBenz 2823R),2026-09-01T18:31:54.206321,22.12069,73.1238,85.6,31.0,80.4,344.35,Low,Clear,26.3,In Transit,Low,242.6
TRK-107,DRV-807,Jignesh Patel,Chemical & Petro Carrier (BharatBenz 2823R),2026-09-01T18:35:54.206321,21.90718,73.05809,77.8,30.67,74.0,319.75,Moderate,Clear,31.6,High Risk,High,295.2
TRK-107,DRV-807,Jignesh Patel,Chemical & Petro Carrier (BharatBenz 2823R),2026-09-01T18:39:54.206321,21.69326,72.99704,66.5,30.86,75.3,295.15,Moderate,Clear,36.8,High Risk,High,322.1
TRK-107,DRV-807,Jignesh Patel,Chemical & Petro Carrier (BharatBenz 2823R),2026-09-01T18:43:54.206321,21.48028,72.94825,68.5,26.27,66.7,270.56,Low,Clear,42.1,In Transit,Low,231.4
TRK-107,DRV-807,Jignesh Patel,Chemical & Petro Carrier (BharatBenz 2823R),2026-09-01T18:47:54.206321,21.27086,72.86913,73.0,31.12,67.5,245.96,Low,Clear,47.4,In Transit,Low,204.0
TRK-107,DRV-807,Jignesh Patel,Chemical & Petro Carrier (BharatBenz 2823R),2026-09-01T18:51:54.206321,21.06389,72.87885,67.6,30.86,59.9,221.37,Moderate,Clear,52.6,High Risk,High,234.6
TRK-107,DRV-807,Jignesh Patel,Chemical & Petro Carrier (BharatBenz 2823R),2026-09-01T18:55:54.206321,20.85145,72.93118,54.7,37.03,58.4,196.77,High,Clear,57.9,High Risk,High,330.9
TRK-107,DRV-807,Jignesh Patel,Chemical & Petro Carrier (BharatBenz 2823R),2026-09-01T18:59:54.206321,20.6293,72.93384,83.2,25.53,54.2,172.17,Low,Clear,63.2,In Transit,Low,123.8
TRK-107,DRV-807,Jignesh Patel,Chemical & Petro Carrier (BharatBenz 2823R),2026-09-01T19:03:54.206321,20.40821,72.91273,82.4,29.49,48.9,147.58,Low,Clear,68.4,In Transit,Low,110.9
TRK-107,DRV-807,Jignesh Patel,Chemical & Petro Carrier (BharatBenz 2823R),2026-09-01T19:07:54.206321,20.18614,72.91104,52.6,35.46,45.8,122.98,High,Clear,73.7,High Risk,High,209.9
TRK-107,DRV-807,Jignesh Patel,Chemical & Petro Carrier (BharatBenz 2823R),2026-09-01T19:11:54.206321,19.96396,72.91152,86.4,24.87,37.6,98.38,Low,Clear,78.9,In Transit,Low,68.4
TRK-107,DRV-807,Jignesh Patel,Chemical & Petro Carrier (BharatBenz 2823R),2026-09-01T19:15:54.206321,19.74178,72.91199,87.9,28.38,34.0,73.79,Low,Clear,84.2,In Transit,Low,60.1
TRK-107,DRV-807,Jignesh Patel,Chemical & Petro Carrier (BharatBenz 2823R),2026-09-01T19:19:54.206321,19.51986,72.90056,77.2,29.14,30.4,49.19,Low,Clear,89.5,In Transit,Low,39.7
TRK-107,DRV-807,Jignesh Patel,Chemical & Petro Carrier (BharatBenz 2823R),2026-09-01T19:23:54.206321,19.29793,72.88913,83.1,32.3,26.7,24.6,Low,Clear,94.7,In Transit,Low,15.7
TRK-107,DRV-807,Jignesh Patel,Chemical & Petro Carrier (BharatBenz 2823R),2026-09-01T19:27:54.206321,19.076,72.8777,84.5,32.58,29.5,0.0,Low,Clear,100.0,Arrived,Low,1.7
TRK-107,DRV-807,Jignesh Patel,Chemical & Petro Carrier (BharatBenz 2823R),2026-09-02T08:11:54.206321,23.0225,72.5714,55.6,32.18,98.8,467.33,Moderate,Rain,0.0,High Risk,High,758.2
TRK-107,DRV-807,Jignesh Patel,Chemical & Petro Carrier (BharatBenz 2823R),2026-09-02T08:15:54.206321,22.85057,72.72312,70.6,32.47,93.3,442.73,Moderate,Rain,5.3,High Risk,High,562.0
TRK-107,DRV-807,Jignesh Patel,Chemical & Petro Carrier (BharatBenz 2823R),2026-09-02T08:19:54.206321,22.6765,72.87118,60.5,34.55,91.4,418.13,Moderate,Rain,10.5,High Risk,High,616.7
TRK-107,DRV-807,Jignesh Patel,Chemical & Petro Carrier (BharatBenz 2823R),2026-09-02T08:23:54.206321,22.49211,72.99989,74.8,32.59,89.1,393.54,Low,Rain,15.8,High Risk,High,396.4
TRK-107,DRV-807,Jignesh Patel,Chemical & Petro Carrier (BharatBenz 2823R),2026-09-02T08:27:54.206321,22.32796,73.16085,27.7,43.21,85.7,368.94,Severe,Rain,21.1,Delayed,High,1995.7
TRK-107,DRV-807,Jignesh Patel,Chemical & Petro Carrier (BharatBenz 2823R),2026-09-02T08:31:54.206321,22.12069,73.1238,40.3,46.25,79.2,344.35,Severe,Rain,26.3,High Risk,High,1285.4
TRK-107,DRV-807,Jignesh Patel,Chemical & Petro Carrier (BharatBenz 2823R),2026-09-02T08:35:54.206321,21.90718,73.05809,76.1,30.43,74.1,319.75,Low,Rain,31.6,High Risk,High,317.8
TRK-107,DRV-807,Jignesh Patel,Chemical & Petro Carrier (BharatBenz 2823R),2026-09-02T08:39:54.206321,21.69326,72.99704,55.2,37.29,72.2,295.15,High,Rain,36.8,High Risk,High,600.7
TRK-107,DRV-807,Jignesh Patel,Chemical & Petro Carrier (BharatBenz 2823R),2026-09-02T08:43:54.206321,21.48028,72.94825,68.5,32.68,69.9,270.56,Moderate,Rain,42.1,High Risk,High,353.9
TRK-107,DRV-807,Jignesh Patel,Chemical & Petro Carrier (BharatBenz 2823R),2026-09-02T08:47:54.206321,21.27086,72.86913,78.9,27.82,66.8,245.96,Low,Rain,47.4,High Risk,High,234.9
TRK-107,DRV-807,Jignesh Patel,Chemical & Petro Carrier (BharatBenz 2823R),2026-09-02T08:51:54.206321,21.06389,72.87885,78.7,29.77,59.8,221.37,Low,Rain,52.6,High Risk,High,213.5
TRK-107,DRV-807,Jignesh Patel,Chemical & Petro Carrier (BharatBenz 2823R),2026-09-02T08:55:54.206321,20.85145,72.93118,64.6,33.64,58.3,196.77,Moderate,Rain,57.9,High Risk,High,278.5
TRK-107,DRV-807,Jignesh Patel,Chemical & Petro Carrier (BharatBenz 2823R),2026-09-02T08:59:54.206321,20.6293,72.93384,68.8,31.11,53.5,172.17,Low,Rain,63.2,High Risk,High,189.4
TRK-107,DRV-807,Jignesh Patel,Chemical & Petro Carrier (BharatBenz 2823R),2026-09-02T09:03:54.206321,20.40821,72.91273,84.1,32.67,49.1,147.58,Low,Rain,68.4,High Risk,High,135.4
TRK-107,DRV-807,Jignesh Patel,Chemical & Petro Carrier (BharatBenz 2823R),2026-09-02T09:07:54.206321,20.18614,72.91104,70.6,33.96,46.4,122.98,Moderate,Rain,73.7,High Risk,High,157.5
TRK-107,DRV-807,Jignesh Patel,Chemical & Petro Carrier (BharatBenz 2823R),2026-09-02T09:11:54.206321,19.96396,72.91152,69.7,29.75,40.7,98.38,Low,Rain,78.9,In Transit,Moderate,109.2
TRK-107,DRV-807,Jignesh Patel,Chemical & Petro Carrier (BharatBenz 2823R),2026-09-02T09:15:54.206321,19.74178,72.91199,77.4,27.63,35.2,73.79,Low,Rain,84.2,In Transit,Moderate,70.3
TRK-107,DRV-807,Jignesh Patel,Chemical & Petro Carrier (BharatBenz 2823R),2026-09-02T09:19:54.206321,19.51986,72.90056,39.5,40.23,31.4,49.19,Severe,Rain,89.5,Delayed,High,191.3
TRK-107,DRV-807,Jignesh Patel,Chemical & Petro Carrier (BharatBenz 2823R),2026-09-02T09:23:54.206321,19.29793,72.88913,89.3,27.24,30.7,24.6,Low,Rain,94.7,In Transit,Low,18.9
TRK-107,DRV-807,Jignesh Patel,Chemical & Petro Carrier (BharatBenz 2823R),2026-09-02T09:27:54.206321,19.076,72.8777,77.9,30.84,25.5,0.0,Low,Rain,100.0,Arrived,Low,0.5
TRK-107,DRV-807,Jignesh Patel,Chemical & Petro Carrier (BharatBenz 2823R),2026-09-02T22:11:54.206321,23.0225,72.5714,68.4,31.84,101.9,467.33,Moderate,Clear,0.0,High Risk,High,497.4
TRK-107,DRV-807,Jignesh Patel,Chemical & Petro Carrier (BharatBenz 2823R),2026-09-02T22:15:54.206321,22.85057,72.72312,67.8,32.85,95.0,442.73,Moderate,Clear,5.3,High Risk,High,469.7
TRK-107,DRV-807,Jignesh Patel,Chemical & Petro Carrier (BharatBenz 2823R),2026-09-02T22:19:54.206321,22.6765,72.87118,53.1,42.61,96.0,418.13,Severe,Clear,10.5,High Risk,High,947.5
TRK-107,DRV-807,Jignesh Patel,Chemical & Petro Carrier (BharatBenz 2823R),2026-09-02T22:23:54.206321,22.49211,72.99989,78.3,30.87,86.6,393.54,Moderate,Clear,15.8,High Risk,High,358.7
TRK-107,DRV-807,Jignesh Patel,Chemical & Petro Carrier (BharatBenz 2823R),2026-09-02T22:27:54.206321,22.32796,73.16085,80.8,27.11,87.5,368.94,Low,Clear,21.1,In Transit,Low,278.2
TRK-107,DRV-807,Jignesh Patel,Chemical & Petro Carrier (BharatBenz 2823R),2026-09-02T22:31:54.206321,22.12069,73.1238,86.2,29.06,79.8,344.35,Low,Clear,26.3,In Transit,Low,239.2
TRK-107,DRV-807,Jignesh Patel,Chemical & Petro Carrier (BharatBenz 2823R),2026-09-02T22:35:54.206321,21.90718,73.05809,76.0,27.47,77.8,319.75,Moderate,Clear,31.6,High Risk,High,303.1
TRK-107,DRV-807,Jignesh Patel,Chemical & Petro Carrier (BharatBenz 2823R),2026-09-02T22:39:54.206321,21.69326,72.99704,89.6,30.15,74.8,295.15,Low,Clear,36.8,In Transit,Low,200.0
TRK-107,DRV-807,Jignesh Patel,Chemical & Petro Carrier (BharatBenz 2823R),2026-09-02T22:43:54.206321,21.48028,72.94825,85.1,27.42,65.7,270.56,Low,Clear,42.1,In Transit,Low,193.2
TRK-107,DRV-807,Jignesh Patel,Chemical & Petro Carrier (BharatBenz 2823R),2026-09-02T22:47:54.206321,21.27086,72.86913,86.0,28.77,65.5,245.96,Low,Clear,47.4,In Transit,Low,174.0
TRK-107,DRV-807,Jignesh Patel,Chemical & Petro Carrier (BharatBenz 2823R),2026-09-02T22:51:54.206321,21.06389,72.87885,80.8,31.65,62.8,221.37,Low,Clear,52.6,In Transit,Low,168.2
TRK-107,DRV-807,Jignesh Patel,Chemical & Petro Carrier (BharatBenz 2823R),2026-09-02T22:55:54.206321,20.85145,72.93118,93.2,29.22,57.0,196.77,Low,Clear,57.9,In Transit,Low,122.3
TRK-107,DRV-807,Jignesh Patel,Chemical & Petro Carrier (BharatBenz 2823R),2026-09-02T22:59:54.206321,20.6293,72.93384,84.7,28.92,52.4,172.17,Low,Clear,63.2,In Transit,Low,118.5
TRK-107,DRV-807,Jignesh Patel,Chemical & Petro Carrier (BharatBenz 2823R),2026-09-02T23:03:54.206321,20.40821,72.91273,84.8,27.61,49.8,147.58,Low,Clear,68.4,In Transit,Low,101.6
TRK-107,DRV-807,Jignesh Patel,Chemical & Petro Carrier (BharatBenz 2823R),2026-09-02T23:07:54.206321,20.18614,72.91104,81.5,31.44,45.8,122.98,Low,Clear,73.7,In Transit,Low,89.4
TRK-107,DRV-807,Jignesh Patel,Chemical & Petro Carrier (BharatBenz 2823R),2026-09-02T23:11:54.206321,19.96396,72.91152,68.7,29.03,39.2,98.38,Moderate,Clear,78.9,In Transit,Moderate,104.0
TRK-107,DRV-807,Jignesh Patel,Chemical & Petro Carrier (BharatBenz 2823R),2026-09-02T23:15:54.206321,19.74178,72.91199,72.9,28.51,35.2,73.79,Moderate,Clear,84.2,In Transit,Moderate,71.5
TRK-107,DRV-807,Jignesh Patel,Chemical & Petro Carrier (BharatBenz 2823R),2026-09-02T23:19:54.206321,19.51986,72.90056,48.9,36.1,30.5,49.19,High,Clear,89.5,High Risk,High,91.0
TRK-107,DRV-807,Jignesh Patel,Chemical & Petro Carrier (BharatBenz 2823R),2026-09-02T23:23:54.206321,19.29793,72.88913,73.2,25.86,26.8,24.6,Low,Clear,94.7,In Transit,Low,17.3
TRK-107,DRV-807,Jignesh Patel,Chemical & Petro Carrier (BharatBenz 2823R),2026-09-02T23:27:54.206321,19.076,72.8777,60.9,35.38,28.9,0.0,High,Clear,100.0,In Transit,Moderate,0.5
TRK-107,DRV-807,Jignesh Patel,Chemical & Petro Carrier (BharatBenz 2823R),2026-09-03T12:11:54.206321,23.0225,72.5714,75.6,30.95,100.2,467.33,Low,Fog,0.0,High Risk,High,501.6
TRK-107,DRV-807,Jignesh Patel,Chemical & Petro Carrier (BharatBenz 2823R),2026-09-03T12:15:54.206321,22.85057,72.72312,68.5,32.33,95.7,442.73,Low,Fog,5.3,High Risk,High,522.8
TRK-107,DRV-807,Jignesh Patel,Chemical & Petro Carrier (BharatBenz 2823R),2026-09-03T12:19:54.206321,22.6765,72.87118,33.4,41.74,89.3,418.13,Severe,Fog,10.5,Delayed,High,2028.0
TRK-107,DRV-807,Jignesh Patel,Chemical & Petro Carrier (BharatBenz 2823R),2026-09-03T12:23:54.206321,22.49211,72.99989,76.2,32.27,86.8,393.54,Low,Fog,15.8,High Risk,High,418.9
TRK-107,DRV-807,Jignesh Patel,Chemical & Petro Carrier (BharatBenz 2823R),2026-09-03T12:27:54.206321,22.32796,73.16085,76.1,29.12,87.0,368.94,Low,Fog,21.1,High Risk,High,399.5
TRK-107,DRV-807,Jignesh Patel,Chemical & Petro Carrier (BharatBenz 2823R),2026-09-03T12:31:54.206321,22.12069,73.1238,68.6,31.92,76.7,344.35,Low,Fog,26.3,High Risk,High,404.8
TRK-107,DRV-807,Jignesh Patel,Chemical & Petro Carrier (BharatBenz 2823R),2026-09-03T12:35:54.206321,21.90718,73.05809,78.7,34.23,73.5,319.75,Low,Fog,31.6,High Risk,High,324.3
TRK-107,DRV-807,Jignesh Patel,Chemical & Petro Carrier (BharatBenz 2823R),2026-09-03T12:39:54.206321,21.69326,72.99704,54.6,31.49,69.6,295.15,Moderate,Fog,36.8,High Risk,High,520.5
TRK-107,DRV-807,Jignesh Patel,Chemical & Petro Carrier (BharatBenz 2823R),2026-09-03T12:43:54.206321,21.48028,72.94825,58.4,31.07,69.9,270.56,Moderate,Fog,42.1,High Risk,High,449.4
TRK-107,DRV-807,Jignesh Patel,Chemical & Petro Carrier (BharatBenz 2823R),2026-09-03T12:47:54.206321,21.27086,72.86913,61.6,27.57,63.9,245.96,Low,Fog,47.4,High Risk,High,323.9
TRK-107,DRV-807,Jignesh Patel,Chemical & Petro Carrier (BharatBenz 2823R),2026-09-03T12:51:54.206321,21.06389,72.87885,81.5,30.13,60.3,221.37,Low,Fog,52.6,High Risk,High,220.7
TRK-107,DRV-807,Jignesh Patel,Chemical & Petro Carrier (BharatBenz 2823R),2026-09-03T12:55:54.206321,20.85145,72.93118,78.2,31.38,59.6,196.77,Low,Fog,57.9,High Risk,High,203.4
TRK-107,DRV-807,Jignesh Patel,Chemical & Petro Carrier (BharatBenz 2823R),2026-09-03T12:59:54.206321,20.6293,72.93384,45.9,37.03,51.6,172.17,High,Fog,63.2,High Risk,High,459.4
TRK-107,DRV-807,Jignesh Patel,Chemical & Petro Carrier (BharatBenz 2823R),2026-09-03T13:03:54.206321,20.40821,72.91273,71.3,29.05,46.5,147.58,Low,Fog,68.4,High Risk,High,170.4
TRK-107,DRV-807,Jignesh Patel,Chemical & Petro Carrier (BharatBenz 2823R),2026-09-03T13:07:54.206321,20.18614,72.91104,65.4,32.69,46.3,122.98,Low,Fog,73.7,High Risk,High,150.8
TRK-107,DRV-807,Jignesh Patel,Chemical & Petro Carrier (BharatBenz 2823R),2026-09-03T13:11:54.206321,19.96396,72.91152,79.4,31.65,40.7,98.38,Low,Fog,78.9,High Risk,High,100.6
TRK-107,DRV-807,Jignesh Patel,Chemical & Petro Carrier (BharatBenz 2823R),2026-09-03T13:15:54.206321,19.74178,72.91199,61.0,31.38,36.8,73.79,Moderate,Fog,84.2,High Risk,High,113.9
TRK-107,DRV-807,Jignesh Patel,Chemical & Petro Carrier (BharatBenz 2823R),2026-09-03T13:19:54.206321,19.51986,72.90056,71.9,33.59,33.9,49.19,Low,Fog,89.5,In Transit,Moderate,54.2
TRK-107,DRV-807,Jignesh Patel,Chemical & Petro Carrier (BharatBenz 2823R),2026-09-03T13:23:54.206321,19.29793,72.88913,54.6,33.9,29.5,24.6,High,Fog,94.7,High Risk,High,52.8
TRK-107,DRV-807,Jignesh Patel,Chemical & Petro Carrier (BharatBenz 2823R),2026-09-03T13:27:54.206321,19.076,72.8777,43.8,34.77,25.3,0.0,High,Fog,100.0,In Transit,Moderate,2.0
TRK-107,DRV-807,Jignesh Patel,Chemical & Petro Carrier (BharatBenz 2823R),2026-09-04T02:11:54.206321,23.0225,72.5714,64.2,33.59,95.0,467.33,Moderate,Clear,0.0,High Risk,High,519.7
TRK-107,DRV-807,Jignesh Patel,Chemical & Petro Carrier (BharatBenz 2823R),2026-09-04T02:15:54.206321,22.85057,72.72312,63.9,34.16,94.1,442.73,High,Clear,5.3,High Risk,High,622.7
TRK-107,DRV-807,Jignesh Patel,Chemical & Petro Carrier (BharatBenz 2823R),2026-09-04T02:19:54.206321,22.6765,72.87118,85.8,29.31,91.8,418.13,Low,Clear,10.5,In Transit,Low,295.5
TRK-107,DRV-807,Jignesh Patel,Chemical & Petro Carrier (BharatBenz 2823R),2026-09-04T02:23:54.206321,22.49211,72.99989,83.1,25.68,88.5,393.54,Low,Clear,15.8,In Transit,Low,289.1
TRK-107,DRV-807,Jignesh Patel,Chemical & Petro Carrier (BharatBenz 2823R),2026-09-04T02:27:54.206321,22.32796,73.16085,77.1,32.35,87.3,368.94,Moderate,Clear,21.1,High Risk,High,349.2
TRK-107,DRV-807,Jignesh Patel,Chemical & Petro Carrier (BharatBenz 2823R),2026-09-04T02:31:54.206321,22.12069,73.1238,61.3,35.43,77.5,344.35,High,Clear,26.3,High Risk,High,500.3
TRK-107,DRV-807,Jignesh Patel,Chemical & Petro Carrier (BharatBenz 2823R),2026-09-04T02:35:54.206321,21.90718,73.05809,89.6,29.09,76.2,319.75,Low,Clear,31.6,In Transit,Low,209.7
TRK-107,DRV-807,Jignesh Patel,Chemical & Petro Carrier (BharatBenz 2823R),2026-09-04T02:39:54.206321,21.69326,72.99704,80.7,24.78,75.4,295.15,Low,Clear,36.8,In Transit,Low,215.3
TRK-107,DRV-807,Jignesh Patel,Chemical & Petro Carrier (BharatBenz 2823R),2026-09-04T02:43:54.206321,21.48028,72.94825,87.5,27.18,68.4,270.56,Low,Clear,42.1,In Transit,Low,189.3
TRK-107,DRV-807,Jignesh Patel,Chemical & Petro Carrier (BharatBenz 2823R),2026-09-04T02:47:54.206321,21.27086,72.86913,77.4,28.85,65.7,245.96,Moderate,Clear,47.4,High Risk,High,224.0
TRK-107,DRV-807,Jignesh Patel,Chemical & Petro Carrier (BharatBenz 2823R),2026-09-04T02:51:54.206321,21.06389,72.87885,83.6,29.83,61.8,221.37,Low,Clear,52.6,In Transit,Low,158.0
TRK-107,DRV-807,Jignesh Patel,Chemical & Petro Carrier (BharatBenz 2823R),2026-09-04T02:55:54.206321,20.85145,72.93118,88.4,28.38,58.7,196.77,Low,Clear,57.9,In Transit,Low,133.9
TRK-107,DRV-807,Jignesh Patel,Chemical & Petro Carrier (BharatBenz 2823R),2026-09-04T02:59:54.206321,20.6293,72.93384,64.8,29.44,52.7,172.17,Moderate,Clear,63.2,High Risk,High,188.1
TRK-107,DRV-807,Jignesh Patel,Chemical & Petro Carrier (BharatBenz 2823R),2026-09-04T03:03:54.206321,20.40821,72.91273,78.7,30.4,51.8,147.58,Moderate,Clear,68.4,High Risk,High,138.9
TRK-107,DRV-807,Jignesh Patel,Chemical & Petro Carrier (BharatBenz 2823R),2026-09-04T03:07:54.206321,20.18614,72.91104,80.1,30.04,45.4,122.98,Moderate,Clear,73.7,High Risk,High,117.4
TRK-107,DRV-807,Jignesh Patel,Chemical & Petro Carrier (BharatBenz 2823R),2026-09-04T03:11:54.206321,19.96396,72.91152,87.6,28.55,40.5,98.38,Low,Clear,78.9,In Transit,Low,67.0
TRK-107,DRV-807,Jignesh Patel,Chemical & Petro Carrier (BharatBenz 2823R),2026-09-04T03:15:54.206321,19.74178,72.91199,68.7,30.76,29.7,73.79,Moderate,Clear,84.2,In Transit,Moderate,80.1
TRK-107,DRV-807,Jignesh Patel,Chemical & Petro Carrier (BharatBenz 2823R),2026-09-04T03:19:54.206321,19.51986,72.90056,69.1,27.36,31.0,49.19,Moderate,Clear,89.5,In Transit,Low,43.6
TRK-107,DRV-807,Jignesh Patel,Chemical & Petro Carrier (BharatBenz 2823R),2026-09-04T03:23:54.206321,19.29793,72.88913,84.7,29.56,28.6,24.6,Low,Clear,94.7,In Transit,Low,15.4
TRK-107,DRV-807,Jignesh Patel,Chemical & Petro Carrier (BharatBenz 2823R),2026-09-04T03:27:54.206321,19.076,72.8777,90.0,27.74,28.3,0.0,Low,Clear,100.0,Arrived,Low,0.5
TRK-107,DRV-807,Jignesh Patel,Chemical & Petro Carrier (BharatBenz 2823R),2026-09-04T16:11:54.206321,23.0225,72.5714,59.6,31.61,100.3,467.33,Moderate,Fog,0.0,High Risk,High,761.7
TRK-107,DRV-807,Jignesh Patel,Chemical & Petro Carrier (BharatBenz 2823R),2026-09-04T16:15:54.206321,22.85057,72.72312,55.5,34.63,96.6,442.73,Moderate,Fog,5.3,High Risk,High,780.0
TRK-107,DRV-807,Jignesh Patel,Chemical & Petro Carrier (BharatBenz 2823R),2026-09-04T16:19:54.206321,22.6765,72.87118,73.6,29.59,94.0,418.13,Low,Fog,10.5,High Risk,High,462.5
TRK-107,DRV-807,Jignesh Patel,Chemical & Petro Carrier (BharatBenz 2823R),2026-09-04T16:23:54.206321,22.49211,72.99989,71.6,29.64,86.4,393.54,Low,Fog,15.8,High Risk,High,442.8
TRK-107,DRV-807,Jignesh Patel,Chemical & Petro Carrier (BharatBenz 2823R),2026-09-04T16:27:54.206321,22.32796,73.16085,44.4,36.02,85.5,368.94,High,Fog,21.1,High Risk,High,1011.8
TRK-107,DRV-807,Jignesh Patel,Chemical & Petro Carrier (BharatBenz 2823R),2026-09-04T16:31:54.206321,22.12069,73.1238,33.7,40.79,80.6,344.35,Severe,Fog,26.3,Delayed,High,1656.9
TRK-107,DRV-807,Jignesh Patel,Chemical & Petro Carrier (BharatBenz 2823R),2026-09-04T16:35:54.206321,21.90718,73.05809,51.4,38.35,75.7,319.75,High,Fog,31.6,High Risk,High,757.7
TRK-107,DRV-807,Jignesh Patel,Chemical & Petro Carrier (BharatBenz 2823R),2026-09-04T16:39:54.206321,21.69326,72.99704,48.9,36.53,71.3,295.15,High,Fog,36.8,High Risk,High,727.6
TRK-107,DRV-807,Jignesh Patel,Chemical & Petro Carrier (BharatBenz 2823R),2026-09-04T16:43:54.206321,21.48028,72.94825,75.3,31.75,66.6,270.56,Low,Fog,42.1,High Risk,High,288.3
TRK-107,DRV-807,Jignesh Patel,Chemical & Petro Carrier (BharatBenz 2823R),2026-09-04T16:47:54.206321,21.27086,72.86913,45.0,33.48,67.2,245.96,High,Fog,47.4,High Risk,High,660.9
TRK-107,DRV-807,Jignesh Patel,Chemical & Petro Carrier (BharatBenz 2823R),2026-09-04T16:51:54.206321,21.06389,72.87885,64.9,34.15,61.6,221.37,Moderate,Fog,52.6,High Risk,High,331.0
TRK-107,DRV-807,Jignesh Patel,Chemical & Petro Carrier (BharatBenz 2823R),2026-09-04T16:55:54.206321,20.85145,72.93118,73.8,30.62,52.3,196.77,Low,Fog,57.9,High Risk,High,216.9
TRK-107,DRV-807,Jignesh Patel,Chemical & Petro Carrier (BharatBenz 2823R),2026-09-04T16:59:54.206321,20.6293,72.93384,75.6,31.26,50.2,172.17,Low,Fog,63.2,High Risk,High,179.4
TRK-107,DRV-807,Jignesh Patel,Chemical & Petro Carrier (BharatBenz 2823R),2026-09-04T17:03:54.206321,20.40821,72.91273,89.7,31.93,50.3,147.58,Low,Fog,68.4,High Risk,High,132.8
TRK-107,DRV-807,Jignesh Patel,Chemical & Petro Carrier (BharatBenz 2823R),2026-09-04T17:07:54.206321,20.18614,72.91104,57.9,31.93,44.6,122.98,Moderate,Fog,73.7,High Risk,High,209.9
TRK-107,DRV-807,Jignesh Patel,Chemical & Petro Carrier (BharatBenz 2823R),2026-09-04T17:11:54.206321,19.96396,72.91152,64.8,31.1,41.5,98.38,Low,Fog,78.9,In Transit,Moderate,115.5
TRK-107,DRV-807,Jignesh Patel,Chemical & Petro Carrier (BharatBenz 2823R),2026-09-04T17:15:54.206321,19.74178,72.91199,69.4,29.75,35.5,73.79,Low,Fog,84.2,In Transit,Moderate,82.1
TRK-107,DRV-807,Jignesh Patel,Chemical & Petro Carrier (BharatBenz 2823R),2026-09-04T17:19:54.206321,19.51986,72.90056,31.6,47.14,34.9,49.19,Severe,Fog,89.5,Delayed,High,254.6
TRK-107,DRV-807,Jignesh Patel,Chemical & Petro Carrier (BharatBenz 2823R),2026-09-04T17:23:54.206321,19.29793,72.88913,42.9,37.19,32.3,24.6,High,Fog,94.7,High Risk,High,66.6
TRK-107,DRV-807,Jignesh Patel,Chemical & Petro Carrier (BharatBenz 2823R),2026-09-04T17:27:54.206321,19.076,72.8777,83.1,31.01,26.2,0.0,Low,Fog,100.0,Arrived,Low,6.8
TRK-107,DRV-807,Jignesh Patel,Chemical & Petro Carrier (BharatBenz 2823R),2026-09-05T06:11:54.206321,23.0225,72.5714,51.8,35.61,101.4,467.33,High,Clear,0.0,High Risk,High,816.7
TRK-107,DRV-807,Jignesh Patel,Chemical & Petro Carrier (BharatBenz 2823R),2026-09-05T06:15:54.206321,22.85057,72.72312,77.5,31.4,94.8,442.73,Low,Clear,5.3,In Transit,Low,339.4
TRK-107,DRV-807,Jignesh Patel,Chemical & Petro Carrier (BharatBenz 2823R),2026-09-05T06:19:54.206321,22.6765,72.87118,51.9,35.71,90.7,418.13,High,Clear,10.5,High Risk,High,727.2
TRK-107,DRV-807,Jignesh Patel,Chemical & Petro Carrier (BharatBenz 2823R),2026-09-05T06:23:54.206321,22.49211,72.99989,80.4,28.05,87.5,393.54,Low,Clear,15.8,In Transit,Low,296.2
TRK-107,DRV-807,Jignesh Patel,Chemical & Petro Carrier (BharatBenz 2823R),2026-09-05T06:27:54.206321,22.32796,73.16085,90.9,29.74,83.1,368.94,Low,Clear,21.1,In Transit,Low,239.9
TRK-107,DRV-807,Jignesh Patel,Chemical & Petro Carrier (BharatBenz 2823R),2026-09-05T06:31:54.206321,22.12069,73.1238,89.3,28.16,79.0,344.35,Low,Clear,26.3,In Transit,Low,226.4
TRK-107,DRV-807,Jignesh Patel,Chemical & Petro Carrier (BharatBenz 2823R),2026-09-05T06:35:54.206321,21.90718,73.05809,94.6,26.97,77.7,319.75,Low,Clear,31.6,In Transit,Low,200.8
TRK-107,DRV-807,Jignesh Patel,Chemical & Petro Carrier (BharatBenz 2823R),2026-09-05T06:39:54.206321,21.69326,72.99704,83.7,29.89,72.9,295.15,Low,Clear,36.8,In Transit,Low,213.4
TRK-107,DRV-807,Jignesh Patel,Chemical & Petro Carrier (BharatBenz 2823R),2026-09-05T06:43:54.206321,21.48028,72.94825,90.2,28.94,69.1,270.56,Low,Clear,42.1,In Transit,Low,175.9
TRK-107,DRV-807,Jignesh Patel,Chemical & Petro Carrier (BharatBenz 2823R),2026-09-05T06:47:54.206321,21.27086,72.86913,84.7,28.33,66.6,245.96,Low,Clear,47.4,In Transit,Low,169.5
TRK-107,DRV-807,Jignesh Patel,Chemical & Petro Carrier (BharatBenz 2823R),2026-09-05T06:51:54.206321,21.06389,72.87885,84.7,28.79,60.6,221.37,Low,Clear,52.6,In Transit,Low,154.3
TRK-107,DRV-807,Jignesh Patel,Chemical & Petro Carrier (BharatBenz 2823R),2026-09-05T06:55:54.206321,20.85145,72.93118,70.6,31.19,54.7,196.77,Moderate,Clear,57.9,High Risk,High,201.8
TRK-107,DRV-807,Jignesh Patel,Chemical & Petro Carrier (BharatBenz 2823R),2026-09-05T06:59:54.206321,20.6293,72.93384,77.4,31.31,52.5,172.17,Low,Clear,63.2,In Transit,Low,138.4
TRK-107,DRV-807,Jignesh Patel,Chemical & Petro Carrier (BharatBenz 2823R),2026-09-05T07:03:54.206321,20.40821,72.91273,75.2,28.01,48.2,147.58,Moderate,Clear,68.4,In Transit,Moderate,140.0
TRK-107,DRV-807,Jignesh Patel,Chemical & Petro Carrier (BharatBenz 2823R),2026-09-05T07:07:54.206321,20.18614,72.91104,80.8,28.59,47.9,122.98,Low,Clear,73.7,In Transit,Low,97.6
TRK-107,DRV-807,Jignesh Patel,Chemical & Petro Carrier (BharatBenz 2823R),2026-09-05T07:11:54.206321,19.96396,72.91152,52.8,35.24,42.7,98.38,High,Clear,78.9,High Risk,High,169.2
TRK-107,DRV-807,Jignesh Patel,Chemical & Petro Carrier (BharatBenz 2823R),2026-09-05T07:15:54.206321,19.74178,72.91199,77.7,33.4,34.2,73.79,Moderate,Clear,84.2,In Transit,Moderate,69.7
TRK-107,DRV-807,Jignesh Patel,Chemical & Petro Carrier (BharatBenz 2823R),2026-09-05T07:19:54.206321,19.51986,72.90056,52.5,37.48,30.8,49.19,High,Clear,89.5,High Risk,High,85.0
TRK-107,DRV-807,Jignesh Patel,Chemical & Petro Carrier (BharatBenz 2823R),2026-09-05T07:23:54.206321,19.29793,72.88913,57.2,33.37,31.6,24.6,High,Clear,94.7,In Transit,Moderate,39.9
TRK-107,DRV-807,Jignesh Patel,Chemical & Petro Carrier (BharatBenz 2823R),2026-09-05T07:27:54.206321,19.076,72.8777,61.0,34.89,24.5,0.0,High,Clear,100.0,In Transit,Moderate,0.5
TRK-107,DRV-807,Jignesh Patel,Chemical & Petro Carrier (BharatBenz 2823R),2026-09-05T20:11:54.206321,23.0225,72.5714,66.4,28.89,101.7,467.33,Low,Fog,0.0,High Risk,High,576.0
TRK-107,DRV-807,Jignesh Patel,Chemical & Petro Carrier (BharatBenz 2823R),2026-09-05T20:15:54.206321,22.85057,72.72312,48.2,38.51,95.7,442.73,High,Fog,5.3,High Risk,High,1113.0
TRK-107,DRV-807,Jignesh Patel,Chemical & Petro Carrier (BharatBenz 2823R),2026-09-05T20:19:54.206321,22.6765,72.87118,71.2,29.45,93.9,418.13,Low,Fog,10.5,High Risk,High,475.5
TRK-107,DRV-807,Jignesh Patel,Chemical & Petro Carrier (BharatBenz 2823R),2026-09-05T20:23:54.206321,22.49211,72.99989,48.2,41.07,85.5,393.54,High,Fog,15.8,High Risk,High,993.4
TRK-107,DRV-807,Jignesh Patel,Chemical & Petro Carrier (BharatBenz 2823R),2026-09-05T20:27:54.206321,22.32796,73.16085,63.0,35.22,85.9,368.94,Moderate,Fog,21.1,High Risk,High,573.2
TRK-107,DRV-807,Jignesh Patel,Chemical & Petro Carrier (BharatBenz 2823R),2026-09-05T20:31:54.206321,22.12069,73.1238,71.7,31.16,78.7,344.35,Low,Fog,26.3,High Risk,High,390.0
TRK-107,DRV-807,Jignesh Patel,Chemical & Petro Carrier (BharatBenz 2823R),2026-09-05T20:35:54.206321,21.90718,73.05809,76.0,32.73,77.6,319.75,Low,Fog,31.6,High Risk,High,340.0
TRK-107,DRV-807,Jignesh Patel,Chemical & Petro Carrier (BharatBenz 2823R),2026-09-05T20:39:54.206321,21.69326,72.99704,81.0,30.09,75.3,295.15,Low,Fog,36.8,High Risk,High,290.9
TRK-107,DRV-807,Jignesh Patel,Chemical & Petro Carrier (BharatBenz 2823R),2026-09-05T20:43:54.206321,21.48028,72.94825,72.7,32.9,70.7,270.56,Low,Fog,42.1,High Risk,High,305.5
TRK-107,DRV-807,Jignesh Patel,Chemical & Petro Carrier (BharatBenz 2823R),2026-09-05T20:47:54.206321,21.27086,72.86913,78.0,29.85,61.4,245.96,Low,Fog,47.4,High Risk,High,257.8
TRK-107,DRV-807,Jignesh Patel,Chemical & Petro Carrier (BharatBenz 2823R),2026-09-05T20:51:54.206321,21.06389,72.87885,58.9,31.37,61.1,221.37,Moderate,Fog,52.6,High Risk,High,370.9
TRK-107,DRV-807,Jignesh Patel,Chemical & Petro Carrier (BharatBenz 2823R),2026-09-05T20:55:54.206321,20.85145,72.93118,73.0,29.07,57.8,196.77,Low,Fog,57.9,High Risk,High,221.3
TRK-107,DRV-807,Jignesh Patel,Chemical & Petro Carrier (BharatBenz 2823R),2026-09-05T20:59:54.206321,20.6293,72.93384,72.3,31.53,51.5,172.17,Low,Fog,63.2,High Risk,High,195.5
TRK-107,DRV-807,Jignesh Patel,Chemical & Petro Carrier (BharatBenz 2823R),2026-09-05T21:03:54.206321,20.40821,72.91273,44.4,43.09,51.2,147.58,Severe,Fog,68.4,High Risk,High,542.0
TRK-107,DRV-807,Jignesh Patel,Chemical & Petro Carrier (BharatBenz 2823R),2026-09-05T21:07:54.206321,20.18614,72.91104,71.1,27.69,45.0,122.98,Low,Fog,73.7,High Risk,High,135.6
TRK-107,DRV-807,Jignesh Patel,Chemical & Petro Carrier (BharatBenz 2823R),2026-09-05T21:11:54.206321,19.96396,72.91152,51.9,39.72,39.8,98.38,High,Fog,78.9,High Risk,High,227.2
TRK-107,DRV-807,Jignesh Patel,Chemical & Petro Carrier (BharatBenz 2823R),2026-09-05T21:15:54.206321,19.74178,72.91199,53.8,34.71,35.4,73.79,High,Fog,84.2,High Risk,High,165.7
TRK-107,DRV-807,Jignesh Patel,Chemical & Petro Carrier (BharatBenz 2823R),2026-09-05T21:19:54.206321,19.51986,72.90056,83.3,32.07,32.8,49.19,Low,Fog,89.5,In Transit,Moderate,51.3
TRK-107,DRV-807,Jignesh Patel,Chemical & Petro Carrier (BharatBenz 2823R),2026-09-05T21:23:54.206321,19.29793,72.88913,62.6,37.55,29.0,24.6,Moderate,Fog,94.7,In Transit,Moderate,43.2
TRK-107,DRV-807,Jignesh Patel,Chemical & Petro Carrier (BharatBenz 2823R),2026-09-05T21:27:54.206321,19.076,72.8777,45.8,37.0,22.2,0.0,High,Fog,100.0,In Transit,Moderate,0.5
TRK-107,DRV-807,Jignesh Patel,Chemical & Petro Carrier (BharatBenz 2823R),2026-09-06T10:11:54.206321,23.0225,72.5714,66.3,32.53,97.7,467.33,Moderate,Clear,0.0,High Risk,High,507.0
TRK-107,DRV-807,Jignesh Patel,Chemical & Petro Carrier (BharatBenz 2823R),2026-09-06T10:15:54.206321,22.85057,72.72312,77.8,35.04,94.8,442.73,Moderate,Clear,5.3,High Risk,High,414.1
TRK-107,DRV-807,Jignesh Patel,Chemical & Petro Carrier (BharatBenz 2823R),2026-09-06T10:19:54.206321,22.6765,72.87118,70.1,33.45,89.5,418.13,High,Clear,10.5,High Risk,High,540.9
TRK-107,DRV-807,Jignesh Patel,Chemical & Petro Carrier (BharatBenz 2823R),2026-09-06T10:23:54.206321,22.49211,72.99989,81.9,30.04,97.4,393.54,Low,Clear,15.8,In Transit,Low,285.9
TRK-107,DRV-807,Jignesh Patel,Chemical & Petro Carrier (BharatBenz 2823R),2026-09-06T10:27:54.206321,22.32796,73.16085,76.6,30.17,81.7,368.94,Moderate,Clear,21.1,High Risk,High,347.8
TRK-107,DRV-807,Jignesh Patel,Chemical & Petro Carrier (BharatBenz 2823R),2026-09-06T10:31:54.206321,22.12069,73.1238,83.5,26.79,80.9,344.35,Low,Clear,26.3,In Transit,Low,247.2
TRK-107,DRV-807,Jignesh Patel,Chemical & Petro Carrier (BharatBenz 2823R),2026-09-06T10:35:54.206321,21.90718,73.05809,85.9,30.52,73.7,319.75,Low,Clear,31.6,In Transit,Low,220.5
TRK-107,DRV-807,Jignesh Patel,Chemical & Petro Carrier (BharatBenz 2823R),2026-09-06T10:39:54.206321,21.69326,72.99704,62.6,31.72,69.5,295.15,Moderate,Clear,36.8,High Risk,High,337.1
TRK-107,DRV-807,Jignesh Patel,Chemical & Petro Carrier (BharatBenz 2823R),2026-09-06T10:43:54.206321,21.48028,72.94825,71.1,29.92,67.5,270.56,Moderate,Clear,42.1,High Risk,High,272.4
TRK-107,DRV-807,Jignesh Patel,Chemical & Petro Carrier (BharatBenz 2823R),2026-09-06T10:47:54.206321,21.27086,72.86913,64.3,30.74,65.8,245.96,Moderate,Clear,47.4,High Risk,High,271.3
TRK-107,DRV-807,Jignesh Patel,Chemical & Petro Carrier (BharatBenz 2823R),2026-09-06T10:51:54.206321,21.06389,72.87885,68.2,31.65,58.8,221.37,Moderate,Clear,52.6,High Risk,High,231.7
TRK-107,DRV-807,Jignesh Patel,Chemical & Petro Carrier (BharatBenz 2823R),2026-09-06T10:55:54.206321,20.85145,72.93118,54.7,32.71,57.4,196.77,High,Clear,57.9,High Risk,High,320.3
TRK-107,DRV-807,Jignesh Patel,Chemical & Petro Carrier (BharatBenz 2823R),2026-09-06T10:59:54.206321,20.6293,72.93384,92.9,29.12,52.6,172.17,Low,Clear,63.2,In Transit,Low,110.9
TRK-107,DRV-807,Jignesh Patel,Chemical & Petro Carrier (BharatBenz 2823R),2026-09-06T11:03:54.206321,20.40821,72.91273,64.5,36.15,49.9,147.58,High,Clear,68.4,High Risk,High,208.2
TRK-107,DRV-807,Jignesh Patel,Chemical & Petro Carrier (BharatBenz 2823R),2026-09-06T11:07:54.206321,20.18614,72.91104,49.9,34.26,44.7,122.98,High,Clear,73.7,High Risk,High,217.9
TRK-107,DRV-807,Jignesh Patel,Chemical & Petro Carrier (BharatBenz 2823R),2026-09-06T11:11:54.206321,19.96396,72.91152,82.7,28.02,39.3,98.38,Low,Clear,78.9,In Transit,Low,70.3
TRK-107,DRV-807,Jignesh Patel,Chemical & Petro Carrier (BharatBenz 2823R),2026-09-06T11:15:54.206321,19.74178,72.91199,84.9,26.55,35.0,73.79,Low,Clear,84.2,In Transit,Low,51.5
TRK-107,DRV-807,Jignesh Patel,Chemical & Petro Carrier (BharatBenz 2823R),2026-09-06T11:19:54.206321,19.51986,72.90056,90.4,26.67,36.1,49.19,Low,Clear,89.5,In Transit,Low,34.2
TRK-107,DRV-807,Jignesh Patel,Chemical & Petro Carrier (BharatBenz 2823R),2026-09-06T11:23:54.206321,19.29793,72.88913,87.7,26.95,28.7,24.6,Low,Clear,94.7,In Transit,Low,14.6
TRK-107,DRV-807,Jignesh Patel,Chemical & Petro Carrier (BharatBenz 2823R),2026-09-06T11:27:54.206321,19.076,72.8777,83.0,28.15,24.0,0.0,Low,Clear,100.0,Arrived,Low,4.6
TRK-107,DRV-807,Jignesh Patel,Chemical & Petro Carrier (BharatBenz 2823R),2026-09-07T00:11:54.206321,23.0225,72.5714,87.3,28.9,100.9,467.33,Low,Clear,0.0,In Transit,Low,326.2
TRK-107,DRV-807,Jignesh Patel,Chemical & Petro Carrier (BharatBenz 2823R),2026-09-07T00:15:54.206321,22.85057,72.72312,86.0,26.84,97.5,442.73,Low,Clear,5.3,In Transit,Low,308.2
TRK-107,DRV-807,Jignesh Patel,Chemical & Petro Carrier (BharatBenz 2823R),2026-09-07T00:19:54.206321,22.6765,72.87118,62.4,35.84,91.3,418.13,High,Clear,10.5,High Risk,High,613.1
TRK-107,DRV-807,Jignesh Patel,Chemical & Petro Carrier (BharatBenz 2823R),2026-09-07T00:23:54.206321,22.49211,72.99989,82.1,29.96,88.2,393.54,Low,Clear,15.8,In Transit,Low,295.0
TRK-107,DRV-807,Jignesh Patel,Chemical & Petro Carrier (BharatBenz 2823R),2026-09-07T00:27:54.206321,22.32796,73.16085,85.8,28.09,85.2,368.94,Low,Clear,21.1,In Transit,Low,262.3
TRK-107,DRV-807,Jignesh Patel,Chemical & Petro Carrier (BharatBenz 2823R),2026-09-07T00:31:54.206321,22.12069,73.1238,70.9,31.9,79.6,344.35,Moderate,Clear,26.3,High Risk,High,348.4
TRK-107,DRV-807,Jignesh Patel,Chemical & Petro Carrier (BharatBenz 2823R),2026-09-07T00:35:54.206321,21.90718,73.05809,79.4,29.7,74.6,319.75,Low,Clear,31.6,In Transit,Low,238.6
TRK-107,DRV-807,Jignesh Patel,Chemical & Petro Carrier (BharatBenz 2823R),2026-09-07T00:39:54.206321,21.69326,72.99704,86.7,26.15,71.3,295.15,Low,Clear,36.8,In Transit,Low,205.2
TRK-107,DRV-807,Jignesh Patel,Chemical & Petro Carrier (BharatBenz 2823R),2026-09-07T00:43:54.206321,21.48028,72.94825,85.9,29.49,70.7,270.56,Low,Clear,42.1,In Transit,Low,184.5
TRK-107,DRV-807,Jignesh Patel,Chemical & Petro Carrier (BharatBenz 2823R),2026-09-07T00:47:54.206321,21.27086,72.86913,55.2,34.55,66.7,245.96,High,Clear,47.4,High Risk,High,402.1
TRK-107,DRV-807,Jignesh Patel,Chemical & Petro Carrier (BharatBenz 2823R),2026-09-07T00:51:54.206321,21.06389,72.87885,91.8,29.05,63.9,221.37,Low,Clear,52.6,In Transit,Low,145.4
TRK-107,DRV-807,Jignesh Patel,Chemical & Petro Carrier (BharatBenz 2823R),2026-09-07T00:55:54.206321,20.85145,72.93118,75.5,30.6,58.7,196.77,Low,Clear,57.9,In Transit,Low,157.8
TRK-107,DRV-807,Jignesh Patel,Chemical & Petro Carrier (BharatBenz 2823R),2026-09-07T00:59:54.206321,20.6293,72.93384,73.9,32.19,49.5,172.17,Moderate,Clear,63.2,In Transit,Moderate,163.5
TRK-107,DRV-807,Jignesh Patel,Chemical & Petro Carrier (BharatBenz 2823R),2026-09-07T01:03:54.206321,20.40821,72.91273,80.4,31.87,48.4,147.58,Low,Clear,68.4,In Transit,Low,106.0
TRK-107,DRV-807,Jignesh Patel,Chemical & Petro Carrier (BharatBenz 2823R),2026-09-07T01:07:54.206321,20.18614,72.91104,82.7,30.85,48.5,122.98,Low,Clear,73.7,In Transit,Low,88.2
TRK-107,DRV-807,Jignesh Patel,Chemical & Petro Carrier (BharatBenz 2823R),2026-09-07T01:11:54.206321,19.96396,72.91152,62.0,33.64,42.1,98.38,High,Clear,78.9,High Risk,High,139.1
TRK-107,DRV-807,Jignesh Patel,Chemical & Petro Carrier (BharatBenz 2823R),2026-09-07T01:15:54.206321,19.74178,72.91199,61.5,34.81,39.7,73.79,High,Clear,84.2,High Risk,High,101.6
TRK-107,DRV-807,Jignesh Patel,Chemical & Petro Carrier (BharatBenz 2823R),2026-09-07T01:19:54.206321,19.51986,72.90056,54.6,33.72,33.6,49.19,High,Clear,89.5,High Risk,High,81.5
TRK-107,DRV-807,Jignesh Patel,Chemical & Petro Carrier (BharatBenz 2823R),2026-09-07T01:23:54.206321,19.29793,72.88913,88.6,28.71,26.1,24.6,Low,Clear,94.7,In Transit,Low,20.1
TRK-107,DRV-807,Jignesh Patel,Chemical & Petro Carrier (BharatBenz 2823R),2026-09-07T01:27:54.206321,19.076,72.8777,81.1,27.82,26.8,0.0,Low,Clear,100.0,Arrived,Low,5.2
TRK-107,DRV-807,Jignesh Patel,Chemical & Petro Carrier (BharatBenz 2823R),2026-09-07T14:11:54.206321,23.0225,72.5714,56.3,36.85,98.8,467.33,Moderate,Rain,0.0,High Risk,High,743.1
TRK-107,DRV-807,Jignesh Patel,Chemical & Petro Carrier (BharatBenz 2823R),2026-09-07T14:15:54.206321,22.85057,72.72312,45.4,38.4,95.6,442.73,High,Rain,5.3,High Risk,High,1102.6
TRK-107,DRV-807,Jignesh Patel,Chemical & Petro Carrier (BharatBenz 2823R),2026-09-07T14:19:54.206321,22.6765,72.87118,66.6,30.13,93.4,418.13,Low,Rain,10.5,High Risk,High,468.6
TRK-107,DRV-807,Jignesh Patel,Chemical & Petro Carrier (BharatBenz 2823R),2026-09-07T14:23:54.206321,22.49211,72.99989,63.8,35.24,90.3,393.54,Moderate,Rain,15.8,High Risk,High,555.2
TRK-107,DRV-807,Jignesh Patel,Chemical & Petro Carrier (BharatBenz 2823R),2026-09-07T14:27:54.206321,22.32796,73.16085,47.7,36.8,81.1,368.94,High,Rain,21.1,High Risk,High,869.8
TRK-107,DRV-807,Jignesh Patel,Chemical & Petro Carrier (BharatBenz 2823R),2026-09-07T14:31:54.206321,22.12069,73.1238,67.5,30.09,83.1,344.35,Low,Rain,26.3,High Risk,High,377.2
TRK-107,DRV-807,Jignesh Patel,Chemical & Petro Carrier (BharatBenz 2823R),2026-09-07T14:35:54.206321,21.90718,73.05809,57.3,32.99,78.2,319.75,Moderate,Rain,31.6,High Risk,High,506.0
TRK-107,DRV-807,Jignesh Patel,Chemical & Petro Carrier (BharatBenz 2823R),2026-09-07T14:39:54.206321,21.69326,72.99704,80.7,32.46,76.4,295.15,Low,Rain,36.8,High Risk,High,271.0
TRK-107,DRV-807,Jignesh Patel,Chemical & Petro Carrier (BharatBenz 2823R),2026-09-07T14:43:54.206321,21.48028,72.94825,77.3,27.78,70.7,270.56,Low,Rain,42.1,High Risk,High,267.2
TRK-107,DRV-807,Jignesh Patel,Chemical & Petro Carrier (BharatBenz 2823R),2026-09-07T14:47:54.206321,21.27086,72.86913,80.3,32.12,64.2,245.96,Low,Rain,47.4,High Risk,High,228.7
TRK-107,DRV-807,Jignesh Patel,Chemical & Petro Carrier (BharatBenz 2823R),2026-09-07T14:51:54.206321,21.06389,72.87885,47.0,42.67,57.2,221.37,Severe,Rain,52.6,High Risk,High,703.9
TRK-107,DRV-807,Jignesh Patel,Chemical & Petro Carrier (BharatBenz 2823R),2026-09-07T14:55:54.206321,20.85145,72.93118,84.7,29.69,54.7,196.77,Low,Rain,57.9,High Risk,High,171.8
TRK-107,DRV-807,Jignesh Patel,Chemical & Petro Carrier (BharatBenz 2823R),2026-09-07T14:59:54.206321,20.6293,72.93384,80.1,30.53,55.6,172.17,Low,Rain,63.2,High Risk,High,160.1
TRK-107,DRV-807,Jignesh Patel,Chemical & Petro Carrier (BharatBenz 2823R),2026-09-07T15:03:54.206321,20.40821,72.91273,69.8,27.51,48.9,147.58,Low,Rain,68.4,High Risk,High,159.0
TRK-107,DRV-807,Jignesh Patel,Chemical & Petro Carrier (BharatBenz 2823R),2026-09-07T15:07:54.206321,20.18614,72.91104,63.4,30.58,43.7,122.98,Moderate,Rain,73.7,High Risk,High,179.0
TRK-107,DRV-807,Jignesh Patel,Chemical & Petro Carrier (BharatBenz 2823R),2026-09-07T15:11:54.206321,19.96396,72.91152,78.5,27.81,42.1,98.38,Low,Rain,78.9,In Transit,Moderate,89.6
TRK-107,DRV-807,Jignesh Patel,Chemical & Petro Carrier (BharatBenz 2823R),2026-09-07T15:15:54.206321,19.74178,72.91199,83.6,31.52,34.4,73.79,Low,Rain,84.2,In Transit,Moderate,68.9
TRK-107,DRV-807,Jignesh Patel,Chemical & Petro Carrier (BharatBenz 2823R),2026-09-07T15:19:54.206321,19.51986,72.90056,75.3,28.44,32.3,49.19,Low,Rain,89.5,In Transit,Low,48.3
TRK-107,DRV-807,Jignesh Patel,Chemical & Petro Carrier (BharatBenz 2823R),2026-09-07T15:23:54.206321,19.29793,72.88913,71.1,31.35,26.3,24.6,Low,Rain,94.7,In Transit,Low,27.2
TRK-107,DRV-807,Jignesh Patel,Chemical & Petro Carrier (BharatBenz 2823R),2026-09-07T15:27:54.206321,19.076,72.8777,70.3,32.86,21.7,0.0,Low,Rain,100.0,Arrived,Low,0.5
TRK-107,DRV-807,Jignesh Patel,Chemical & Petro Carrier (BharatBenz 2823R),2026-09-08T04:11:54.206321,23.0225,72.5714,59.1,29.36,101.3,467.33,Moderate,Clear,0.0,High Risk,High,569.4
TRK-107,DRV-807,Jignesh Patel,Chemical & Petro Carrier (BharatBenz 2823R),2026-09-08T04:15:54.206321,22.85057,72.72312,88.8,24.47,95.4,442.73,Low,Clear,5.3,In Transit,Low,301.3
TRK-107,DRV-807,Jignesh Patel,Chemical & Petro Carrier (BharatBenz 2823R),2026-09-08T04:19:54.206321,22.6765,72.87118,86.9,30.31,97.4,418.13,Low,Clear,10.5,In Transit,Low,279.5
TRK-107,DRV-807,Jignesh Patel,Chemical & Petro Carrier (BharatBenz 2823R),2026-09-08T04:23:54.206321,22.49211,72.99989,69.2,32.45,90.6,393.54,Moderate,Clear,15.8,High Risk,High,410.4
TRK-107,DRV-807,Jignesh Patel,Chemical & Petro Carrier (BharatBenz 2823R),2026-09-08T04:27:54.206321,22.32796,73.16085,56.6,32.04,86.2,368.94,High,Clear,21.1,High Risk,High,587.4
TRK-107,DRV-807,Jignesh Patel,Chemical & Petro Carrier (BharatBenz 2823R),2026-09-08T04:31:54.206321,22.12069,73.1238,61.6,37.72,79.8,344.35,High,Clear,26.3,High Risk,High,503.5
TRK-107,DRV-807,Jignesh Patel,Chemical & Petro Carrier (BharatBenz 2823R),2026-09-08T04:35:54.206321,21.90718,73.05809,65.4,28.68,77.8,319.75,Moderate,Clear,31.6,High Risk,High,354.2
TRK-107,DRV-807,Jignesh Patel,Chemical & Petro Carrier (BharatBenz 2823R),2026-09-08T04:39:54.206321,21.69326,72.99704,85.4,29.01,72.1,295.15,Low,Clear,36.8,In Transit,Low,211.1
TRK-107,DRV-807,Jignesh Patel,Chemical & Petro Carrier (BharatBenz 2823R),2026-09-08T04:43:54.206321,21.48028,72.94825,70.8,30.94,69.8,270.56,Moderate,Clear,42.1,High Risk,High,277.1
TRK-107,DRV-807,Jignesh Patel,Chemical & Petro Carrier (BharatBenz 2823R),2026-09-08T04:47:54.206321,21.27086,72.86913,82.2,31.93,61.6,245.96,Moderate,Clear,47.4,High Risk,High,219.4
TRK-107,DRV-807,Jignesh Patel,Chemical & Petro Carrier (BharatBenz 2823R),2026-09-08T04:51:54.206321,21.06389,72.87885,80.1,27.74,62.4,221.37,Low,Clear,52.6,In Transit,Low,166.8
TRK-107,DRV-807,Jignesh Patel,Chemical & Petro Carrier (BharatBenz 2823R),2026-09-08T04:55:54.206321,20.85145,72.93118,75.3,31.79,58.9,196.77,Moderate,Clear,57.9,High Risk,High,191.7
TRK-107,DRV-807,Jignesh Patel,Chemical & Petro Carrier (BharatBenz 2823R),2026-09-08T04:59:54.206321,20.6293,72.93384,77.8,26.14,53.5,172.17,Low,Clear,63.2,In Transit,Low,134.9
TRK-107,DRV-807,Jignesh Patel,Chemical & Petro Carrier (BharatBenz 2823R),2026-09-08T05:03:54.206321,20.40821,72.91273,77.6,29.37,45.8,147.58,Low,Clear,68.4,In Transit,Low,118.7
TRK-107,DRV-807,Jignesh Patel,Chemical & Petro Carrier (BharatBenz 2823R),2026-09-08T05:07:54.206321,20.18614,72.91104,51.1,33.76,47.0,122.98,High,Clear,73.7,High Risk,High,221.0
TRK-107,DRV-807,Jignesh Patel,Chemical & Petro Carrier (BharatBenz 2823R),2026-09-08T05:11:54.206321,19.96396,72.91152,64.8,33.32,38.6,98.38,Moderate,Clear,78.9,In Transit,Moderate,111.5
TRK-107,DRV-807,Jignesh Patel,Chemical & Petro Carrier (BharatBenz 2823R),2026-09-08T05:15:54.206321,19.74178,72.91199,84.0,28.64,36.2,73.79,Low,Clear,84.2,In Transit,Low,55.3
TRK-107,DRV-807,Jignesh Patel,Chemical & Petro Carrier (BharatBenz 2823R),2026-09-08T05:19:54.206321,19.51986,72.90056,54.1,33.19,35.1,49.19,High,Clear,89.5,High Risk,High,81.1
TRK-107,DRV-807,Jignesh Patel,Chemical & Petro Carrier (BharatBenz 2823R),2026-09-08T05:23:54.206321,19.29793,72.88913,84.6,31.3,29.0,24.6,Moderate,Clear,94.7,In Transit,Low,20.4
TRK-107,DRV-807,Jignesh Patel,Chemical & Petro Carrier (BharatBenz 2823R),2026-09-08T05:27:54.206321,19.076,72.8777,56.7,34.06,19.6,0.0,High,Clear,100.0,In Transit,Moderate,0.5
TRK-107,DRV-807,Jignesh Patel,Chemical & Petro Carrier (BharatBenz 2823R),2026-09-08T18:11:54.206321,23.0225,72.5714,62.3,35.31,99.4,467.33,Low,Rain,0.0,High Risk,High,562.7
TRK-107,DRV-807,Jignesh Patel,Chemical & Petro Carrier (BharatBenz 2823R),2026-09-08T18:15:54.206321,22.85057,72.72312,74.0,29.72,92.3,442.73,Low,Rain,5.3,High Risk,High,449.4
TRK-107,DRV-807,Jignesh Patel,Chemical & Petro Carrier (BharatBenz 2823R),2026-09-08T18:19:54.206321,22.6765,72.87118,41.3,36.45,94.2,418.13,High,Rain,10.5,High Risk,High,1137.7
TRK-107,DRV-807,Jignesh Patel,Chemical & Petro Carrier (BharatBenz 2823R),2026-09-08T18:23:54.206321,22.49211,72.99989,51.7,34.27,87.6,393.54,High,Rain,15.8,High Risk,High,856.9
TRK-107,DRV-807,Jignesh Patel,Chemical & Petro Carrier (BharatBenz 2823R),2026-09-08T18:27:54.206321,22.32796,73.16085,89.3,27.83,85.3,368.94,Low,Rain,21.1,High Risk,High,311.5
TRK-107,DRV-807,Jignesh Patel,Chemical & Petro Carrier (BharatBenz 2823R),2026-09-08T18:31:54.206321,22.12069,73.1238,50.6,38.29,83.6,344.35,High,Rain,26.3,High Risk,High,766.3
TRK-107,DRV-807,Jignesh Patel,Chemical & Petro Carrier (BharatBenz 2823R),2026-09-08T18:35:54.206321,21.90718,73.05809,80.2,31.15,78.5,319.75,Low,Rain,31.6,High Risk,High,302.0
TRK-107,DRV-807,Jignesh Patel,Chemical & Petro Carrier (BharatBenz 2823R),2026-09-08T18:39:54.206321,21.69326,72.99704,43.7,43.93,75.6,295.15,Severe,Rain,36.8,High Risk,High,1014.6
TRK-107,DRV-807,Jignesh Patel,Chemical & Petro Carrier (BharatBenz 2823R),2026-09-08T18:43:54.206321,21.48028,72.94825,68.2,30.38,72.5,270.56,Moderate,Rain,42.1,High Risk,High,358.0
TRK-107,DRV-807,Jignesh Patel,Chemical & Petro Carrier (BharatBenz 2823R),2026-09-08T18:47:54.206321,21.27086,72.86913,74.9,31.84,67.9,245.96,Low,Rain,47.4,High Risk,High,247.9
TRK-107,DRV-807,Jignesh Patel,Chemical & Petro Carrier (BharatBenz 2823R),2026-09-08T18:51:54.206321,21.06389,72.87885,67.1,31.32,57.9,221.37,Moderate,Rain,52.6,High Risk,High,291.1
TRK-107,DRV-807,Jignesh Patel,Chemical & Petro Carrier (BharatBenz 2823R),2026-09-08T18:55:54.206321,20.85145,72.93118,82.4,29.95,58.2,196.77,Low,Rain,57.9,High Risk,High,182.8
TRK-107,DRV-807,Jignesh Patel,Chemical & Petro Carrier (BharatBenz 2823R),2026-09-08T18:59:54.206321,20.6293,72.93384,84.6,28.75,51.4,172.17,Low,Rain,63.2,High Risk,High,150.1
TRK-107,DRV-807,Jignesh Patel,Chemical & Petro Carrier (BharatBenz 2823R),2026-09-08T19:03:54.206321,20.40821,72.91273,54.1,35.82,45.9,147.58,Moderate,Rain,68.4,High Risk,High,246.4
TRK-107,DRV-807,Jignesh Patel,Chemical & Petro Carrier (BharatBenz 2823R),2026-09-08T19:07:54.206321,20.18614,72.91104,57.1,36.22,41.0,122.98,High,Rain,73.7,High Risk,High,239.8
TRK-107,DRV-807,Jignesh Patel,Chemical & Petro Carrier (BharatBenz 2823R),2026-09-08T19:11:54.206321,19.96396,72.91152,78.0,31.73,40.8,98.38,Low,Rain,78.9,In Transit,Moderate,90.2
TRK-107,DRV-807,Jignesh Patel,Chemical & Petro Carrier (BharatBenz 2823R),2026-09-08T19:15:54.206321,19.74178,72.91199,79.1,31.66,38.2,73.79,Low,Rain,84.2,In Transit,Moderate,76.0
TRK-107,DRV-807,Jignesh Patel,Chemical & Petro Carrier (BharatBenz 2823R),2026-09-08T19:19:54.206321,19.51986,72.90056,49.2,37.62,32.1,49.19,High,Rain,89.5,High Risk,High,110.7
TRK-107,DRV-807,Jignesh Patel,Chemical & Petro Carrier (BharatBenz 2823R),2026-09-08T19:23:54.206321,19.29793,72.88913,66.3,33.14,31.1,24.6,Moderate,Rain,94.7,In Transit,Moderate,33.3
TRK-107,DRV-807,Jignesh Patel,Chemical & Petro Carrier (BharatBenz 2823R),2026-09-08T19:27:54.206321,19.076,72.8777,62.1,34.72,24.0,0.0,Moderate,Rain,100.0,Arrived,Low,0.5
TRK-107,DRV-807,Jignesh Patel,Chemical & Petro Carrier (BharatBenz 2823R),2026-09-09T08:11:54.206321,23.0225,72.5714,86.1,27.69,99.2,467.33,Low,Clear,0.0,In Transit,Low,330.5
TRK-107,DRV-807,Jignesh Patel,Chemical & Petro Carrier (BharatBenz 2823R),2026-09-09T08:15:54.206321,22.85057,72.72312,58.8,31.19,101.0,442.73,High,Clear,5.3,High Risk,High,683.1
TRK-107,DRV-807,Jignesh Patel,Chemical & Petro Carrier (BharatBenz 2823R),2026-09-09T08:19:54.206321,22.6765,72.87118,85.3,27.2,92.6,418.13,Low,Clear,10.5,In Transit,Low,288.8
TRK-107,DRV-807,Jignesh Patel,Chemical & Petro Carrier (BharatBenz 2823R),2026-09-09T08:23:54.206321,22.49211,72.99989,99.5,27.58,90.9,393.54,Low,Clear,15.8,In Transit,Low,232.5
TRK-107,DRV-807,Jignesh Patel,Chemical & Petro Carrier (BharatBenz 2823R),2026-09-09T08:27:54.206321,22.32796,73.16085,50.5,36.64,85.3,368.94,High,Clear,21.1,High Risk,High,662.2
TRK-107,DRV-807,Jignesh Patel,Chemical & Petro Carrier (BharatBenz 2823R),2026-09-09T08:31:54.206321,22.12069,73.1238,51.2,40.81,80.9,344.35,Severe,Clear,26.3,High Risk,High,810.0
TRK-107,DRV-807,Jignesh Patel,Chemical & Petro Carrier (BharatBenz 2823R),2026-09-09T08:35:54.206321,21.90718,73.05809,63.2,31.78,74.0,319.75,Moderate,Clear,31.6,High Risk,High,360.3
TRK-107,DRV-807,Jignesh Patel,Chemical & Petro Carrier (BharatBenz 2823R),2026-09-09T08:39:54.206321,21.69326,72.99704,58.0,31.9,73.5,295.15,Moderate,Clear,36.8,High Risk,High,364.5
TRK-107,DRV-807,Jignesh Patel,Chemical & Petro Carrier (BharatBenz 2823R),2026-09-09T08:43:54.206321,21.48028,72.94825,74.2,32.75,68.7,270.56,Moderate,Clear,42.1,High Risk,High,264.4
TRK-107,DRV-807,Jignesh Patel,Chemical & Petro Carrier (BharatBenz 2823R),2026-09-09T08:47:54.206321,21.27086,72.86913,56.8,30.1,64.5,245.96,Moderate,Clear,47.4,High Risk,High,312.5
TRK-107,DRV-807,Jignesh Patel,Chemical & Petro Carrier (BharatBenz 2823R),2026-09-09T08:51:54.206321,21.06389,72.87885,58.3,34.24,61.0,221.37,High,Clear,52.6,High Risk,High,342.3
TRK-107,DRV-807,Jignesh Patel,Chemical & Petro Carrier (BharatBenz 2823R),2026-09-09T08:55:54.206321,20.85145,72.93118,78.3,29.24,57.2,196.77,Low,Clear,57.9,In Transit,Low,151.8
TRK-107,DRV-807,Jignesh Patel,Chemical & Petro Carrier (BharatBenz 2823R),2026-09-09T08:59:54.206321,20.6293,72.93384,73.1,28.08,54.9,172.17,Low,Clear,63.2,In Transit,Low,142.1
TRK-107,DRV-807,Jignesh Patel,Chemical & Petro Carrier (BharatBenz 2823R),2026-09-09T09:03:54.206321,20.40821,72.91273,89.0,27.02,50.2,147.58,Low,Clear,68.4,In Transit,Low,103.1
TRK-107,DRV-807,Jignesh Patel,Chemical & Petro Carrier (BharatBenz 2823R),2026-09-09T09:07:54.206321,20.18614,72.91104,79.7,28.21,43.9,122.98,Low,Clear,73.7,In Transit,Low,91.3
TRK-107,DRV-807,Jignesh Patel,Chemical & Petro Carrier (BharatBenz 2823R),2026-09-09T09:11:54.206321,19.96396,72.91152,73.7,31.12,41.6,98.38,Moderate,Clear,78.9,In Transit,Moderate,99.2
TRK-107,DRV-807,Jignesh Patel,Chemical & Petro Carrier (BharatBenz 2823R),2026-09-09T09:15:54.206321,19.74178,72.91199,60.4,34.77,37.3,73.79,High,Clear,84.2,High Risk,High,105.6
TRK-107,DRV-807,Jignesh Patel,Chemical & Petro Carrier (BharatBenz 2823R),2026-09-09T09:19:54.206321,19.51986,72.90056,78.5,31.2,31.2,49.19,Low,Clear,89.5,In Transit,Low,34.6
TRK-107,DRV-807,Jignesh Patel,Chemical & Petro Carrier (BharatBenz 2823R),2026-09-09T09:23:54.206321,19.29793,72.88913,83.5,29.22,28.9,24.6,Low,Clear,94.7,In Transit,Low,14.4
TRK-107,DRV-807,Jignesh Patel,Chemical & Petro Carrier (BharatBenz 2823R),2026-09-09T09:27:54.206321,19.076,72.8777,43.7,39.32,24.2,0.0,Severe,Clear,100.0,Arrived,Low,4.0
TRK-107,DRV-807,Jignesh Patel,Chemical & Petro Carrier (BharatBenz 2823R),2026-09-09T22:11:54.206321,23.0225,72.5714,72.2,26.55,98.7,467.33,Low,Rain,0.0,High Risk,High,485.0
TRK-107,DRV-807,Jignesh Patel,Chemical & Petro Carrier (BharatBenz 2823R),2026-09-09T22:15:54.206321,22.85057,72.72312,69.4,32.86,94.9,442.73,Moderate,Rain,5.3,High Risk,High,577.1
TRK-107,DRV-807,Jignesh Patel,Chemical & Petro Carrier (BharatBenz 2823R),2026-09-09T22:19:54.206321,22.6765,72.87118,80.5,30.6,89.7,418.13,Low,Rain,10.5,High Risk,High,389.1
TRK-107,DRV-807,Jignesh Patel,Chemical & Petro Carrier (BharatBenz 2823R),2026-09-09T22:23:54.206321,22.49211,72.99989,40.7,42.06,90.1,393.54,Severe,Rain,15.8,High Risk,High,1450.1
TRK-107,DRV-807,Jignesh Patel,Chemical & Petro Carrier (BharatBenz 2823R),2026-09-09T22:27:54.206321,22.32796,73.16085,78.8,34.13,86.5,368.94,Moderate,Rain,21.1,High Risk,High,426.6
TRK-107,DRV-807,Jignesh Patel,Chemical & Petro Carrier (BharatBenz 2823R),2026-09-09T22:31:54.206321,22.12069,73.1238,75.4,27.38,80.8,344.35,Low,Rain,26.3,High Risk,High,343.7
TRK-107,DRV-807,Jignesh Patel,Chemical & Petro Carrier (BharatBenz 2823R),2026-09-09T22:35:54.206321,21.90718,73.05809,65.2,30.11,77.2,319.75,Moderate,Rain,31.6,High Risk,High,441.4
TRK-107,DRV-807,Jignesh Patel,Chemical & Petro Carrier (BharatBenz 2823R),2026-09-09T22:39:54.206321,21.69326,72.99704,64.8,31.9,71.0,295.15,Moderate,Rain,36.8,High Risk,High,405.8
TRK-107,DRV-807,Jignesh Patel,Chemical & Petro Carrier (BharatBenz 2823R),2026-09-09T22:43:54.206321,21.48028,72.94825,59.9,33.6,67.4,270.56,Moderate,Rain,42.1,High Risk,High,405.1
TRK-107,DRV-807,Jignesh Patel,Chemical & Petro Carrier (BharatBenz 2823R),2026-09-09T22:47:54.206321,21.27086,72.86913,76.1,30.0,66.3,245.96,Low,Rain,47.4,High Risk,High,237.1
TRK-107,DRV-807,Jignesh Patel,Chemical & Petro Carrier (BharatBenz 2823R),2026-09-09T22:51:54.206321,21.06389,72.87885,75.4,31.47,59.2,221.37,Low,Rain,52.6,High Risk,High,216.1
TRK-107,DRV-807,Jignesh Patel,Chemical & Petro Carrier (BharatBenz 2823R),2026-09-09T22:55:54.206321,20.85145,72.93118,66.0,31.34,61.5,196.77,Low,Rain,57.9,High Risk,High,218.2
TRK-107,DRV-807,Jignesh Patel,Chemical & Petro Carrier (BharatBenz 2823R),2026-09-09T22:59:54.206321,20.6293,72.93384,75.3,28.96,54.0,172.17,Low,Rain,63.2,High Risk,High,165.1
TRK-107,DRV-807,Jignesh Patel,Chemical & Petro Carrier (BharatBenz 2823R),2026-09-09T23:03:54.206321,20.40821,72.91273,60.7,33.26,50.8,147.58,Moderate,Rain,68.4,High Risk,High,222.0
TRK-107,DRV-807,Jignesh Patel,Chemical & Petro Carrier (BharatBenz 2823R),2026-09-09T23:07:54.206321,20.18614,72.91104,44.3,38.9,42.4,122.98,High,Rain,73.7,High Risk,High,313.3
TRK-107,DRV-807,Jignesh Patel,Chemical & Petro Carrier (BharatBenz 2823R),2026-09-09T23:11:54.206321,19.96396,72.91152,73.5,28.89,41.4,98.38,Low,Rain,78.9,In Transit,Moderate,100.7
TRK-107,DRV-807,Jignesh Patel,Chemical & Petro Carrier (BharatBenz 2823R),2026-09-09T23:15:54.206321,19.74178,72.91199,51.8,39.44,38.0,73.79,High,Rain,84.2,High Risk,High,158.3
TRK-107,DRV-807,Jignesh Patel,Chemical & Petro Carrier (BharatBenz 2823R),2026-09-09T23:19:54.206321,19.51986,72.90056,65.4,31.4,32.2,49.19,Moderate,Rain,89.5,In Transit,Moderate,66.2
TRK-107,DRV-807,Jignesh Patel,Chemical & Petro Carrier (BharatBenz 2823R),2026-09-09T23:23:54.206321,19.29793,72.88913,76.0,26.51,28.3,24.6,Low,Rain,94.7,In Transit,Low,20.7
TRK-107,DRV-807,Jignesh Patel,Chemical & Petro Carrier (BharatBenz 2823R),2026-09-09T23:27:54.206321,19.076,72.8777,63.4,30.3,27.6,0.0,Moderate,Rain,100.0,Arrived,Low,0.5
TRK-107,DRV-807,Jignesh Patel,Chemical & Petro Carrier (BharatBenz 2823R),2026-09-10T12:11:54.206321,23.0225,72.5714,89.6,26.13,99.4,467.33,Low,Clear,0.0,In Transit,Low,311.5
TRK-107,DRV-807,Jignesh Patel,Chemical & Petro Carrier (BharatBenz 2823R),2026-09-10T12:15:54.206321,22.85057,72.72312,64.4,35.71,95.9,442.73,Moderate,Clear,5.3,High Risk,High,498.2
TRK-107,DRV-807,Jignesh Patel,Chemical & Petro Carrier (BharatBenz 2823R),2026-09-10T12:19:54.206321,22.6765,72.87118,83.4,27.69,92.0,418.13,Low,Clear,10.5,In Transit,Low,300.7
TRK-107,DRV-807,Jignesh Patel,Chemical & Petro Carrier (BharatBenz 2823R),2026-09-10T12:23:54.206321,22.49211,72.99989,84.9,27.74,86.7,393.54,Low,Clear,15.8,In Transit,Low,276.4
TRK-107,DRV-807,Jignesh Patel,Chemical & Petro Carrier (BharatBenz 2823R),2026-09-10T12:27:54.206321,22.32796,73.16085,101.0,27.42,84.0,368.94,Low,Clear,21.1,In Transit,Low,223.9
TRK-107,DRV-807,Jignesh Patel,Chemical & Petro Carrier (BharatBenz 2823R),2026-09-10T12:31:54.206321,22.12069,73.1238,73.6,28.37,80.2,344.35,Moderate,Clear,26.3,High Risk,High,337.4
TRK-107,DRV-807,Jignesh Patel,Chemical & Petro Carrier (BharatBenz 2823R),2026-09-10T12:35:54.206321,21.90718,73.05809,64.7,31.01,71.6,319.75,Moderate,Clear,31.6,High Risk,High,355.3
TRK-107,DRV-807,Jignesh Patel,Chemical & Petro Carrier (BharatBenz 2823R),2026-09-10T12:39:54.206321,21.69326,72.99704,77.1,27.09,74.0,295.15,Low,Clear,36.8,In Transit,Low,223.9
TRK-107,DRV-807,Jignesh Patel,Chemical & Petro Carrier (BharatBenz 2823R),2026-09-10T12:43:54.206321,21.48028,72.94825,89.0,28.81,68.9,270.56,Low,Clear,42.1,In Transit,Low,176.0
TRK-107,DRV-807,Jignesh Patel,Chemical & Petro Carrier (BharatBenz 2823R),2026-09-10T12:47:54.206321,21.27086,72.86913,82.6,32.24,63.3,245.96,Low,Clear,47.4,In Transit,Low,180.7
TRK-107,DRV-807,Jignesh Patel,Chemical & Petro Carrier (BharatBenz 2823R),2026-09-10T12:51:54.206321,21.06389,72.87885,91.0,29.57,61.9,221.37,Low,Clear,52.6,In Transit,Low,146.5
TRK-107,DRV-807,Jignesh Patel,Chemical & Petro Carrier (BharatBenz 2823R),2026-09-10T12:55:54.206321,20.85145,72.93118,70.0,29.7,56.2,196.77,Moderate,Clear,57.9,High Risk,High,205.6
TRK-107,DRV-807,Jignesh Patel,Chemical & Petro Carrier (BharatBenz 2823R),2026-09-10T12:59:54.206321,20.6293,72.93384,75.5,28.42,52.8,172.17,Low,Clear,63.2,In Transit,Low,138.4
TRK-107,DRV-807,Jignesh Patel,Chemical & Petro Carrier (BharatBenz 2823R),2026-09-10T13:03:54.206321,20.40821,72.91273,56.9,37.46,48.8,147.58,High,Clear,68.4,High Risk,High,237.0
TRK-107,DRV-807,Jignesh Patel,Chemical & Petro Carrier (BharatBenz 2823R),2026-09-10T13:07:54.206321,20.18614,72.91104,82.3,28.79,48.6,122.98,Low,Clear,73.7,In Transit,Low,93.1
TRK-107,DRV-807,Jignesh Patel,Chemical & Petro Carrier (BharatBenz 2823R),2026-09-10T13:11:54.206321,19.96396,72.91152,81.4,30.75,42.4,98.38,Moderate,Clear,78.9,In Transit,Moderate,84.6
TRK-107,DRV-807,Jignesh Patel,Chemical & Petro Carrier (BharatBenz 2823R),2026-09-10T13:15:54.206321,19.74178,72.91199,91.3,27.76,36.0,73.79,Low,Clear,84.2,In Transit,Low,44.7
TRK-107,DRV-807,Jignesh Patel,Chemical & Petro Carrier (BharatBenz 2823R),2026-09-10T13:19:54.206321,19.51986,72.90056,87.8,30.56,36.9,49.19,Low,Clear,89.5,In Transit,Low,36.5
TRK-107,DRV-807,Jignesh Patel,Chemical & Petro Carrier (BharatBenz 2823R),2026-09-10T13:23:54.206321,19.29793,72.88913,65.1,29.07,29.4,24.6,Moderate,Clear,94.7,In Transit,Low,31.4
TRK-107,DRV-807,Jignesh Patel,Chemical & Petro Carrier (BharatBenz 2823R),2026-09-10T13:27:54.206321,19.076,72.8777,82.8,29.66,27.0,0.0,Low,Clear,100.0,Arrived,Low,0.5
TRK-108,DRV-808,Murugan Swamy,Refrigerated Seafood Express (Ashok Leyland 3520),2026-08-30T22:11:54.206321,13.0827,80.2707,79.6,31.92,103.2,716.05,Low,Clear,0.0,In Transit,Low,538.5
TRK-108,DRV-808,Murugan Swamy,Refrigerated Seafood Express (Ashok Leyland 3520),2026-08-30T22:15:54.206321,13.39452,80.13069,51.4,34.53,95.5,678.36,High,Clear,5.3,High Risk,High,1191.7
TRK-108,DRV-808,Murugan Swamy,Refrigerated Seafood Express (Ashok Leyland 3520),2026-08-30T22:19:54.206321,13.71171,80.02487,72.2,32.79,93.6,640.67,Moderate,Clear,10.5,High Risk,High,640.6
TRK-108,DRV-808,Murugan Swamy,Refrigerated Seafood Express (Ashok Leyland 3520),2026-08-30T22:23:54.206321,14.05189,80.00701,80.2,29.79,86.6,602.99,Low,Clear,15.8,In Transit,Low,451.4
TRK-108,DRV-808,Murugan Swamy,Refrigerated Seafood Express (Ashok Leyland 3520),2026-08-30T22:27:54.206321,14.39207,79.98915,74.2,30.51,86.6,565.3,Low,Clear,21.1,In Transit,Low,455.3
TRK-108,DRV-808,Murugan Swamy,Refrigerated Seafood Express (Ashok Leyland 3520),2026-08-30T22:31:54.206321,14.73212,80.00377,83.9,29.89,81.0,527.61,Low,Clear,26.3,In Transit,Low,377.1
TRK-108,DRV-808,Murugan Swamy,Refrigerated Seafood Express (Ashok Leyland 3520),2026-08-30T22:35:54.206321,15.07215,80.02404,58.6,36.86,75.4,489.93,High,Clear,31.6,High Risk,High,750.1
TRK-108,DRV-808,Murugan Swamy,Refrigerated Seafood Express (Ashok Leyland 3520),2026-08-30T22:39:54.206321,15.41218,80.04432,72.7,33.68,74.3,452.24,Moderate,Clear,36.8,High Risk,High,452.5
TRK-108,DRV-808,Murugan Swamy,Refrigerated Seafood Express (Ashok Leyland 3520),2026-08-30T22:43:54.206321,15.74805,80.09862,94.2,31.1,70.5,414.55,Low,Clear,42.1,In Transit,Low,268.5
TRK-108,DRV-808,Murugan Swamy,Refrigerated Seafood Express (Ashok Leyland 3520),2026-08-30T22:47:54.206321,16.08235,80.16582,71.2,31.27,65.0,376.87,Moderate,Clear,47.4,High Risk,High,379.5
TRK-108,DRV-808,Murugan Swamy,Refrigerated Seafood Express (Ashok Leyland 3520),2026-08-30T22:51:54.206321,16.30314,80.43209,90.2,32.9,62.6,339.18,Low,Clear,52.6,In Transit,Low,223.0
TRK-108,DRV-808,Murugan Swamy,Refrigerated Seafood Express (Ashok Leyland 3520),2026-08-30T22:55:54.206321,16.52743,80.69444,72.8,32.63,59.4,301.49,Moderate,Clear,57.9,High Risk,High,299.9
TRK-108,DRV-808,Murugan Swamy,Refrigerated Seafood Express (Ashok Leyland 3520),2026-08-30T22:59:54.206321,16.67336,81.01355,72.2,33.0,50.0,263.81,Moderate,Clear,63.2,High Risk,High,264.2
TRK-108,DRV-808,Murugan Swamy,Refrigerated Seafood Express (Ashok Leyland 3520),2026-08-30T23:03:54.206321,16.80974,81.33744,77.4,33.44,47.6,226.12,Low,Clear,68.4,In Transit,Low,171.7
TRK-108,DRV-808,Murugan Swamy,Refrigerated Seafood Express (Ashok Leyland 3520),2026-08-30T23:07:54.206321,16.94283,81.66295,77.4,31.81,46.0,188.43,Low,Clear,73.7,In Transit,Low,147.9
TRK-108,DRV-808,Murugan Swamy,Refrigerated Seafood Express (Ashok Leyland 3520),2026-08-30T23:11:54.206321,17.08615,81.9839,80.5,30.42,38.8,150.75,Low,Clear,78.9,In Transit,Low,117.2
TRK-108,DRV-808,Murugan Swamy,Refrigerated Seafood Express (Ashok Leyland 3520),2026-08-30T23:15:54.206321,17.23729,82.30134,40.7,45.21,34.6,113.06,Severe,Clear,84.2,High Risk,High,335.5
TRK-108,DRV-808,Murugan Swamy,Refrigerated Seafood Express (Ashok Leyland 3520),2026-08-30T23:19:54.206321,17.4005,82.61106,94.9,29.87,34.6,75.37,Low,Clear,89.5,In Transit,Low,46.6
TRK-108,DRV-808,Murugan Swamy,Refrigerated Seafood Express (Ashok Leyland 3520),2026-08-30T23:23:54.206321,17.60824,82.89227,71.4,32.01,25.6,37.69,Moderate,Clear,94.7,In Transit,Moderate,41.8
TRK-108,DRV-808,Murugan Swamy,Refrigerated Seafood Express (Ashok Leyland 3520),2026-08-30T23:27:54.206321,17.6868,83.2185,66.3,35.55,21.3,0.0,Moderate,Clear,100.0,Arrived,Low,1.2
TRK-108,DRV-808,Murugan Swamy,Refrigerated Seafood Express (Ashok Leyland 3520),2026-08-31T12:11:54.206321,13.0827,80.2707,66.7,31.34,98.7,716.05,Low,Rain,0.0,High Risk,High,805.8
TRK-108,DRV-808,Murugan Swamy,Refrigerated Seafood Express (Ashok Leyland 3520),2026-08-31T12:15:54.206321,13.39452,80.13069,73.9,33.11,94.0,678.36,Low,Rain,5.3,High Risk,High,688.3
TRK-108,DRV-808,Murugan Swamy,Refrigerated Seafood Express (Ashok Leyland 3520),2026-08-31T12:19:54.206321,13.71171,80.02487,44.2,39.93,94.6,640.67,High,Rain,10.5,High Risk,High,1636.9
TRK-108,DRV-808,Murugan Swamy,Refrigerated Seafood Express (Ashok Leyland 3520),2026-08-31T12:23:54.206321,14.05189,80.00701,73.3,34.88,93.6,602.99,Moderate,Rain,15.8,High Risk,High,741.0
TRK-108,DRV-808,Murugan Swamy,Refrigerated Seafood Express (Ashok Leyland 3520),2026-08-31T12:27:54.206321,14.39207,79.98915,88.1,33.86,84.3,565.3,Low,Rain,21.1,High Risk,High,481.7
TRK-108,DRV-808,Murugan Swamy,Refrigerated Seafood Express (Ashok Leyland 3520),2026-08-31T12:31:54.206321,14.73212,80.00377,49.7,32.35,81.5,527.61,Moderate,Rain,26.3,High Risk,High,955.6
TRK-108,DRV-808,Murugan Swamy,Refrigerated Seafood Express (Ashok Leyland 3520),2026-08-31T12:35:54.206321,15.07215,80.02404,86.4,32.42,78.1,489.93,Low,Rain,31.6,High Risk,High,424.7
TRK-108,DRV-808,Murugan Swamy,Refrigerated Seafood Express (Ashok Leyland 3520),2026-08-31T12:39:54.206321,15.41218,80.04432,77.2,33.1,72.3,452.24,Low,Rain,36.8,High Risk,High,440.1
TRK-108,DRV-808,Murugan Swamy,Refrigerated Seafood Express (Ashok Leyland 3520),2026-08-31T12:43:54.206321,15.74805,80.09862,66.8,34.96,69.7,414.55,Moderate,Rain,42.1,High Risk,High,554.0
TRK-108,DRV-808,Murugan Swamy,Refrigerated Seafood Express (Ashok Leyland 3520),2026-08-31T12:47:54.206321,16.08235,80.16582,74.9,32.78,65.1,376.87,Low,Rain,47.4,High Risk,High,376.7
TRK-108,DRV-808,Murugan Swamy,Refrigerated Seafood Express (Ashok Leyland 3520),2026-08-31T12:51:54.206321,16.30314,80.43209,73.0,33.93,62.6,339.18,Low,Rain,52.6,High Risk,High,345.0
TRK-108,DRV-808,Murugan Swamy,Refrigerated Seafood Express (Ashok Leyland 3520),2026-08-31T12:55:54.206321,16.52743,80.69444,62.0,34.9,53.4,301.49,Moderate,Rain,57.9,High Risk,High,431.6
TRK-108,DRV-808,Murugan Swamy,Refrigerated Seafood Express (Ashok Leyland 3520),2026-08-31T12:59:54.206321,16.67336,81.01355,35.4,40.22,54.1,263.81,High,Rain,63.2,Delayed,High,839.3
TRK-108,DRV-808,Murugan Swamy,Refrigerated Seafood Express (Ashok Leyland 3520),2026-08-31T13:03:54.206321,16.80974,81.33744,76.8,29.43,50.2,226.12,Low,Rain,68.4,High Risk,High,219.4
TRK-108,DRV-808,Murugan Swamy,Refrigerated Seafood Express (Ashok Leyland 3520),2026-08-31T13:07:54.206321,16.94283,81.66295,54.3,36.09,46.3,188.43,Moderate,Rain,73.7,High Risk,High,313.6
TRK-108,DRV-808,Murugan Swamy,Refrigerated Seafood Express (Ashok Leyland 3520),2026-08-31T13:11:54.206321,17.08615,81.9839,87.7,29.45,38.2,150.75,Low,Rain,78.9,High Risk,High,136.1
TRK-108,DRV-808,Murugan Swamy,Refrigerated Seafood Express (Ashok Leyland 3520),2026-08-31T13:15:54.206321,17.23729,82.30134,63.5,38.04,39.8,113.06,Moderate,Rain,84.2,High Risk,High,161.3
TRK-108,DRV-808,Murugan Swamy,Refrigerated Seafood Express (Ashok Leyland 3520),2026-08-31T13:19:54.206321,17.4005,82.61106,55.0,36.0,33.4,75.37,High,Rain,89.5,High Risk,High,152.8
TRK-108,DRV-808,Murugan Swamy,Refrigerated Seafood Express (Ashok Leyland 3520),2026-08-31T13:23:54.206321,17.60824,82.89227,68.1,32.82,25.7,37.69,Low,Rain,94.7,In Transit,Low,42.7
TRK-108,DRV-808,Murugan Swamy,Refrigerated Seafood Express (Ashok Leyland 3520),2026-08-31T13:27:54.206321,17.6868,83.2185,56.3,36.47,26.7,0.0,Moderate,Rain,100.0,Arrived,Low,1.0
TRK-108,DRV-808,Murugan Swamy,Refrigerated Seafood Express (Ashok Leyland 3520),2026-09-01T02:11:54.206321,13.0827,80.2707,82.4,28.5,100.9,716.05,Low,Clear,0.0,In Transit,Low,525.1
TRK-108,DRV-808,Murugan Swamy,Refrigerated Seafood Express (Ashok Leyland 3520),2026-09-01T02:15:54.206321,13.39452,80.13069,61.0,37.53,92.0,678.36,High,Clear,5.3,High Risk,High,996.7
TRK-108,DRV-808,Murugan Swamy,Refrigerated Seafood Express (Ashok Leyland 3520),2026-09-01T02:19:54.206321,13.71171,80.02487,72.6,28.48,92.8,640.67,Low,Clear,10.5,In Transit,Low,528.3
TRK-108,DRV-808,Murugan Swamy,Refrigerated Seafood Express (Ashok Leyland 3520),2026-09-01T02:23:54.206321,14.05189,80.00701,76.6,32.3,89.3,602.99,Low,Clear,15.8,In Transit,Low,473.6
TRK-108,DRV-808,Murugan Swamy,Refrigerated Seafood Express (Ashok Leyland 3520),2026-09-01T02:27:54.206321,14.39207,79.98915,72.9,39.37,83.8,565.3,High,Clear,21.1,High Risk,High,700.0
TRK-108,DRV-808,Murugan Swamy,Refrigerated Seafood Express (Ashok Leyland 3520),2026-09-01T02:31:54.206321,14.73212,80.00377,78.6,31.37,78.4,527.61,Moderate,Clear,26.3,High Risk,High,479.9
TRK-108,DRV-808,Murugan Swamy,Refrigerated Seafood Express (Ashok Leyland 3520),2026-09-01T02:35:54.206321,15.07215,80.02404,73.1,30.22,76.7,489.93,Moderate,Clear,31.6,High Risk,High,488.3
TRK-108,DRV-808,Murugan Swamy,Refrigerated Seafood Express (Ashok Leyland 3520),2026-09-01T02:39:54.206321,15.41218,80.04432,77.6,30.7,75.3,452.24,Low,Clear,36.8,In Transit,Low,345.0
TRK-108,DRV-808,Murugan Swamy,Refrigerated Seafood Express (Ashok Leyland 3520),2026-09-01T02:43:54.206321,15.74805,80.09862,81.4,30.74,64.5,414.55,Low,Clear,42.1,In Transit,Low,307.2
TRK-108,DRV-808,Murugan Swamy,Refrigerated Seafood Express (Ashok Leyland 3520),2026-09-01T02:47:54.206321,16.08235,80.16582,45.0,42.31,65.7,376.87,Severe,Clear,47.4,High Risk,High,1010.2
TRK-108,DRV-808,Murugan Swamy,Refrigerated Seafood Express (Ashok Leyland 3520),2026-09-01T02:51:54.206321,16.30314,80.43209,62.0,32.55,61.2,339.18,Moderate,Clear,52.6,High Risk,High,393.9
TRK-108,DRV-808,Murugan Swamy,Refrigerated Seafood Express (Ashok Leyland 3520),2026-09-01T02:55:54.206321,16.52743,80.69444,62.8,35.04,57.0,301.49,Moderate,Clear,57.9,High Risk,High,345.9
TRK-108,DRV-808,Murugan Swamy,Refrigerated Seafood Express (Ashok Leyland 3520),2026-09-01T02:59:54.206321,16.67336,81.01355,62.2,37.33,54.0,263.81,High,Clear,63.2,High Risk,High,386.8
TRK-108,DRV-808,Murugan Swamy,Refrigerated Seafood Express (Ashok Leyland 3520),2026-09-01T03:03:54.206321,16.80974,81.33744,77.5,25.55,51.1,226.12,Low,Clear,68.4,In Transit,Low,174.2
TRK-108,DRV-808,Murugan Swamy,Refrigerated Seafood Express (Ashok Leyland 3520),2026-09-01T03:07:54.206321,16.94283,81.66295,49.0,35.34,46.4,188.43,High,Clear,73.7,High Risk,High,346.8
TRK-108,DRV-808,Murugan Swamy,Refrigerated Seafood Express (Ashok Leyland 3520),2026-09-01T03:11:54.206321,17.08615,81.9839,59.2,36.28,38.6,150.75,High,Clear,78.9,High Risk,High,230.2
TRK-108,DRV-808,Murugan Swamy,Refrigerated Seafood Express (Ashok Leyland 3520),2026-09-01T03:15:54.206321,17.23729,82.30134,87.5,28.88,37.6,113.06,Low,Clear,84.2,In Transit,Low,72.1
TRK-108,DRV-808,Murugan Swamy,Refrigerated Seafood Express (Ashok Leyland 3520),2026-09-01T03:19:54.206321,17.4005,82.61106,69.6,37.37,35.8,75.37,Moderate,Clear,89.5,In Transit,Moderate,78.6
TRK-108,DRV-808,Murugan Swamy,Refrigerated Seafood Express (Ashok Leyland 3520),2026-09-01T03:23:54.206321,17.60824,82.89227,69.0,32.35,31.4,37.69,Moderate,Clear,94.7,In Transit,Low,37.3
TRK-108,DRV-808,Murugan Swamy,Refrigerated Seafood Express (Ashok Leyland 3520),2026-09-01T03:27:54.206321,17.6868,83.2185,65.1,35.03,26.2,0.0,High,Clear,100.0,In Transit,Moderate,0.5
TRK-108,DRV-808,Murugan Swamy,Refrigerated Seafood Express (Ashok Leyland 3520),2026-09-01T16:11:54.206321,13.0827,80.2707,63.3,37.36,97.0,716.05,High,Clear,0.0,High Risk,High,1012.9
TRK-108,DRV-808,Murugan Swamy,Refrigerated Seafood Express (Ashok Leyland 3520),2026-09-01T16:15:54.206321,13.39452,80.13069,88.7,27.23,97.7,678.36,Low,Clear,5.3,In Transit,Low,458.8
TRK-108,DRV-808,Murugan Swamy,Refrigerated Seafood Express (Ashok Leyland 3520),2026-09-01T16:19:54.206321,13.71171,80.02487,82.8,27.57,89.9,640.67,Low,Clear,10.5,In Transit,Low,460.3
TRK-108,DRV-808,Murugan Swamy,Refrigerated Seafood Express (Ashok Leyland 3520),2026-09-01T16:23:54.206321,14.05189,80.00701,70.9,35.02,88.0,602.99,Moderate,Clear,15.8,High Risk,High,615.5
TRK-108,DRV-808,Murugan Swamy,Refrigerated Seafood Express (Ashok Leyland 3520),2026-09-01T16:27:54.206321,14.39207,79.98915,57.4,34.07,81.2,565.3,High,Clear,21.1,High Risk,High,889.0
TRK-108,DRV-808,Murugan Swamy,Refrigerated Seafood Express (Ashok Leyland 3520),2026-09-01T16:31:54.206321,14.73212,80.00377,52.8,34.85,81.9,527.61,High,Clear,26.3,High Risk,High,896.8
TRK-108,DRV-808,Murugan Swamy,Refrigerated Seafood Express (Ashok Leyland 3520),2026-09-01T16:35:54.206321,15.07215,80.02404,82.3,30.37,73.4,489.93,Low,Clear,31.6,In Transit,Low,353.7
TRK-108,DRV-808,Murugan Swamy,Refrigerated Seafood Express (Ashok Leyland 3520),2026-09-01T16:39:54.206321,15.41218,80.04432,88.7,32.13,72.1,452.24,Low,Clear,36.8,In Transit,Low,306.1
TRK-108,DRV-808,Murugan Swamy,Refrigerated Seafood Express (Ashok Leyland 3520),2026-09-01T16:43:54.206321,15.74805,80.09862,65.5,33.92,69.6,414.55,Moderate,Clear,42.1,High Risk,High,455.0
TRK-108,DRV-808,Murugan Swamy,Refrigerated Seafood Express (Ashok Leyland 3520),2026-09-01T16:47:54.206321,16.08235,80.16582,71.8,29.56,63.7,376.87,Moderate,Clear,47.4,High Risk,High,375.9
TRK-108,DRV-808,Murugan Swamy,Refrigerated Seafood Express (Ashok Leyland 3520),2026-09-01T16:51:54.206321,16.30314,80.43209,85.8,31.0,61.0,339.18,Low,Clear,52.6,In Transit,Low,234.3
TRK-108,DRV-808,Murugan Swamy,Refrigerated Seafood Express (Ashok Leyland 3520),2026-09-01T16:55:54.206321,16.52743,80.69444,57.9,35.96,57.6,301.49,High,Clear,57.9,High Risk,High,472.0
TRK-108,DRV-808,Murugan Swamy,Refrigerated Seafood Express (Ashok Leyland 3520),2026-09-01T16:59:54.206321,16.67336,81.01355,72.7,32.73,52.7,263.81,Moderate,Clear,63.2,High Risk,High,262.4
TRK-108,DRV-808,Murugan Swamy,Refrigerated Seafood Express (Ashok Leyland 3520),2026-09-01T17:03:54.206321,16.80974,81.33744,36.8,42.64,50.5,226.12,Severe,Clear,68.4,Delayed,High,730.7
TRK-108,DRV-808,Murugan Swamy,Refrigerated Seafood Express (Ashok Leyland 3520),2026-09-01T17:07:54.206321,16.94283,81.66295,75.4,32.45,45.5,188.43,Moderate,Clear,73.7,High Risk,High,188.0
TRK-108,DRV-808,Murugan Swamy,Refrigerated Seafood Express (Ashok Leyland 3520),2026-09-01T17:11:54.206321,17.08615,81.9839,78.0,31.41,38.0,150.75,Moderate,Clear,78.9,High Risk,High,145.6
TRK-108,DRV-808,Murugan Swamy,Refrigerated Seafood Express (Ashok Leyland 3520),2026-09-01T17:15:54.206321,17.23729,82.30134,80.5,30.82,34.6,113.06,Low,Clear,84.2,In Transit,Low,86.8
TRK-108,DRV-808,Murugan Swamy,Refrigerated Seafood Express (Ashok Leyland 3520),2026-09-01T17:19:54.206321,17.4005,82.61106,73.2,30.75,35.1,75.37,Moderate,Clear,89.5,In Transit,Moderate,77.6
TRK-108,DRV-808,Murugan Swamy,Refrigerated Seafood Express (Ashok Leyland 3520),2026-09-01T17:23:54.206321,17.60824,82.89227,66.4,32.2,30.6,37.69,Moderate,Clear,94.7,In Transit,Low,42.4
TRK-108,DRV-808,Murugan Swamy,Refrigerated Seafood Express (Ashok Leyland 3520),2026-09-01T17:27:54.206321,17.6868,83.2185,94.3,26.74,28.4,0.0,Low,Clear,100.0,Arrived,Low,0.5
TRK-108,DRV-808,Murugan Swamy,Refrigerated Seafood Express (Ashok Leyland 3520),2026-09-02T06:11:54.206321,13.0827,80.2707,69.7,31.46,101.3,716.05,Low,Rain,0.0,High Risk,High,771.0
TRK-108,DRV-808,Murugan Swamy,Refrigerated Seafood Express (Ashok Leyland 3520),2026-09-02T06:15:54.206321,13.39452,80.13069,65.8,34.03,97.0,678.36,Moderate,Rain,5.3,High Risk,High,925.8
TRK-108,DRV-808,Murugan Swamy,Refrigerated Seafood Express (Ashok Leyland 3520),2026-09-02T06:19:54.206321,13.71171,80.02487,70.0,30.82,93.2,640.67,Low,Rain,10.5,High Risk,High,686.6
TRK-108,DRV-808,Murugan Swamy,Refrigerated Seafood Express (Ashok Leyland 3520),2026-09-02T06:23:54.206321,14.05189,80.00701,75.7,33.48,86.6,602.99,Low,Rain,15.8,High Risk,High,594.6
TRK-108,DRV-808,Murugan Swamy,Refrigerated Seafood Express (Ashok Leyland 3520),2026-09-02T06:27:54.206321,14.39207,79.98915,83.6,32.49,86.3,565.3,Low,Rain,21.1,High Risk,High,503.1
TRK-108,DRV-808,Murugan Swamy,Refrigerated Seafood Express (Ashok Leyland 3520),2026-09-02T06:31:54.206321,14.73212,80.00377,60.5,32.52,79.9,527.61,Moderate,Rain,26.3,High Risk,High,793.0
TRK-108,DRV-808,Murugan Swamy,Refrigerated Seafood Express (Ashok Leyland 3520),2026-09-02T06:35:54.206321,15.07215,80.02404,52.6,32.6,77.5,489.93,Moderate,Rain,31.6,High Risk,High,838.1
TRK-108,DRV-808,Murugan Swamy,Refrigerated Seafood Express (Ashok Leyland 3520),2026-09-02T06:39:54.206321,15.41218,80.04432,61.4,30.9,72.2,452.24,Moderate,Rain,36.8,High Risk,High,660.5
TRK-108,DRV-808,Murugan Swamy,Refrigerated Seafood Express (Ashok Leyland 3520),2026-09-02T06:43:54.206321,15.74805,80.09862,66.6,34.88,68.1,414.55,Moderate,Rain,42.1,High Risk,High,560.3
TRK-108,DRV-808,Murugan Swamy,Refrigerated Seafood Express (Ashok Leyland 3520),2026-09-02T06:47:54.206321,16.08235,80.16582,78.4,32.29,66.0,376.87,Low,Rain,47.4,High Risk,High,359.3
TRK-108,DRV-808,Murugan Swamy,Refrigerated Seafood Express (Ashok Leyland 3520),2026-09-02T06:51:54.206321,16.30314,80.43209,64.5,35.83,62.2,339.18,Moderate,Rain,52.6,High Risk,High,469.3
TRK-108,DRV-808,Murugan Swamy,Refrigerated Seafood Express (Ashok Leyland 3520),2026-09-02T06:55:54.206321,16.52743,80.69444,61.3,36.6,53.8,301.49,High,Rain,57.9,High Risk,High,559.2
TRK-108,DRV-808,Murugan Swamy,Refrigerated Seafood Express (Ashok Leyland 3520),2026-09-02T06:59:54.206321,16.67336,81.01355,82.9,33.5,57.7,263.81,Low,Rain,63.2,High Risk,High,237.2
TRK-108,DRV-808,Murugan Swamy,Refrigerated Seafood Express (Ashok Leyland 3520),2026-09-02T07:03:54.206321,16.80974,81.33744,83.4,29.29,48.0,226.12,Low,Rain,68.4,High Risk,High,198.9
TRK-108,DRV-808,Murugan Swamy,Refrigerated Seafood Express (Ashok Leyland 3520),2026-09-02T07:07:54.206321,16.94283,81.66295,66.4,29.93,44.7,188.43,Low,Rain,73.7,High Risk,High,212.0
TRK-108,DRV-808,Murugan Swamy,Refrigerated Seafood Express (Ashok Leyland 3520),2026-09-02T07:11:54.206321,17.08615,81.9839,80.5,29.37,41.9,150.75,Low,Rain,78.9,High Risk,High,144.3
TRK-108,DRV-808,Murugan Swamy,Refrigerated Seafood Express (Ashok Leyland 3520),2026-09-02T07:15:54.206321,17.23729,82.30134,66.9,35.5,36.3,113.06,Moderate,Rain,84.2,High Risk,High,156.5
TRK-108,DRV-808,Murugan Swamy,Refrigerated Seafood Express (Ashok Leyland 3520),2026-09-02T07:19:54.206321,17.4005,82.61106,53.5,31.51,30.3,75.37,Moderate,Rain,89.5,High Risk,High,131.9
TRK-108,DRV-808,Murugan Swamy,Refrigerated Seafood Express (Ashok Leyland 3520),2026-09-02T07:23:54.206321,17.60824,82.89227,75.9,31.97,30.2,37.69,Low,Rain,94.7,In Transit,Low,36.6
TRK-108,DRV-808,Murugan Swamy,Refrigerated Seafood Express (Ashok Leyland 3520),2026-09-02T07:27:54.206321,17.6868,83.2185,65.9,35.21,24.7,0.0,Moderate,Rain,100.0,Arrived,Low,2.8
TRK-108,DRV-808,Murugan Swamy,Refrigerated Seafood Express (Ashok Leyland 3520),2026-09-02T20:11:54.206321,13.0827,80.2707,61.5,32.87,102.8,716.05,Moderate,Clear,0.0,High Risk,High,836.9
TRK-108,DRV-808,Murugan Swamy,Refrigerated Seafood Express (Ashok Leyland 3520),2026-09-02T20:15:54.206321,13.39452,80.13069,50.2,44.7,97.2,678.36,Severe,Clear,5.3,High Risk,High,1619.1
TRK-108,DRV-808,Murugan Swamy,Refrigerated Seafood Express (Ashok Leyland 3520),2026-09-02T20:19:54.206321,13.71171,80.02487,90.3,31.09,93.4,640.67,Low,Clear,10.5,In Transit,Low,422.4
TRK-108,DRV-808,Murugan Swamy,Refrigerated Seafood Express (Ashok Leyland 3520),2026-09-02T20:23:54.206321,14.05189,80.00701,57.8,38.16,90.5,602.99,High,Clear,15.8,High Risk,High,941.1
TRK-108,DRV-808,Murugan Swamy,Refrigerated Seafood Express (Ashok Leyland 3520),2026-09-02T20:27:54.206321,14.39207,79.98915,48.7,36.99,83.9,565.3,High,Clear,21.1,High Risk,High,1041.8
TRK-108,DRV-808,Murugan Swamy,Refrigerated Seafood Express (Ashok Leyland 3520),2026-09-02T20:31:54.206321,14.73212,80.00377,65.4,34.04,80.6,527.61,Moderate,Clear,26.3,High Risk,High,582.3
TRK-108,DRV-808,Murugan Swamy,Refrigerated Seafood Express (Ashok Leyland 3520),2026-09-02T20:35:54.206321,15.07215,80.02404,86.7,30.41,76.0,489.93,Low,Clear,31.6,In Transit,Low,337.8
TRK-108,DRV-808,Murugan Swamy,Refrigerated Seafood Express (Ashok Leyland 3520),2026-09-02T20:39:54.206321,15.41218,80.04432,73.4,32.43,70.1,452.24,Low,Clear,36.8,In Transit,Low,378.3
TRK-108,DRV-808,Murugan Swamy,Refrigerated Seafood Express (Ashok Leyland 3520),2026-09-02T20:43:54.206321,15.74805,80.09862,86.9,31.1,66.4,414.55,Low,Clear,42.1,In Transit,Low,283.4
TRK-108,DRV-808,Murugan Swamy,Refrigerated Seafood Express (Ashok Leyland 3520),2026-09-02T20:47:54.206321,16.08235,80.16582,61.1,33.0,64.6,376.87,Moderate,Clear,47.4,High Risk,High,441.2
TRK-108,DRV-808,Murugan Swamy,Refrigerated Seafood Express (Ashok Leyland 3520),2026-09-02T20:51:54.206321,16.30314,80.43209,38.9,45.18,59.1,339.18,Severe,Clear,52.6,Delayed,High,1046.4
TRK-108,DRV-808,Murugan Swamy,Refrigerated Seafood Express (Ashok Leyland 3520),2026-09-02T20:55:54.206321,16.52743,80.69444,88.8,29.05,55.1,301.49,Low,Clear,57.9,In Transit,Low,203.9
TRK-108,DRV-808,Murugan Swamy,Refrigerated Seafood Express (Ashok Leyland 3520),2026-09-02T20:59:54.206321,16.67336,81.01355,47.4,44.09,49.4,263.81,Severe,Clear,63.2,High Risk,High,674.7
TRK-108,DRV-808,Murugan Swamy,Refrigerated Seafood Express (Ashok Leyland 3520),2026-09-02T21:03:54.206321,16.80974,81.33744,67.7,31.7,47.7,226.12,Moderate,Clear,68.4,High Risk,High,237.1
TRK-108,DRV-808,Murugan Swamy,Refrigerated Seafood Express (Ashok Leyland 3520),2026-09-02T21:07:54.206321,16.94283,81.66295,66.3,36.14,43.2,188.43,High,Clear,73.7,High Risk,High,248.9
TRK-108,DRV-808,Murugan Swamy,Refrigerated Seafood Express (Ashok Leyland 3520),2026-09-02T21:11:54.206321,17.08615,81.9839,85.4,31.59,39.9,150.75,Low,Clear,78.9,In Transit,Low,105.2
TRK-108,DRV-808,Murugan Swamy,Refrigerated Seafood Express (Ashok Leyland 3520),2026-09-02T21:15:54.206321,17.23729,82.30134,67.7,31.92,38.3,113.06,Moderate,Clear,84.2,In Transit,Moderate,124.0
TRK-108,DRV-808,Murugan Swamy,Refrigerated Seafood Express (Ashok Leyland 3520),2026-09-02T21:19:54.206321,17.4005,82.61106,75.2,32.33,29.6,75.37,Moderate,Clear,89.5,In Transit,Moderate,75.0
TRK-108,DRV-808,Murugan Swamy,Refrigerated Seafood Express (Ashok Leyland 3520),2026-09-02T21:23:54.206321,17.60824,82.89227,55.1,37.78,29.6,37.69,High,Clear,94.7,In Transit,Moderate,62.1
TRK-108,DRV-808,Murugan Swamy,Refrigerated Seafood Express (Ashok Leyland 3520),2026-09-02T21:27:54.206321,17.6868,83.2185,89.4,29.38,25.5,0.0,Low,Clear,100.0,Arrived,Low,0.5
TRK-108,DRV-808,Murugan Swamy,Refrigerated Seafood Express (Ashok Leyland 3520),2026-09-03T10:11:54.206321,13.0827,80.2707,69.7,35.11,100.7,716.05,Moderate,Clear,0.0,High Risk,High,738.7
TRK-108,DRV-808,Murugan Swamy,Refrigerated Seafood Express (Ashok Leyland 3520),2026-09-03T10:15:54.206321,13.39452,80.13069,71.1,34.18,96.9,678.36,Moderate,Clear,5.3,High Risk,High,683.0
TRK-108,DRV-808,Murugan Swamy,Refrigerated Seafood Express (Ashok Leyland 3520),2026-09-03T10:19:54.206321,13.71171,80.02487,85.5,29.36,90.6,640.67,Low,Clear,10.5,In Transit,Low,447.4
TRK-108,DRV-808,Murugan Swamy,Refrigerated Seafood Express (Ashok Leyland 3520),2026-09-03T10:23:54.206321,14.05189,80.00701,89.1,31.17,88.1,602.99,Low,Clear,15.8,In Transit,Low,400.5
TRK-108,DRV-808,Murugan Swamy,Refrigerated Seafood Express (Ashok Leyland 3520),2026-09-03T10:27:54.206321,14.39207,79.98915,68.4,35.42,80.7,565.3,Moderate,Clear,21.1,High Risk,High,598.5
TRK-108,DRV-808,Murugan Swamy,Refrigerated Seafood Express (Ashok Leyland 3520),2026-09-03T10:31:54.206321,14.73212,80.00377,82.9,28.34,84.4,527.61,Low,Clear,26.3,In Transit,Low,390.2
TRK-108,DRV-808,Murugan Swamy,Refrigerated Seafood Express (Ashok Leyland 3520),2026-09-03T10:35:54.206321,15.07215,80.02404,72.0,32.8,78.0,489.93,Moderate,Clear,31.6,High Risk,High,493.1
TRK-108,DRV-808,Murugan Swamy,Refrigerated Seafood Express (Ashok Leyland 3520),2026-09-03T10:39:54.206321,15.41218,80.04432,81.7,26.65,72.5,452.24,Low,Clear,36.8,In Transit,Low,328.1
TRK-108,DRV-808,Murugan Swamy,Refrigerated Seafood Express (Ashok Leyland 3520),2026-09-03T10:43:54.206321,15.74805,80.09862,76.7,32.86,71.4,414.55,Moderate,Clear,42.1,High Risk,High,385.9
TRK-108,DRV-808,Murugan Swamy,Refrigerated Seafood Express (Ashok Leyland 3520),2026-09-03T10:47:54.206321,16.08235,80.16582,84.9,29.57,66.2,376.87,Low,Clear,47.4,In Transit,Low,263.6
TRK-108,DRV-808,Murugan Swamy,Refrigerated Seafood Express (Ashok Leyland 3520),2026-09-03T10:51:54.206321,16.30314,80.43209,45.0,42.23,59.3,339.18,Severe,Clear,52.6,High Risk,High,908.0
TRK-108,DRV-808,Murugan Swamy,Refrigerated Seafood Express (Ashok Leyland 3520),2026-09-03T10:55:54.206321,16.52743,80.69444,88.7,28.92,59.1,301.49,Low,Clear,57.9,In Transit,Low,202.3
TRK-108,DRV-808,Murugan Swamy,Refrigerated Seafood Express (Ashok Leyland 3520),2026-09-03T10:59:54.206321,16.67336,81.01355,83.6,30.5,51.7,263.81,Low,Clear,63.2,In Transit,Low,188.8
TRK-108,DRV-808,Murugan Swamy,Refrigerated Seafood Express (Ashok Leyland 3520),2026-09-03T11:03:54.206321,16.80974,81.33744,94.4,32.48,47.5,226.12,Low,Clear,68.4,In Transit,Low,140.5
TRK-108,DRV-808,Murugan Swamy,Refrigerated Seafood Express (Ashok Leyland 3520),2026-09-03T11:07:54.206321,16.94283,81.66295,90.3,26.55,45.6,188.43,Low,Clear,73.7,In Transit,Low,133.9
TRK-108,DRV-808,Murugan Swamy,Refrigerated Seafood Express (Ashok Leyland 3520),2026-09-03T11:11:54.206321,17.08615,81.9839,79.5,27.66,40.9,150.75,Low,Clear,78.9,In Transit,Low,114.8
TRK-108,DRV-808,Murugan Swamy,Refrigerated Seafood Express (Ashok Leyland 3520),2026-09-03T11:15:54.206321,17.23729,82.30134,95.6,29.79,39.2,113.06,Low,Clear,84.2,In Transit,Low,75.9
TRK-108,DRV-808,Murugan Swamy,Refrigerated Seafood Express (Ashok Leyland 3520),2026-09-03T11:19:54.206321,17.4005,82.61106,83.7,27.93,34.1,75.37,Low,Clear,89.5,In Transit,Low,54.6
TRK-108,DRV-808,Murugan Swamy,Refrigerated Seafood Express (Ashok Leyland 3520),2026-09-03T11:23:54.206321,17.60824,82.89227,75.6,29.43,28.0,37.69,Low,Clear,94.7,In Transit,Low,31.3
TRK-108,DRV-808,Murugan Swamy,Refrigerated Seafood Express (Ashok Leyland 3520),2026-09-03T11:27:54.206321,17.6868,83.2185,52.0,32.28,26.0,0.0,High,Clear,100.0,In Transit,Moderate,5.1
TRK-108,DRV-808,Murugan Swamy,Refrigerated Seafood Express (Ashok Leyland 3520),2026-09-04T00:11:54.206321,13.0827,80.2707,44.9,41.38,101.7,716.05,High,Heatwave,0.0,High Risk,High,2016.1
TRK-108,DRV-808,Murugan Swamy,Refrigerated Seafood Express (Ashok Leyland 3520),2026-09-04T00:15:54.206321,13.39452,80.13069,74.0,33.44,97.5,678.36,Low,Heatwave,5.3,High Risk,High,772.1
TRK-108,DRV-808,Murugan Swamy,Refrigerated Seafood Express (Ashok Leyland 3520),2026-09-04T00:19:54.206321,13.71171,80.02487,74.1,34.78,95.2,640.67,Low,Heatwave,10.5,High Risk,High,724.1
TRK-108,DRV-808,Murugan Swamy,Refrigerated Seafood Express (Ashok Leyland 3520),2026-09-04T00:23:54.206321,14.05189,80.00701,69.3,30.14,88.0,602.99,Low,Heatwave,15.8,High Risk,High,730.5
TRK-108,DRV-808,Murugan Swamy,Refrigerated Seafood Express (Ashok Leyland 3520),2026-09-04T00:27:54.206321,14.39207,79.98915,63.6,35.34,81.8,565.3,Low,Heatwave,21.1,High Risk,High,747.4
TRK-108,DRV-808,Murugan Swamy,Refrigerated Seafood Express (Ashok Leyland 3520),2026-09-04T00:31:54.206321,14.73212,80.00377,61.5,32.99,76.3,527.61,Low,Heatwave,26.3,High Risk,High,721.3
TRK-108,DRV-808,Murugan Swamy,Refrigerated Seafood Express (Ashok Leyland 3520),2026-09-04T00:35:54.206321,15.07215,80.02404,81.0,31.85,76.7,489.93,Low,Heatwave,31.6,High Risk,High,511.6
TRK-108,DRV-808,Murugan Swamy,Refrigerated Seafood Express (Ashok Leyland 3520),2026-09-04T00:39:54.206321,15.41218,80.04432,42.5,40.19,72.5,452.24,High,Heatwave,36.8,High Risk,High,1338.0
TRK-108,DRV-808,Murugan Swamy,Refrigerated Seafood Express (Ashok Leyland 3520),2026-09-04T00:43:54.206321,15.74805,80.09862,76.8,30.96,69.1,414.55,Low,Heatwave,42.1,High Risk,High,456.2
TRK-108,DRV-808,Murugan Swamy,Refrigerated Seafood Express (Ashok Leyland 3520),2026-09-04T00:47:54.206321,16.08235,80.16582,39.7,41.6,64.7,376.87,High,Heatwave,47.4,Delayed,High,1202.8
TRK-108,DRV-808,Murugan Swamy,Refrigerated Seafood Express (Ashok Leyland 3520),2026-09-04T00:51:54.206321,16.30314,80.43209,55.6,32.86,61.8,339.18,Moderate,Heatwave,52.6,High Risk,High,616.0
TRK-108,DRV-808,Murugan Swamy,Refrigerated Seafood Express (Ashok Leyland 3520),2026-09-04T00:55:54.206321,16.52743,80.69444,64.0,36.76,58.6,301.49,Moderate,Heatwave,57.9,High Risk,High,473.0
TRK-108,DRV-808,Murugan Swamy,Refrigerated Seafood Express (Ashok Leyland 3520),2026-09-04T00:59:54.206321,16.67336,81.01355,70.6,30.06,48.5,263.81,Low,Heatwave,63.2,High Risk,High,315.0
TRK-108,DRV-808,Murugan Swamy,Refrigerated Seafood Express (Ashok Leyland 3520),2026-09-04T01:03:54.206321,16.80974,81.33744,64.1,31.71,50.2,226.12,Low,Heatwave,68.4,High Risk,High,298.9
TRK-108,DRV-808,Murugan Swamy,Refrigerated Seafood Express (Ashok Leyland 3520),2026-09-04T01:07:54.206321,16.94283,81.66295,68.6,31.68,40.9,188.43,Low,Heatwave,73.7,High Risk,High,231.8
TRK-108,DRV-808,Murugan Swamy,Refrigerated Seafood Express (Ashok Leyland 3520),2026-09-04T01:11:54.206321,17.08615,81.9839,65.0,36.7,40.7,150.75,Moderate,Heatwave,78.9,High Risk,High,236.8
TRK-108,DRV-808,Murugan Swamy,Refrigerated Seafood Express (Ashok Leyland 3520),2026-09-04T01:15:54.206321,17.23729,82.30134,56.2,33.94,39.0,113.06,Moderate,Heatwave,84.2,High Risk,High,205.6
TRK-108,DRV-808,Murugan Swamy,Refrigerated Seafood Express (Ashok Leyland 3520),2026-09-04T01:19:54.206321,17.4005,82.61106,60.5,35.04,35.7,75.37,Low,Heatwave,89.5,High Risk,High,106.8
TRK-108,DRV-808,Murugan Swamy,Refrigerated Seafood Express (Ashok Leyland 3520),2026-09-04T01:23:54.206321,17.60824,82.89227,67.4,36.9,28.9,37.69,Low,Heatwave,94.7,In Transit,Moderate,45.4
TRK-108,DRV-808,Murugan Swamy,Refrigerated Seafood Express (Ashok Leyland 3520),2026-09-04T01:27:54.206321,17.6868,83.2185,61.6,36.18,28.5,0.0,Moderate,Heatwave,100.0,Arrived,Low,4.5
TRK-108,DRV-808,Murugan Swamy,Refrigerated Seafood Express (Ashok Leyland 3520),2026-09-04T14:11:54.206321,13.0827,80.2707,64.3,35.38,96.2,716.05,Moderate,Fog,0.0,High Risk,High,1084.1
TRK-108,DRV-808,Murugan Swamy,Refrigerated Seafood Express (Ashok Leyland 3520),2026-09-04T14:15:54.206321,13.39452,80.13069,76.6,30.85,96.1,678.36,Low,Fog,5.3,High Risk,High,725.9
TRK-108,DRV-808,Murugan Swamy,Refrigerated Seafood Express (Ashok Leyland 3520),2026-09-04T14:19:54.206321,13.71171,80.02487,57.9,37.51,94.3,640.67,Moderate,Fog,10.5,High Risk,High,1079.0
TRK-108,DRV-808,Murugan Swamy,Refrigerated Seafood Express (Ashok Leyland 3520),2026-09-04T14:23:54.206321,14.05189,80.00701,60.0,34.95,89.1,602.99,Moderate,Fog,15.8,High Risk,High,984.3
TRK-108,DRV-808,Murugan Swamy,Refrigerated Seafood Express (Ashok Leyland 3520),2026-09-04T14:27:54.206321,14.39207,79.98915,38.2,40.71,87.0,565.3,High,Fog,21.1,Delayed,High,1802.8
TRK-108,DRV-808,Murugan Swamy,Refrigerated Seafood Express (Ashok Leyland 3520),2026-09-04T14:31:54.206321,14.73212,80.00377,53.6,42.45,84.9,527.61,High,Fog,26.3,High Risk,High,1197.7
TRK-108,DRV-808,Murugan Swamy,Refrigerated Seafood Express (Ashok Leyland 3520),2026-09-04T14:35:54.206321,15.07215,80.02404,57.0,33.37,78.8,489.93,Moderate,Fog,31.6,High Risk,High,840.6
TRK-108,DRV-808,Murugan Swamy,Refrigerated Seafood Express (Ashok Leyland 3520),2026-09-04T14:39:54.206321,15.41218,80.04432,53.0,33.83,71.1,452.24,Moderate,Fog,36.8,High Risk,High,834.6
TRK-108,DRV-808,Murugan Swamy,Refrigerated Seafood Express (Ashok Leyland 3520),2026-09-04T14:43:54.206321,15.74805,80.09862,68.8,31.38,70.3,414.55,Low,Fog,42.1,High Risk,High,488.0
TRK-108,DRV-808,Murugan Swamy,Refrigerated Seafood Express (Ashok Leyland 3520),2026-09-04T14:47:54.206321,16.08235,80.16582,60.2,39.42,62.5,376.87,High,Fog,47.4,High Risk,High,757.0
TRK-108,DRV-808,Murugan Swamy,Refrigerated Seafood Express (Ashok Leyland 3520),2026-09-04T14:51:54.206321,16.30314,80.43209,87.8,31.06,60.2,339.18,Low,Fog,52.6,High Risk,High,308.9
TRK-108,DRV-808,Murugan Swamy,Refrigerated Seafood Express (Ashok Leyland 3520),2026-09-04T14:55:54.206321,16.52743,80.69444,25.2,43.65,58.1,301.49,Severe,Fog,57.9,Delayed,High,1938.0
TRK-108,DRV-808,Murugan Swamy,Refrigerated Seafood Express (Ashok Leyland 3520),2026-09-04T14:59:54.206321,16.67336,81.01355,42.3,40.59,53.0,263.81,High,Fog,63.2,High Risk,High,754.0
TRK-108,DRV-808,Murugan Swamy,Refrigerated Seafood Express (Ashok Leyland 3520),2026-09-04T15:03:54.206321,16.80974,81.33744,75.1,34.17,46.0,226.12,Low,Fog,68.4,High Risk,High,243.3
TRK-108,DRV-808,Murugan Swamy,Refrigerated Seafood Express (Ashok Leyland 3520),2026-09-04T15:07:54.206321,16.94283,81.66295,81.0,34.53,46.7,188.43,Low,Fog,73.7,High Risk,High,191.3
TRK-108,DRV-808,Murugan Swamy,Refrigerated Seafood Express (Ashok Leyland 3520),2026-09-04T15:11:54.206321,17.08615,81.9839,77.6,33.69,41.5,150.75,Low,Fog,78.9,High Risk,High,160.3
TRK-108,DRV-808,Murugan Swamy,Refrigerated Seafood Express (Ashok Leyland 3520),2026-09-04T15:15:54.206321,17.23729,82.30134,67.1,35.08,36.8,113.06,Low,Fog,84.2,High Risk,High,137.0
TRK-108,DRV-808,Murugan Swamy,Refrigerated Seafood Express (Ashok Leyland 3520),2026-09-04T15:19:54.206321,17.4005,82.61106,74.2,33.39,33.8,75.37,Low,Fog,89.5,In Transit,Moderate,83.7
TRK-108,DRV-808,Murugan Swamy,Refrigerated Seafood Express (Ashok Leyland 3520),2026-09-04T15:23:54.206321,17.60824,82.89227,60.1,35.79,28.4,37.69,Moderate,Fog,94.7,In Transit,Moderate,60.7
TRK-108,DRV-808,Murugan Swamy,Refrigerated Seafood Express (Ashok Leyland 3520),2026-09-04T15:27:54.206321,17.6868,83.2185,51.4,37.0,22.2,0.0,High,Fog,100.0,In Transit,Moderate,4.0
TRK-108,DRV-808,Murugan Swamy,Refrigerated Seafood Express (Ashok Leyland 3520),2026-09-05T04:11:54.206321,13.0827,80.2707,74.1,30.2,104.4,716.05,Low,Rain,0.0,High Risk,High,725.2
TRK-108,DRV-808,Murugan Swamy,Refrigerated Seafood Express (Ashok Leyland 3520),2026-09-05T04:15:54.206321,13.39452,80.13069,75.6,30.98,96.0,678.36,Low,Rain,5.3,High Risk,High,670.2
TRK-108,DRV-808,Murugan Swamy,Refrigerated Seafood Express (Ashok Leyland 3520),2026-09-05T04:19:54.206321,13.71171,80.02487,54.0,34.35,94.7,640.67,Moderate,Rain,10.5,High Risk,High,1068.6
TRK-108,DRV-808,Murugan Swamy,Refrigerated Seafood Express (Ashok Leyland 3520),2026-09-05T04:23:54.206321,14.05189,80.00701,40.9,38.77,89.5,602.99,High,Rain,15.8,High Risk,High,1657.8
TRK-108,DRV-808,Murugan Swamy,Refrigerated Seafood Express (Ashok Leyland 3520),2026-09-05T04:27:54.206321,14.39207,79.98915,79.7,32.73,83.9,565.3,Low,Rain,21.1,High Risk,High,532.6
TRK-108,DRV-808,Murugan Swamy,Refrigerated Seafood Express (Ashok Leyland 3520),2026-09-05T04:31:54.206321,14.73212,80.00377,63.4,33.08,81.0,527.61,Moderate,Rain,26.3,High Risk,High,751.4
TRK-108,DRV-808,Murugan Swamy,Refrigerated Seafood Express (Ashok Leyland 3520),2026-09-05T04:35:54.206321,15.07215,80.02404,61.3,36.17,78.5,489.93,Moderate,Rain,31.6,High Risk,High,716.4
TRK-108,DRV-808,Murugan Swamy,Refrigerated Seafood Express (Ashok Leyland 3520),2026-09-05T04:39:54.206321,15.41218,80.04432,87.0,32.28,72.4,452.24,Low,Rain,36.8,High Risk,High,389.0
TRK-108,DRV-808,Murugan Swamy,Refrigerated Seafood Express (Ashok Leyland 3520),2026-09-05T04:43:54.206321,15.74805,80.09862,54.7,38.72,65.9,414.55,High,Rain,42.1,High Risk,High,860.8
TRK-108,DRV-808,Murugan Swamy,Refrigerated Seafood Express (Ashok Leyland 3520),2026-09-05T04:47:54.206321,16.08235,80.16582,87.2,32.19,62.8,376.87,Low,Rain,47.4,High Risk,High,319.5
TRK-108,DRV-808,Murugan Swamy,Refrigerated Seafood Express (Ashok Leyland 3520),2026-09-05T04:51:54.206321,16.30314,80.43209,56.5,40.24,58.7,339.18,High,Rain,52.6,High Risk,High,671.1
TRK-108,DRV-808,Murugan Swamy,Refrigerated Seafood Express (Ashok Leyland 3520),2026-09-05T04:55:54.206321,16.52743,80.69444,82.6,32.06,59.0,301.49,Low,Rain,57.9,High Risk,High,267.7
TRK-108,DRV-808,Murugan Swamy,Refrigerated Seafood Express (Ashok Leyland 3520),2026-09-05T04:59:54.206321,16.67336,81.01355,58.5,35.24,55.3,263.81,Moderate,Rain,63.2,High Risk,High,402.8
TRK-108,DRV-808,Murugan Swamy,Refrigerated Seafood Express (Ashok Leyland 3520),2026-09-05T05:03:54.206321,16.80974,81.33744,67.5,27.1,48.3,226.12,Low,Rain,68.4,High Risk,High,245.2
TRK-108,DRV-808,Murugan Swamy,Refrigerated Seafood Express (Ashok Leyland 3520),2026-09-05T05:07:54.206321,16.94283,81.66295,50.3,43.18,44.5,188.43,High,Rain,73.7,High Risk,High,418.2
TRK-108,DRV-808,Murugan Swamy,Refrigerated Seafood Express (Ashok Leyland 3520),2026-09-05T05:11:54.206321,17.08615,81.9839,75.7,33.87,40.9,150.75,Low,Rain,78.9,High Risk,High,151.3
TRK-108,DRV-808,Murugan Swamy,Refrigerated Seafood Express (Ashok Leyland 3520),2026-09-05T05:15:54.206321,17.23729,82.30134,54.0,36.42,37.6,113.06,High,Rain,84.2,High Risk,High,245.5
TRK-108,DRV-808,Murugan Swamy,Refrigerated Seafood Express (Ashok Leyland 3520),2026-09-05T05:19:54.206321,17.4005,82.61106,46.5,42.9,33.6,75.37,Severe,Rain,89.5,High Risk,High,242.8
TRK-108,DRV-808,Murugan Swamy,Refrigerated Seafood Express (Ashok Leyland 3520),2026-09-05T05:23:54.206321,17.60824,82.89227,45.6,50.79,27.4,37.69,Severe,Rain,94.7,High Risk,High,126.5
TRK-108,DRV-808,Murugan Swamy,Refrigerated Seafood Express (Ashok Leyland 3520),2026-09-05T05:27:54.206321,17.6868,83.2185,67.2,36.45,28.8,0.0,Moderate,Rain,100.0,Arrived,Low,3.3
TRK-108,DRV-808,Murugan Swamy,Refrigerated Seafood Express (Ashok Leyland 3520),2026-09-05T18:11:54.206321,13.0827,80.2707,70.4,33.54,104.0,716.05,Moderate,Clear,0.0,High Risk,High,729.4
TRK-108,DRV-808,Murugan Swamy,Refrigerated Seafood Express (Ashok Leyland 3520),2026-09-05T18:15:54.206321,13.39452,80.13069,71.5,36.21,97.0,678.36,Moderate,Clear,5.3,High Risk,High,682.0
TRK-108,DRV-808,Murugan Swamy,Refrigerated Seafood Express (Ashok Leyland 3520),2026-09-05T18:19:54.206321,13.71171,80.02487,75.7,32.98,91.4,640.67,Low,Clear,10.5,In Transit,Low,505.2
TRK-108,DRV-808,Murugan Swamy,Refrigerated Seafood Express (Ashok Leyland 3520),2026-09-05T18:23:54.206321,14.05189,80.00701,51.3,38.26,87.6,602.99,High,Clear,15.8,High Risk,High,1050.2
TRK-108,DRV-808,Murugan Swamy,Refrigerated Seafood Express (Ashok Leyland 3520),2026-09-05T18:27:54.206321,14.39207,79.98915,81.6,33.1,82.8,565.3,Moderate,Clear,21.1,High Risk,High,505.8
TRK-108,DRV-808,Murugan Swamy,Refrigerated Seafood Express (Ashok Leyland 3520),2026-09-05T18:31:54.206321,14.73212,80.00377,73.3,29.67,81.0,527.61,Moderate,Clear,26.3,High Risk,High,512.9
TRK-108,DRV-808,Murugan Swamy,Refrigerated Seafood Express (Ashok Leyland 3520),2026-09-05T18:35:54.206321,15.07215,80.02404,57.8,35.64,76.4,489.93,High,Clear,31.6,High Risk,High,762.7
TRK-108,DRV-808,Murugan Swamy,Refrigerated Seafood Express (Ashok Leyland 3520),2026-09-05T18:39:54.206321,15.41218,80.04432,62.8,38.18,71.9,452.24,High,Clear,36.8,High Risk,High,649.4
TRK-108,DRV-808,Murugan Swamy,Refrigerated Seafood Express (Ashok Leyland 3520),2026-09-05T18:43:54.206321,15.74805,80.09862,80.4,28.12,66.9,414.55,Low,Clear,42.1,In Transit,Low,311.7
TRK-108,DRV-808,Murugan Swamy,Refrigerated Seafood Express (Ashok Leyland 3520),2026-09-05T18:47:54.206321,16.08235,80.16582,73.5,32.4,66.9,376.87,Moderate,Clear,47.4,High Risk,High,367.6
TRK-108,DRV-808,Murugan Swamy,Refrigerated Seafood Express (Ashok Leyland 3520),2026-09-05T18:51:54.206321,16.30314,80.43209,80.1,26.23,60.5,339.18,Low,Clear,52.6,In Transit,Low,254.9
TRK-108,DRV-808,Murugan Swamy,Refrigerated Seafood Express (Ashok Leyland 3520),2026-09-05T18:55:54.206321,16.52743,80.69444,87.6,33.95,54.1,301.49,Low,Clear,57.9,In Transit,Low,209.9
TRK-108,DRV-808,Murugan Swamy,Refrigerated Seafood Express (Ashok Leyland 3520),2026-09-05T18:59:54.206321,16.67336,81.01355,54.5,38.46,51.3,263.81,High,Clear,63.2,High Risk,High,433.0
TRK-108,DRV-808,Murugan Swamy,Refrigerated Seafood Express (Ashok Leyland 3520),2026-09-05T19:03:54.206321,16.80974,81.33744,46.2,43.28,50.9,226.12,Severe,Clear,68.4,High Risk,High,588.8
TRK-108,DRV-808,Murugan Swamy,Refrigerated Seafood Express (Ashok Leyland 3520),2026-09-05T19:07:54.206321,16.94283,81.66295,78.5,28.22,47.0,188.43,Moderate,Clear,73.7,High Risk,High,171.2
TRK-108,DRV-808,Murugan Swamy,Refrigerated Seafood Express (Ashok Leyland 3520),2026-09-05T19:11:54.206321,17.08615,81.9839,39.0,37.56,40.7,150.75,High,Clear,78.9,Delayed,High,338.8
TRK-108,DRV-808,Murugan Swamy,Refrigerated Seafood Express (Ashok Leyland 3520),2026-09-05T19:15:54.206321,17.23729,82.30134,56.3,36.95,38.3,113.06,High,Clear,84.2,High Risk,High,187.7
TRK-108,DRV-808,Murugan Swamy,Refrigerated Seafood Express (Ashok Leyland 3520),2026-09-05T19:19:54.206321,17.4005,82.61106,94.4,32.44,37.1,75.37,Low,Clear,89.5,In Transit,Low,43.0
TRK-108,DRV-808,Murugan Swamy,Refrigerated Seafood Express (Ashok Leyland 3520),2026-09-05T19:23:54.206321,17.60824,82.89227,80.5,30.51,29.8,37.69,Low,Clear,94.7,In Transit,Low,25.4
TRK-108,DRV-808,Murugan Swamy,Refrigerated Seafood Express (Ashok Leyland 3520),2026-09-05T19:27:54.206321,17.6868,83.2185,74.6,32.78,23.4,0.0,Moderate,Clear,100.0,Arrived,Low,0.5
TRK-108,DRV-808,Murugan Swamy,Refrigerated Seafood Express (Ashok Leyland 3520),2026-09-06T08:11:54.206321,13.0827,80.2707,74.3,31.99,101.4,716.05,Low,Fog,0.0,High Risk,High,777.7
TRK-108,DRV-808,Murugan Swamy,Refrigerated Seafood Express (Ashok Leyland 3520),2026-09-06T08:15:54.206321,13.39452,80.13069,55.5,34.71,98.0,678.36,Moderate,Fog,5.3,High Risk,High,1191.6
TRK-108,DRV-808,Murugan Swamy,Refrigerated Seafood Express (Ashok Leyland 3520),2026-09-06T08:19:54.206321,13.71171,80.02487,63.8,37.01,89.6,640.67,Moderate,Fog,10.5,High Risk,High,980.4
TRK-108,DRV-808,Murugan Swamy,Refrigerated Seafood Express (Ashok Leyland 3520),2026-09-06T08:23:54.206321,14.05189,80.00701,63.9,36.44,85.2,602.99,Moderate,Fog,15.8,High Risk,High,921.3
TRK-108,DRV-808,Murugan Swamy,Refrigerated Seafood Express (Ashok Leyland 3520),2026-09-06T08:27:54.206321,14.39207,79.98915,82.0,33.83,81.6,565.3,Low,Fog,21.1,High Risk,High,557.0
TRK-108,DRV-808,Murugan Swamy,Refrigerated Seafood Express (Ashok Leyland 3520),2026-09-06T08:31:54.206321,14.73212,80.00377,51.7,37.39,79.6,527.61,High,Fog,26.3,High Risk,High,1243.0
TRK-108,DRV-808,Murugan Swamy,Refrigerated Seafood Express (Ashok Leyland 3520),2026-09-06T08:35:54.206321,15.07215,80.02404,42.9,47.9,79.4,489.93,Severe,Fog,31.6,High Risk,High,1849.7
TRK-108,DRV-808,Murugan Swamy,Refrigerated Seafood Express (Ashok Leyland 3520),2026-09-06T08:39:54.206321,15.41218,80.04432,49.1,34.78,74.5,452.24,Moderate,Fog,36.8,High Risk,High,892.3
TRK-108,DRV-808,Murugan Swamy,Refrigerated Seafood Express (Ashok Leyland 3520),2026-09-06T08:43:54.206321,15.74805,80.09862,62.8,34.28,67.1,414.55,Moderate,Fog,42.1,High Risk,High,640.7
TRK-108,DRV-808,Murugan Swamy,Refrigerated Seafood Express (Ashok Leyland 3520),2026-09-06T08:47:54.206321,16.08235,80.16582,75.4,29.91,65.7,376.87,Low,Fog,47.4,High Risk,High,410.5
TRK-108,DRV-808,Murugan Swamy,Refrigerated Seafood Express (Ashok Leyland 3520),2026-09-06T08:51:54.206321,16.30314,80.43209,49.7,40.17,62.1,339.18,High,Fog,52.6,High Risk,High,827.7
TRK-108,DRV-808,Murugan Swamy,Refrigerated Seafood Express (Ashok Leyland 3520),2026-09-06T08:55:54.206321,16.52743,80.69444,53.6,34.83,58.4,301.49,Moderate,Fog,57.9,High Risk,High,544.3
TRK-108,DRV-808,Murugan Swamy,Refrigerated Seafood Express (Ashok Leyland 3520),2026-09-06T08:59:54.206321,16.67336,81.01355,52.0,37.49,53.6,263.81,High,Fog,63.2,High Risk,High,620.2
TRK-108,DRV-808,Murugan Swamy,Refrigerated Seafood Express (Ashok Leyland 3520),2026-09-06T09:03:54.206321,16.80974,81.33744,41.9,37.38,46.1,226.12,High,Fog,68.4,High Risk,High,655.2
TRK-108,DRV-808,Murugan Swamy,Refrigerated Seafood Express (Ashok Leyland 3520),2026-09-06T09:07:54.206321,16.94283,81.66295,47.0,38.48,46.8,188.43,High,Fog,73.7,High Risk,High,488.9
TRK-108,DRV-808,Murugan Swamy,Refrigerated Seafood Express (Ashok Leyland 3520),2026-09-06T09:11:54.206321,17.08615,81.9839,70.5,33.34,41.6,150.75,Low,Fog,78.9,High Risk,High,174.1
TRK-108,DRV-808,Murugan Swamy,Refrigerated Seafood Express (Ashok Leyland 3520),2026-09-06T09:15:54.206321,17.23729,82.30134,70.5,33.69,35.7,113.06,Low,Fog,84.2,High Risk,High,127.9
TRK-108,DRV-808,Murugan Swamy,Refrigerated Seafood Express (Ashok Leyland 3520),2026-09-06T09:19:54.206321,17.4005,82.61106,50.7,33.43,29.3,75.37,Moderate,Fog,89.5,High Risk,High,146.7
TRK-108,DRV-808,Murugan Swamy,Refrigerated Seafood Express (Ashok Leyland 3520),2026-09-06T09:23:54.206321,17.60824,82.89227,41.4,40.27,29.1,37.69,High,Fog,94.7,High Risk,High,109.3
TRK-108,DRV-808,Murugan Swamy,Refrigerated Seafood Express (Ashok Leyland 3520),2026-09-06T09:27:54.206321,17.6868,83.2185,71.1,33.04,27.3,0.0,Low,Fog,100.0,Arrived,Low,0.5
TRK-108,DRV-808,Murugan Swamy,Refrigerated Seafood Express (Ashok Leyland 3520),2026-09-06T22:11:54.206321,13.0827,80.2707,60.9,33.08,101.7,716.05,Low,Heatwave,0.0,High Risk,High,986.0
TRK-108,DRV-808,Murugan Swamy,Refrigerated Seafood Express (Ashok Leyland 3520),2026-09-06T22:15:54.206321,13.39452,80.13069,74.2,34.95,93.8,678.36,Low,Heatwave,5.3,High Risk,High,769.9
TRK-108,DRV-808,Murugan Swamy,Refrigerated Seafood Express (Ashok Leyland 3520),2026-09-06T22:19:54.206321,13.71171,80.02487,71.9,34.17,95.1,640.67,Low,Heatwave,10.5,High Risk,High,750.8
TRK-108,DRV-808,Murugan Swamy,Refrigerated Seafood Express (Ashok Leyland 3520),2026-09-06T22:23:54.206321,14.05189,80.00701,61.5,39.57,87.2,602.99,Moderate,Heatwave,15.8,High Risk,High,986.5
TRK-108,DRV-808,Murugan Swamy,Refrigerated Seafood Express (Ashok Leyland 3520),2026-09-06T22:27:54.206321,14.39207,79.98915,66.0,36.4,86.9,565.3,Moderate,Heatwave,21.1,High Risk,High,869.2
TRK-108,DRV-808,Murugan Swamy,Refrigerated Seafood Express (Ashok Leyland 3520),2026-09-06T22:31:54.206321,14.73212,80.00377,52.5,39.48,80.0,527.61,High,Heatwave,26.3,High Risk,High,1264.5
TRK-108,DRV-808,Murugan Swamy,Refrigerated Seafood Express (Ashok Leyland 3520),2026-09-06T22:35:54.206321,15.07215,80.02404,53.5,35.22,75.7,489.93,Moderate,Heatwave,31.6,High Risk,High,928.3
TRK-108,DRV-808,Murugan Swamy,Refrigerated Seafood Express (Ashok Leyland 3520),2026-09-06T22:39:54.206321,15.41218,80.04432,66.0,32.75,75.0,452.24,Low,Heatwave,36.8,High Risk,High,572.9
TRK-108,DRV-808,Murugan Swamy,Refrigerated Seafood Express (Ashok Leyland 3520),2026-09-06T22:43:54.206321,15.74805,80.09862,43.0,42.6,66.3,414.55,High,Heatwave,42.1,High Risk,High,1206.6
TRK-108,DRV-808,Murugan Swamy,Refrigerated Seafood Express (Ashok Leyland 3520),2026-09-06T22:47:54.206321,16.08235,80.16582,54.6,37.23,64.4,376.87,High,Heatwave,47.4,High Risk,High,875.0
TRK-108,DRV-808,Murugan Swamy,Refrigerated Seafood Express (Ashok Leyland 3520),2026-09-06T22:51:54.206321,16.30314,80.43209,55.6,36.85,60.7,339.18,Moderate,Heatwave,52.6,High Risk,High,607.2
TRK-108,DRV-808,Murugan Swamy,Refrigerated Seafood Express (Ashok Leyland 3520),2026-09-06T22:55:54.206321,16.52743,80.69444,72.7,31.46,55.1,301.49,Low,Heatwave,57.9,High Risk,High,346.2
TRK-108,DRV-808,Murugan Swamy,Refrigerated Seafood Express (Ashok Leyland 3520),2026-09-06T22:59:54.206321,16.67336,81.01355,74.0,34.01,53.1,263.81,Low,Heatwave,63.2,High Risk,High,295.2
TRK-108,DRV-808,Murugan Swamy,Refrigerated Seafood Express (Ashok Leyland 3520),2026-09-06T23:03:54.206321,16.80974,81.33744,65.4,34.05,47.3,226.12,Low,Heatwave,68.4,High Risk,High,288.7
TRK-108,DRV-808,Murugan Swamy,Refrigerated Seafood Express (Ashok Leyland 3520),2026-09-06T23:07:54.206321,16.94283,81.66295,72.4,31.96,48.1,188.43,Low,Heatwave,73.7,High Risk,High,215.7
TRK-108,DRV-808,Murugan Swamy,Refrigerated Seafood Express (Ashok Leyland 3520),2026-09-06T23:11:54.206321,17.08615,81.9839,60.3,37.07,40.2,150.75,Moderate,Heatwave,78.9,High Risk,High,258.6
TRK-108,DRV-808,Murugan Swamy,Refrigerated Seafood Express (Ashok Leyland 3520),2026-09-06T23:15:54.206321,17.23729,82.30134,57.1,35.11,32.7,113.06,Moderate,Heatwave,84.2,High Risk,High,197.1
TRK-108,DRV-808,Murugan Swamy,Refrigerated Seafood Express (Ashok Leyland 3520),2026-09-06T23:19:54.206321,17.4005,82.61106,54.6,37.08,32.8,75.37,Moderate,Heatwave,89.5,High Risk,High,140.7
TRK-108,DRV-808,Murugan Swamy,Refrigerated Seafood Express (Ashok Leyland 3520),2026-09-06T23:23:54.206321,17.60824,82.89227,54.8,42.47,28.4,37.69,High,Heatwave,94.7,High Risk,High,82.9
TRK-108,DRV-808,Murugan Swamy,Refrigerated Seafood Express (Ashok Leyland 3520),2026-09-06T23:27:54.206321,17.6868,83.2185,56.9,39.95,22.8,0.0,High,Heatwave,100.0,In Transit,Moderate,2.8
TRK-108,DRV-808,Murugan Swamy,Refrigerated Seafood Express (Ashok Leyland 3520),2026-09-07T12:11:54.206321,13.0827,80.2707,52.3,33.49,100.2,716.05,Moderate,Fog,0.0,High Risk,High,1330.1
TRK-108,DRV-808,Murugan Swamy,Refrigerated Seafood Express (Ashok Leyland 3520),2026-09-07T12:15:54.206321,13.39452,80.13069,78.9,32.8,95.7,678.36,Low,Fog,5.3,High Risk,High,693.4
TRK-108,DRV-808,Murugan Swamy,Refrigerated Seafood Express (Ashok Leyland 3520),2026-09-07T12:19:54.206321,13.71171,80.02487,30.7,47.43,92.7,640.67,Severe,Fog,10.5,Delayed,High,3374.0
TRK-108,DRV-808,Murugan Swamy,Refrigerated Seafood Express (Ashok Leyland 3520),2026-09-07T12:23:54.206321,14.05189,80.00701,71.3,33.06,89.5,602.99,Low,Fog,15.8,High Risk,High,686.3
TRK-108,DRV-808,Murugan Swamy,Refrigerated Seafood Express (Ashok Leyland 3520),2026-09-07T12:27:54.206321,14.39207,79.98915,50.3,38.34,83.1,565.3,Moderate,Fog,21.1,High Risk,High,1095.6
TRK-108,DRV-808,Murugan Swamy,Refrigerated Seafood Express (Ashok Leyland 3520),2026-09-07T12:31:54.206321,14.73212,80.00377,72.6,31.91,83.3,527.61,Low,Fog,26.3,High Risk,High,584.5
TRK-108,DRV-808,Murugan Swamy,Refrigerated Seafood Express (Ashok Leyland 3520),2026-09-07T12:35:54.206321,15.07215,80.02404,84.5,34.22,77.2,489.93,Low,Fog,31.6,High Risk,High,466.4
TRK-108,DRV-808,Murugan Swamy,Refrigerated Seafood Express (Ashok Leyland 3520),2026-09-07T12:39:54.206321,15.41218,80.04432,75.8,30.88,70.2,452.24,Low,Fog,36.8,High Risk,High,480.0
TRK-108,DRV-808,Murugan Swamy,Refrigerated Seafood Express (Ashok Leyland 3520),2026-09-07T12:43:54.206321,15.74805,80.09862,63.5,36.3,69.9,414.55,Moderate,Fog,42.1,High Risk,High,631.0
TRK-108,DRV-808,Murugan Swamy,Refrigerated Seafood Express (Ashok Leyland 3520),2026-09-07T12:47:54.206321,16.08235,80.16582,60.6,38.11,62.2,376.87,Moderate,Fog,47.4,High Risk,High,611.4
TRK-108,DRV-808,Murugan Swamy,Refrigerated Seafood Express (Ashok Leyland 3520),2026-09-07T12:51:54.206321,16.30314,80.43209,73.1,30.94,58.0,339.18,Low,Fog,52.6,High Risk,High,374.6
TRK-108,DRV-808,Murugan Swamy,Refrigerated Seafood Express (Ashok Leyland 3520),2026-09-07T12:55:54.206321,16.52743,80.69444,73.1,34.47,57.1,301.49,Low,Fog,57.9,High Risk,High,333.3
TRK-108,DRV-808,Murugan Swamy,Refrigerated Seafood Express (Ashok Leyland 3520),2026-09-07T12:59:54.206321,16.67336,81.01355,44.6,38.93,51.1,263.81,High,Fog,63.2,High Risk,High,722.6
TRK-108,DRV-808,Murugan Swamy,Refrigerated Seafood Express (Ashok Leyland 3520),2026-09-07T13:03:54.206321,16.80974,81.33744,68.8,34.54,49.4,226.12,Moderate,Fog,68.4,High Risk,High,321.4
TRK-108,DRV-808,Murugan Swamy,Refrigerated Seafood Express (Ashok Leyland 3520),2026-09-07T13:07:54.206321,16.94283,81.66295,55.5,37.24,44.1,188.43,Moderate,Fog,73.7,High Risk,High,328.6
TRK-108,DRV-808,Murugan Swamy,Refrigerated Seafood Express (Ashok Leyland 3520),2026-09-07T13:11:54.206321,17.08615,81.9839,64.4,32.17,39.3,150.75,Low,Fog,78.9,High Risk,High,187.9
TRK-108,DRV-808,Murugan Swamy,Refrigerated Seafood Express (Ashok Leyland 3520),2026-09-07T13:15:54.206321,17.23729,82.30134,53.2,35.66,35.2,113.06,High,Fog,84.2,High Risk,High,254.6
TRK-108,DRV-808,Murugan Swamy,Refrigerated Seafood Express (Ashok Leyland 3520),2026-09-07T13:19:54.206321,17.4005,82.61106,63.3,33.99,37.7,75.37,Moderate,Fog,89.5,High Risk,High,111.9
TRK-108,DRV-808,Murugan Swamy,Refrigerated Seafood Express (Ashok Leyland 3520),2026-09-07T13:23:54.206321,17.60824,82.89227,56.9,34.94,27.5,37.69,Low,Fog,94.7,In Transit,Moderate,52.9
TRK-108,DRV-808,Murugan Swamy,Refrigerated Seafood Express (Ashok Leyland 3520),2026-09-07T13:27:54.206321,17.6868,83.2185,78.2,35.11,22.8,0.0,Low,Fog,100.0,Arrived,Low,2.6
TRK-108,DRV-808,Murugan Swamy,Refrigerated Seafood Express (Ashok Leyland 3520),2026-09-08T02:11:54.206321,13.0827,80.2707,83.9,29.15,103.0,716.05,Low,Clear,0.0,In Transit,Low,513.7
TRK-108,DRV-808,Murugan Swamy,Refrigerated Seafood Express (Ashok Leyland 3520),2026-09-08T02:15:54.206321,13.39452,80.13069,88.1,29.69,99.3,678.36,Low,Clear,5.3,In Transit,Low,465.3
TRK-108,DRV-808,Murugan Swamy,Refrigerated Seafood Express (Ashok Leyland 3520),2026-09-08T02:19:54.206321,13.71171,80.02487,82.0,30.11,88.1,640.67,Low,Clear,10.5,In Transit,Low,469.6
TRK-108,DRV-808,Murugan Swamy,Refrigerated Seafood Express (Ashok Leyland 3520),2026-09-08T02:23:54.206321,14.05189,80.00701,53.3,36.03,84.6,602.99,High,Clear,15.8,High Risk,High,1018.0
TRK-108,DRV-808,Murugan Swamy,Refrigerated Seafood Express (Ashok Leyland 3520),2026-09-08T02:27:54.206321,14.39207,79.98915,91.9,28.24,84.5,565.3,Low,Clear,21.1,In Transit,Low,363.3
TRK-108,DRV-808,Murugan Swamy,Refrigerated Seafood Express (Ashok Leyland 3520),2026-09-08T02:31:54.206321,14.73212,80.00377,79.9,28.78,78.8,527.61,Low,Clear,26.3,In Transit,Low,399.4
TRK-108,DRV-808,Murugan Swamy,Refrigerated Seafood Express (Ashok Leyland 3520),2026-09-08T02:35:54.206321,15.07215,80.02404,57.7,36.24,74.3,489.93,High,Clear,31.6,High Risk,High,764.1
TRK-108,DRV-808,Murugan Swamy,Refrigerated Seafood Express (Ashok Leyland 3520),2026-09-08T02:39:54.206321,15.41218,80.04432,83.3,30.93,72.1,452.24,Low,Clear,36.8,In Transit,Low,326.9
TRK-108,DRV-808,Murugan Swamy,Refrigerated Seafood Express (Ashok Leyland 3520),2026-09-08T02:43:54.206321,15.74805,80.09862,93.6,34.3,67.4,414.55,Low,Clear,42.1,In Transit,Low,259.3
TRK-108,DRV-808,Murugan Swamy,Refrigerated Seafood Express (Ashok Leyland 3520),2026-09-08T02:47:54.206321,16.08235,80.16582,64.5,31.22,67.6,376.87,Moderate,Clear,47.4,High Risk,High,424.9
TRK-108,DRV-808,Murugan Swamy,Refrigerated Seafood Express (Ashok Leyland 3520),2026-09-08T02:51:54.206321,16.30314,80.43209,39.5,42.88,60.4,339.18,Severe,Clear,52.6,Delayed,High,1030.6
TRK-108,DRV-808,Murugan Swamy,Refrigerated Seafood Express (Ashok Leyland 3520),2026-09-08T02:55:54.206321,16.52743,80.69444,80.7,31.23,54.5,301.49,Moderate,Clear,57.9,High Risk,High,273.0
TRK-108,DRV-808,Murugan Swamy,Refrigerated Seafood Express (Ashok Leyland 3520),2026-09-08T02:59:54.206321,16.67336,81.01355,95.0,30.25,55.0,263.81,Low,Clear,63.2,In Transit,Low,168.1
TRK-108,DRV-808,Murugan Swamy,Refrigerated Seafood Express (Ashok Leyland 3520),2026-09-08T03:03:54.206321,16.80974,81.33744,63.5,35.29,48.0,226.12,High,Clear,68.4,High Risk,High,318.9
TRK-108,DRV-808,Murugan Swamy,Refrigerated Seafood Express (Ashok Leyland 3520),2026-09-08T03:07:54.206321,16.94283,81.66295,86.5,30.89,41.4,188.43,Low,Clear,73.7,In Transit,Low,130.6
TRK-108,DRV-808,Murugan Swamy,Refrigerated Seafood Express (Ashok Leyland 3520),2026-09-08T03:11:54.206321,17.08615,81.9839,70.8,31.03,43.2,150.75,Low,Clear,78.9,In Transit,Low,123.1
TRK-108,DRV-808,Murugan Swamy,Refrigerated Seafood Express (Ashok Leyland 3520),2026-09-08T03:15:54.206321,17.23729,82.30134,67.3,27.6,36.7,113.06,Moderate,Clear,84.2,In Transit,Moderate,119.8
TRK-108,DRV-808,Murugan Swamy,Refrigerated Seafood Express (Ashok Leyland 3520),2026-09-08T03:19:54.206321,17.4005,82.61106,39.2,43.91,30.6,75.37,Severe,Clear,89.5,Delayed,High,229.9
TRK-108,DRV-808,Murugan Swamy,Refrigerated Seafood Express (Ashok Leyland 3520),2026-09-08T03:23:54.206321,17.60824,82.89227,73.2,34.18,31.5,37.69,Moderate,Clear,94.7,In Transit,Low,36.2
TRK-108,DRV-808,Murugan Swamy,Refrigerated Seafood Express (Ashok Leyland 3520),2026-09-08T03:27:54.206321,17.6868,83.2185,97.8,29.72,24.9,0.0,Low,Clear,100.0,Arrived,Low,0.5
TRK-108,DRV-808,Murugan Swamy,Refrigerated Seafood Express (Ashok Leyland 3520),2026-09-08T16:11:54.206321,13.0827,80.2707,80.2,28.29,99.5,716.05,Low,Clear,0.0,In Transit,Low,544.0
TRK-108,DRV-808,Murugan Swamy,Refrigerated Seafood Express (Ashok Leyland 3520),2026-09-08T16:15:54.206321,13.39452,80.13069,79.3,29.13,98.2,678.36,Low,Clear,5.3,In Transit,Low,509.9
TRK-108,DRV-808,Murugan Swamy,Refrigerated Seafood Express (Ashok Leyland 3520),2026-09-08T16:19:54.206321,13.71171,80.02487,67.1,32.94,93.4,640.67,Moderate,Clear,10.5,High Risk,High,685.2
TRK-108,DRV-808,Murugan Swamy,Refrigerated Seafood Express (Ashok Leyland 3520),2026-09-08T16:23:54.206321,14.05189,80.00701,92.2,33.46,92.0,602.99,Low,Clear,15.8,In Transit,Low,389.8
TRK-108,DRV-808,Murugan Swamy,Refrigerated Seafood Express (Ashok Leyland 3520),2026-09-08T16:27:54.206321,14.39207,79.98915,69.9,29.88,87.8,565.3,Low,Clear,21.1,In Transit,Low,486.9
TRK-108,DRV-808,Murugan Swamy,Refrigerated Seafood Express (Ashok Leyland 3520),2026-09-08T16:31:54.206321,14.73212,80.00377,61.2,36.26,80.2,527.61,High,Clear,26.3,High Risk,High,776.4
TRK-108,DRV-808,Murugan Swamy,Refrigerated Seafood Express (Ashok Leyland 3520),2026-09-08T16:35:54.206321,15.07215,80.02404,96.3,31.72,72.6,489.93,Low,Clear,31.6,In Transit,Low,308.4
TRK-108,DRV-808,Murugan Swamy,Refrigerated Seafood Express (Ashok Leyland 3520),2026-09-08T16:39:54.206321,15.41218,80.04432,56.8,36.43,72.8,452.24,High,Clear,36.8,High Risk,High,711.6
TRK-108,DRV-808,Murugan Swamy,Refrigerated Seafood Express (Ashok Leyland 3520),2026-09-08T16:43:54.206321,15.74805,80.09862,82.3,28.97,66.1,414.55,Low,Clear,42.1,In Transit,Low,298.9
TRK-108,DRV-808,Murugan Swamy,Refrigerated Seafood Express (Ashok Leyland 3520),2026-09-08T16:47:54.206321,16.08235,80.16582,82.9,30.17,63.6,376.87,Low,Clear,47.4,In Transit,Low,268.1
TRK-108,DRV-808,Murugan Swamy,Refrigerated Seafood Express (Ashok Leyland 3520),2026-09-08T16:51:54.206321,16.30314,80.43209,96.2,29.27,63.3,339.18,Low,Clear,52.6,In Transit,Low,216.3
TRK-108,DRV-808,Murugan Swamy,Refrigerated Seafood Express (Ashok Leyland 3520),2026-09-08T16:55:54.206321,16.52743,80.69444,84.6,29.26,57.4,301.49,Low,Clear,57.9,In Transit,Low,222.6
TRK-108,DRV-808,Murugan Swamy,Refrigerated Seafood Express (Ashok Leyland 3520),2026-09-08T16:59:54.206321,16.67336,81.01355,87.0,31.15,54.0,263.81,Low,Clear,63.2,In Transit,Low,180.9
TRK-108,DRV-808,Murugan Swamy,Refrigerated Seafood Express (Ashok Leyland 3520),2026-09-08T17:03:54.206321,16.80974,81.33744,51.8,37.16,49.8,226.12,High,Clear,68.4,High Risk,High,395.8
TRK-108,DRV-808,Murugan Swamy,Refrigerated Seafood Express (Ashok Leyland 3520),2026-09-08T17:07:54.206321,16.94283,81.66295,45.3,38.35,44.4,188.43,High,Clear,73.7,High Risk,High,373.9
TRK-108,DRV-808,Murugan Swamy,Refrigerated Seafood Express (Ashok Leyland 3520),2026-09-08T17:11:54.206321,17.08615,81.9839,80.6,29.83,42.7,150.75,Low,Clear,78.9,In Transit,Low,107.6
TRK-108,DRV-808,Murugan Swamy,Refrigerated Seafood Express (Ashok Leyland 3520),2026-09-08T17:15:54.206321,17.23729,82.30134,40.7,41.55,36.1,113.06,Severe,Clear,84.2,High Risk,High,334.3
TRK-108,DRV-808,Murugan Swamy,Refrigerated Seafood Express (Ashok Leyland 3520),2026-09-08T17:19:54.206321,17.4005,82.61106,79.2,28.79,35.8,75.37,Low,Clear,89.5,In Transit,Low,53.4
TRK-108,DRV-808,Murugan Swamy,Refrigerated Seafood Express (Ashok Leyland 3520),2026-09-08T17:23:54.206321,17.60824,82.89227,70.7,31.13,29.9,37.69,Low,Clear,94.7,In Transit,Low,29.5
TRK-108,DRV-808,Murugan Swamy,Refrigerated Seafood Express (Ashok Leyland 3520),2026-09-08T17:27:54.206321,17.6868,83.2185,66.9,33.89,29.6,0.0,Moderate,Clear,100.0,Arrived,Low,0.5
TRK-108,DRV-808,Murugan Swamy,Refrigerated Seafood Express (Ashok Leyland 3520),2026-09-09T06:11:54.206321,13.0827,80.2707,67.1,37.19,102.9,716.05,Moderate,Fog,0.0,High Risk,High,1034.3
TRK-108,DRV-808,Murugan Swamy,Refrigerated Seafood Express (Ashok Leyland 3520),2026-09-09T06:15:54.206321,13.39452,80.13069,20.8,45.03,94.7,678.36,Severe,Fog,5.3,Delayed,High,5293.6
TRK-108,DRV-808,Murugan Swamy,Refrigerated Seafood Express (Ashok Leyland 3520),2026-09-09T06:19:54.206321,13.71171,80.02487,51.2,38.22,91.4,640.67,High,Fog,10.5,High Risk,High,1521.0
TRK-108,DRV-808,Murugan Swamy,Refrigerated Seafood Express (Ashok Leyland 3520),2026-09-09T06:23:54.206321,14.05189,80.00701,58.2,35.76,85.1,602.99,Moderate,Fog,15.8,High Risk,High,1000.7
TRK-108,DRV-808,Murugan Swamy,Refrigerated Seafood Express (Ashok Leyland 3520),2026-09-09T06:27:54.206321,14.39207,79.98915,61.6,36.84,83.5,565.3,Moderate,Fog,21.1,High Risk,High,893.4
TRK-108,DRV-808,Murugan Swamy,Refrigerated Seafood Express (Ashok Leyland 3520),2026-09-09T06:31:54.206321,14.73212,80.00377,61.9,33.76,80.7,527.61,Moderate,Fog,26.3,High Risk,High,824.4
TRK-108,DRV-808,Murugan Swamy,Refrigerated Seafood Express (Ashok Leyland 3520),2026-09-09T06:35:54.206321,15.07215,80.02404,61.3,37.96,76.5,489.93,Moderate,Fog,31.6,High Risk,High,780.3
TRK-108,DRV-808,Murugan Swamy,Refrigerated Seafood Express (Ashok Leyland 3520),2026-09-09T06:39:54.206321,15.41218,80.04432,75.8,34.6,76.0,452.24,Low,Fog,36.8,High Risk,High,486.9
TRK-108,DRV-808,Murugan Swamy,Refrigerated Seafood Express (Ashok Leyland 3520),2026-09-09T06:43:54.206321,15.74805,80.09862,69.5,35.82,69.3,414.55,Low,Fog,42.1,High Risk,High,483.2
TRK-108,DRV-808,Murugan Swamy,Refrigerated Seafood Express (Ashok Leyland 3520),2026-09-09T06:47:54.206321,16.08235,80.16582,86.2,33.5,64.0,376.87,Low,Fog,47.4,High Risk,High,349.9
TRK-108,DRV-808,Murugan Swamy,Refrigerated Seafood Express (Ashok Leyland 3520),2026-09-09T06:51:54.206321,16.30314,80.43209,32.9,48.15,57.3,339.18,Severe,Fog,52.6,Delayed,High,1663.2
TRK-108,DRV-808,Murugan Swamy,Refrigerated Seafood Express (Ashok Leyland 3520),2026-09-09T06:55:54.206321,16.52743,80.69444,66.6,32.25,54.7,301.49,Low,Fog,57.9,High Risk,High,368.5
TRK-108,DRV-808,Murugan Swamy,Refrigerated Seafood Express (Ashok Leyland 3520),2026-09-09T06:59:54.206321,16.67336,81.01355,70.2,35.73,53.3,263.81,Moderate,Fog,63.2,High Risk,High,370.1
TRK-108,DRV-808,Murugan Swamy,Refrigerated Seafood Express (Ashok Leyland 3520),2026-09-09T07:03:54.206321,16.80974,81.33744,76.8,34.37,48.2,226.12,Low,Fog,68.4,High Risk,High,234.7
TRK-108,DRV-808,Murugan Swamy,Refrigerated Seafood Express (Ashok Leyland 3520),2026-09-09T07:07:54.206321,16.94283,81.66295,70.8,35.92,45.1,188.43,Moderate,Fog,73.7,High Risk,High,264.2
TRK-108,DRV-808,Murugan Swamy,Refrigerated Seafood Express (Ashok Leyland 3520),2026-09-09T07:11:54.206321,17.08615,81.9839,72.3,31.83,39.9,150.75,Low,Fog,78.9,High Risk,High,171.3
TRK-108,DRV-808,Murugan Swamy,Refrigerated Seafood Express (Ashok Leyland 3520),2026-09-09T07:15:54.206321,17.23729,82.30134,58.9,34.0,33.3,113.06,Moderate,Fog,84.2,High Risk,High,178.8
TRK-108,DRV-808,Murugan Swamy,Refrigerated Seafood Express (Ashok Leyland 3520),2026-09-09T07:19:54.206321,17.4005,82.61106,61.6,36.13,32.6,75.37,Moderate,Fog,89.5,High Risk,High,110.4
TRK-108,DRV-808,Murugan Swamy,Refrigerated Seafood Express (Ashok Leyland 3520),2026-09-09T07:23:54.206321,17.60824,82.89227,33.1,47.71,29.4,37.69,Severe,Fog,94.7,Delayed,High,181.9
TRK-108,DRV-808,Murugan Swamy,Refrigerated Seafood Express (Ashok Leyland 3520),2026-09-09T07:27:54.206321,17.6868,83.2185,47.7,41.51,23.7,0.0,High,Fog,100.0,In Transit,Moderate,0.5
TRK-108,DRV-808,Murugan Swamy,Refrigerated Seafood Express (Ashok Leyland 3520),2026-09-09T20:11:54.206321,13.0827,80.2707,70.6,32.06,100.8,716.05,Low,Rain,0.0,High Risk,High,760.3
TRK-108,DRV-808,Murugan Swamy,Refrigerated Seafood Express (Ashok Leyland 3520),2026-09-09T20:15:54.206321,13.39452,80.13069,83.3,35.25,95.7,678.36,Low,Rain,5.3,High Risk,High,611.6
TRK-108,DRV-808,Murugan Swamy,Refrigerated Seafood Express (Ashok Leyland 3520),2026-09-09T20:19:54.206321,13.71171,80.02487,78.5,29.16,89.6,640.67,Low,Rain,10.5,High Risk,High,609.4
TRK-108,DRV-808,Murugan Swamy,Refrigerated Seafood Express (Ashok Leyland 3520),2026-09-09T20:23:54.206321,14.05189,80.00701,73.9,32.42,85.2,602.99,Low,Rain,15.8,High Risk,High,611.3
TRK-108,DRV-808,Murugan Swamy,Refrigerated Seafood Express (Ashok Leyland 3520),2026-09-09T20:27:54.206321,14.39207,79.98915,71.9,32.71,82.7,565.3,Low,Rain,21.1,High Risk,High,592.3
TRK-108,DRV-808,Murugan Swamy,Refrigerated Seafood Express (Ashok Leyland 3520),2026-09-09T20:31:54.206321,14.73212,80.00377,69.3,33.61,81.6,527.61,Moderate,Rain,26.3,High Risk,High,684.8
TRK-108,DRV-808,Murugan Swamy,Refrigerated Seafood Express (Ashok Leyland 3520),2026-09-09T20:35:54.206321,15.07215,80.02404,56.9,34.1,79.6,489.93,Moderate,Rain,31.6,High Risk,High,774.6
TRK-108,DRV-808,Murugan Swamy,Refrigerated Seafood Express (Ashok Leyland 3520),2026-09-09T20:39:54.206321,15.41218,80.04432,61.3,32.99,72.5,452.24,Moderate,Rain,36.8,High Risk,High,666.4
TRK-108,DRV-808,Murugan Swamy,Refrigerated Seafood Express (Ashok Leyland 3520),2026-09-09T20:43:54.206321,15.74805,80.09862,63.0,33.65,69.2,414.55,Moderate,Rain,42.1,High Risk,High,592.7
TRK-108,DRV-808,Murugan Swamy,Refrigerated Seafood Express (Ashok Leyland 3520),2026-09-09T20:47:54.206321,16.08235,80.16582,73.2,30.19,60.4,376.87,Low,Rain,47.4,High Risk,High,389.2
TRK-108,DRV-808,Murugan Swamy,Refrigerated Seafood Express (Ashok Leyland 3520),2026-09-09T20:51:54.206321,16.30314,80.43209,54.5,39.64,58.8,339.18,High,Rain,52.6,High Risk,High,702.4
TRK-108,DRV-808,Murugan Swamy,Refrigerated Seafood Express (Ashok Leyland 3520),2026-09-09T20:55:54.206321,16.52743,80.69444,74.0,32.05,54.9,301.49,Low,Rain,57.9,High Risk,High,303.3
TRK-108,DRV-808,Murugan Swamy,Refrigerated Seafood Express (Ashok Leyland 3520),2026-09-09T20:59:54.206321,16.67336,81.01355,43.3,37.14,49.4,263.81,High,Rain,63.2,High Risk,High,681.4
TRK-108,DRV-808,Murugan Swamy,Refrigerated Seafood Express (Ashok Leyland 3520),2026-09-09T21:03:54.206321,16.80974,81.33744,70.6,32.69,47.9,226.12,Low,Rain,68.4,High Risk,High,234.0
TRK-108,DRV-808,Murugan Swamy,Refrigerated Seafood Express (Ashok Leyland 3520),2026-09-09T21:07:54.206321,16.94283,81.66295,59.6,34.82,43.2,188.43,Moderate,Rain,73.7,High Risk,High,287.0
TRK-108,DRV-808,Murugan Swamy,Refrigerated Seafood Express (Ashok Leyland 3520),2026-09-09T21:11:54.206321,17.08615,81.9839,79.2,32.02,39.7,150.75,Low,Rain,78.9,High Risk,High,140.1
TRK-108,DRV-808,Murugan Swamy,Refrigerated Seafood Express (Ashok Leyland 3520),2026-09-09T21:15:54.206321,17.23729,82.30134,60.5,34.4,34.0,113.06,Moderate,Rain,84.2,High Risk,High,172.7
TRK-108,DRV-808,Murugan Swamy,Refrigerated Seafood Express (Ashok Leyland 3520),2026-09-09T21:19:54.206321,17.4005,82.61106,87.7,31.1,28.9,75.37,Low,Rain,89.5,In Transit,Moderate,70.8
TRK-108,DRV-808,Murugan Swamy,Refrigerated Seafood Express (Ashok Leyland 3520),2026-09-09T21:23:54.206321,17.60824,82.89227,62.4,29.39,31.0,37.69,Low,Rain,94.7,In Transit,Moderate,53.6
TRK-108,DRV-808,Murugan Swamy,Refrigerated Seafood Express (Ashok Leyland 3520),2026-09-09T21:27:54.206321,17.6868,83.2185,73.3,31.23,25.4,0.0,Moderate,Rain,100.0,Arrived,Low,0.5
TRK-108,DRV-808,Murugan Swamy,Refrigerated Seafood Express (Ashok Leyland 3520),2026-09-10T10:11:54.206321,13.0827,80.2707,76.2,26.69,103.1,716.05,Low,Clear,0.0,In Transit,Low,561.8
TRK-108,DRV-808,Murugan Swamy,Refrigerated Seafood Express (Ashok Leyland 3520),2026-09-10T10:15:54.206321,13.39452,80.13069,51.7,34.74,95.4,678.36,High,Clear,5.3,High Risk,High,1170.7
TRK-108,DRV-808,Murugan Swamy,Refrigerated Seafood Express (Ashok Leyland 3520),2026-09-10T10:19:54.206321,13.71171,80.02487,68.3,35.03,95.2,640.67,Moderate,Clear,10.5,High Risk,High,678.7
TRK-108,DRV-808,Murugan Swamy,Refrigerated Seafood Express (Ashok Leyland 3520),2026-09-10T10:23:54.206321,14.05189,80.00701,71.8,34.67,89.9,602.99,Moderate,Clear,15.8,High Risk,High,603.5
TRK-108,DRV-808,Murugan Swamy,Refrigerated Seafood Express (Ashok Leyland 3520),2026-09-10T10:27:54.206321,14.39207,79.98915,80.3,29.52,86.4,565.3,Low,Clear,21.1,In Transit,Low,419.8
TRK-108,DRV-808,Murugan Swamy,Refrigerated Seafood Express (Ashok Leyland 3520),2026-09-10T10:31:54.206321,14.73212,80.00377,91.1,31.37,78.4,527.61,Low,Clear,26.3,In Transit,Low,348.4
TRK-108,DRV-808,Murugan Swamy,Refrigerated Seafood Express (Ashok Leyland 3520),2026-09-10T10:35:54.206321,15.07215,80.02404,68.5,31.23,78.5,489.93,Moderate,Clear,31.6,High Risk,High,513.3
TRK-108,DRV-808,Murugan Swamy,Refrigerated Seafood Express (Ashok Leyland 3520),2026-09-10T10:39:54.206321,15.41218,80.04432,85.9,29.25,69.7,452.24,Low,Clear,36.8,In Transit,Low,317.7
TRK-108,DRV-808,Murugan Swamy,Refrigerated Seafood Express (Ashok Leyland 3520),2026-09-10T10:43:54.206321,15.74805,80.09862,90.5,31.61,70.0,414.55,Low,Clear,42.1,In Transit,Low,275.3
TRK-108,DRV-808,Murugan Swamy,Refrigerated Seafood Express (Ashok Leyland 3520),2026-09-10T10:47:54.206321,16.08235,80.16582,55.1,33.76,62.1,376.87,Moderate,Clear,47.4,High Risk,High,491.5
TRK-108,DRV-808,Murugan Swamy,Refrigerated Seafood Express (Ashok Leyland 3520),2026-09-10T10:51:54.206321,16.30314,80.43209,57.8,36.96,65.8,339.18,High,Clear,52.6,High Risk,High,519.9
TRK-108,DRV-808,Murugan Swamy,Refrigerated Seafood Express (Ashok Leyland 3520),2026-09-10T10:55:54.206321,16.52743,80.69444,80.7,32.26,58.2,301.49,Low,Clear,57.9,In Transit,Low,223.9
TRK-108,DRV-808,Murugan Swamy,Refrigerated Seafood Express (Ashok Leyland 3520),2026-09-10T10:59:54.206321,16.67336,81.01355,90.1,26.17,56.0,263.81,Low,Clear,63.2,In Transit,Low,180.1
TRK-108,DRV-808,Murugan Swamy,Refrigerated Seafood Express (Ashok Leyland 3520),2026-09-10T11:03:54.206321,16.80974,81.33744,86.5,31.47,49.8,226.12,Low,Clear,68.4,In Transit,Low,157.4
TRK-108,DRV-808,Murugan Swamy,Refrigerated Seafood Express (Ashok Leyland 3520),2026-09-10T11:07:54.206321,16.94283,81.66295,80.5,28.54,43.9,188.43,Low,Clear,73.7,In Transit,Low,140.8
TRK-108,DRV-808,Murugan Swamy,Refrigerated Seafood Express (Ashok Leyland 3520),2026-09-10T11:11:54.206321,17.08615,81.9839,67.2,32.62,39.8,150.75,Moderate,Clear,78.9,High Risk,High,160.2
TRK-108,DRV-808,Murugan Swamy,Refrigerated Seafood Express (Ashok Leyland 3520),2026-09-10T11:15:54.206321,17.23729,82.30134,91.4,32.34,37.0,113.06,Low,Clear,84.2,In Transit,Low,77.4
TRK-108,DRV-808,Murugan Swamy,Refrigerated Seafood Express (Ashok Leyland 3520),2026-09-10T11:19:54.206321,17.4005,82.61106,74.9,32.0,33.1,75.37,Moderate,Clear,89.5,In Transit,Low,69.1
TRK-108,DRV-808,Murugan Swamy,Refrigerated Seafood Express (Ashok Leyland 3520),2026-09-10T11:23:54.206321,17.60824,82.89227,76.6,29.28,30.9,37.69,Low,Clear,94.7,In Transit,Low,29.4
TRK-108,DRV-808,Murugan Swamy,Refrigerated Seafood Express (Ashok Leyland 3520),2026-09-10T11:27:54.206321,17.6868,83.2185,79.9,31.54,24.0,0.0,Low,Clear,100.0,Arrived,Low,2.4
TRK-108,DRV-808,Murugan Swamy,Refrigerated Seafood Express (Ashok Leyland 3520),2026-09-11T00:11:54.206321,13.0827,80.2707,51.1,36.62,103.9,716.05,High,Clear,0.0,High Risk,High,1263.8
TRK-108,DRV-808,Murugan Swamy,Refrigerated Seafood Express (Ashok Leyland 3520),2026-09-11T00:15:54.206321,13.39452,80.13069,82.1,32.39,94.0,678.36,Low,Clear,5.3,In Transit,Low,496.2
TRK-108,DRV-808,Murugan Swamy,Refrigerated Seafood Express (Ashok Leyland 3520),2026-09-11T00:19:54.206321,13.71171,80.02487,55.2,34.01,92.1,640.67,High,Clear,10.5,High Risk,High,1041.6
TRK-108,DRV-808,Murugan Swamy,Refrigerated Seafood Express (Ashok Leyland 3520),2026-09-11T00:23:54.206321,14.05189,80.00701,76.1,31.42,90.3,602.99,Low,Clear,15.8,In Transit,Low,473.6
TRK-108,DRV-808,Murugan Swamy,Refrigerated Seafood Express (Ashok Leyland 3520),2026-09-11T00:27:54.206321,14.39207,79.98915,62.9,32.9,79.3,565.3,Moderate,Clear,21.1,High Risk,High,646.2
TRK-108,DRV-808,Murugan Swamy,Refrigerated Seafood Express (Ashok Leyland 3520),2026-09-11T00:31:54.206321,14.73212,80.00377,71.5,32.1,84.2,527.61,Moderate,Clear,26.3,High Risk,High,529.9
TRK-108,DRV-808,Murugan Swamy,Refrigerated Seafood Express (Ashok Leyland 3520),2026-09-11T00:35:54.206321,15.07215,80.02404,81.6,29.16,79.7,489.93,Low,Clear,31.6,In Transit,Low,361.9
TRK-108,DRV-808,Murugan Swamy,Refrigerated Seafood Express (Ashok Leyland 3520),2026-09-11T00:39:54.206321,15.41218,80.04432,68.9,31.37,74.1,452.24,Moderate,Clear,36.8,High Risk,High,472.8
TRK-108,DRV-808,Murugan Swamy,Refrigerated Seafood Express (Ashok Leyland 3520),2026-09-11T00:43:54.206321,15.74805,80.09862,48.6,33.5,69.1,414.55,High,Clear,42.1,High Risk,High,770.3
TRK-108,DRV-808,Murugan Swamy,Refrigerated Seafood Express (Ashok Leyland 3520),2026-09-11T00:47:54.206321,16.08235,80.16582,33.8,42.59,67.1,376.87,Severe,Clear,47.4,Delayed,High,1338.7
TRK-108,DRV-808,Murugan Swamy,Refrigerated Seafood Express (Ashok Leyland 3520),2026-09-11T00:51:54.206321,16.30314,80.43209,73.1,34.15,60.5,339.18,Moderate,Clear,52.6,High Risk,High,341.4
TRK-108,DRV-808,Murugan Swamy,Refrigerated Seafood Express (Ashok Leyland 3520),2026-09-11T00:55:54.206321,16.52743,80.69444,72.9,35.03,56.9,301.49,Moderate,Clear,57.9,High Risk,High,297.5
TRK-108,DRV-808,Murugan Swamy,Refrigerated Seafood Express (Ashok Leyland 3520),2026-09-11T00:59:54.206321,16.67336,81.01355,72.5,31.88,51.2,263.81,Moderate,Clear,63.2,High Risk,High,262.9
TRK-108,DRV-808,Murugan Swamy,Refrigerated Seafood Express (Ashok Leyland 3520),2026-09-11T01:03:54.206321,16.80974,81.33744,92.1,29.68,47.3,226.12,Low,Clear,68.4,In Transit,Low,148.4
TRK-108,DRV-808,Murugan Swamy,Refrigerated Seafood Express (Ashok Leyland 3520),2026-09-11T01:07:54.206321,16.94283,81.66295,102.5,29.89,46.6,188.43,Low,Clear,73.7,In Transit,Low,111.5
TRK-108,DRV-808,Murugan Swamy,Refrigerated Seafood Express (Ashok Leyland 3520),2026-09-11T01:11:54.206321,17.08615,81.9839,80.2,30.1,43.4,150.75,Low,Clear,78.9,In Transit,Low,109.1
TRK-108,DRV-808,Murugan Swamy,Refrigerated Seafood Express (Ashok Leyland 3520),2026-09-11T01:15:54.206321,17.23729,82.30134,88.6,28.86,37.2,113.06,Low,Clear,84.2,In Transit,Low,80.7
TRK-108,DRV-808,Murugan Swamy,Refrigerated Seafood Express (Ashok Leyland 3520),2026-09-11T01:19:54.206321,17.4005,82.61106,49.5,36.75,31.2,75.37,High,Clear,89.5,High Risk,High,139.2
TRK-108,DRV-808,Murugan Swamy,Refrigerated Seafood Express (Ashok Leyland 3520),2026-09-11T01:23:54.206321,17.60824,82.89227,37.6,41.42,29.1,37.69,Severe,Clear,94.7,Delayed,High,122.5
TRK-108,DRV-808,Murugan Swamy,Refrigerated Seafood Express (Ashok Leyland 3520),2026-09-11T01:27:54.206321,17.6868,83.2185,85.1,29.48,23.2,0.0,Low,Clear,100.0,Arrived,Low,1.6
TRK-109,DRV-809,Santosh Deshmukh,Express Auto Carrier (Tata Prima 4028.S),2026-08-31T10:11:54.206321,21.1458,79.0882,90.0,31.97,97.0,739.85,Low,Clear,0.0,In Transit,Low,490.5
TRK-109,DRV-809,Santosh Deshmukh,Express Auto Carrier (Tata Prima 4028.S),2026-08-31T10:15:54.206321,20.87444,78.88701,70.5,36.56,96.7,700.91,Moderate,Clear,5.3,High Risk,High,711.7
TRK-109,DRV-809,Santosh Deshmukh,Express Auto Carrier (Tata Prima 4028.S),2026-08-31T10:19:54.206321,20.73216,78.54609,88.9,29.73,91.9,661.97,Low,Clear,10.5,In Transit,Low,450.1
TRK-109,DRV-809,Santosh Deshmukh,Express Auto Carrier (Tata Prima 4028.S),2026-08-31T10:23:54.206321,20.64727,78.18356,78.0,31.58,86.4,623.03,Low,Clear,15.8,In Transit,Low,479.1
TRK-109,DRV-809,Santosh Deshmukh,Express Auto Carrier (Tata Prima 4028.S),2026-08-31T10:27:54.206321,20.56238,77.82103,36.9,45.81,81.7,584.09,Severe,Clear,21.1,Delayed,High,1892.7
TRK-109,DRV-809,Santosh Deshmukh,Express Auto Carrier (Tata Prima 4028.S),2026-08-31T10:31:54.206321,20.47473,77.45947,76.8,36.12,77.0,545.15,Moderate,Clear,26.3,High Risk,High,510.4
TRK-109,DRV-809,Santosh Deshmukh,Express Auto Carrier (Tata Prima 4028.S),2026-08-31T10:35:54.206321,20.34949,77.11105,84.0,29.73,80.8,506.21,Low,Clear,31.6,In Transit,Low,360.0
TRK-109,DRV-809,Santosh Deshmukh,Express Auto Carrier (Tata Prima 4028.S),2026-08-31T10:39:54.206321,20.22424,76.76263,82.8,31.98,70.4,467.27,Low,Clear,36.8,In Transit,Low,332.5
TRK-109,DRV-809,Santosh Deshmukh,Express Auto Carrier (Tata Prima 4028.S),2026-08-31T10:43:54.206321,20.08555,76.42073,51.9,42.28,70.2,428.33,High,Clear,42.1,High Risk,High,746.5
TRK-109,DRV-809,Santosh Deshmukh,Express Auto Carrier (Tata Prima 4028.S),2026-08-31T10:47:54.206321,19.93022,76.08688,79.0,37.96,64.1,389.39,Moderate,Clear,47.4,High Risk,High,354.8
TRK-109,DRV-809,Santosh Deshmukh,Express Auto Carrier (Tata Prima 4028.S),2026-08-31T10:51:54.206321,19.8457,75.73891,84.9,30.9,65.4,350.45,Low,Clear,52.6,In Transit,Low,253.9
TRK-109,DRV-809,Santosh Deshmukh,Express Auto Carrier (Tata Prima 4028.S),2026-08-31T10:55:54.206321,19.87427,75.36838,77.0,34.64,54.9,311.51,Moderate,Clear,57.9,High Risk,High,298.1
TRK-109,DRV-809,Santosh Deshmukh,Express Auto Carrier (Tata Prima 4028.S),2026-08-31T10:59:54.206321,19.8328,74.99982,78.8,32.51,48.7,272.58,Low,Clear,63.2,In Transit,Low,203.0
TRK-109,DRV-809,Santosh Deshmukh,Express Auto Carrier (Tata Prima 4028.S),2026-08-31T11:03:54.206321,19.78626,74.6314,44.3,45.46,52.2,233.64,Severe,Clear,68.4,High Risk,High,636.3
TRK-109,DRV-809,Santosh Deshmukh,Express Auto Carrier (Tata Prima 4028.S),2026-08-31T11:07:54.206321,19.83497,74.27345,87.3,29.39,43.4,194.7,Low,Clear,73.7,In Transit,Low,136.3
TRK-109,DRV-809,Santosh Deshmukh,Express Auto Carrier (Tata Prima 4028.S),2026-08-31T11:11:54.206321,19.95271,73.92307,80.3,34.05,40.1,155.76,Low,Clear,78.9,In Transit,Low,113.1
TRK-109,DRV-809,Santosh Deshmukh,Express Auto Carrier (Tata Prima 4028.S),2026-08-31T11:15:54.206321,19.82034,73.65563,57.1,39.76,35.5,116.82,High,Clear,84.2,High Risk,High,184.8
TRK-109,DRV-809,Santosh Deshmukh,Express Auto Carrier (Tata Prima 4028.S),2026-08-31T11:19:54.206321,19.56619,73.40271,39.9,46.49,29.3,77.88,Severe,Clear,89.5,Delayed,High,233.7
TRK-109,DRV-809,Santosh Deshmukh,Express Auto Carrier (Tata Prima 4028.S),2026-08-31T11:23:54.206321,19.33625,73.12206,71.5,36.8,30.5,38.94,Moderate,Clear,94.7,In Transit,Low,40.2
TRK-109,DRV-809,Santosh Deshmukh,Express Auto Carrier (Tata Prima 4028.S),2026-08-31T11:27:54.206321,19.076,72.8777,81.4,33.42,23.5,0.0,Low,Clear,100.0,Arrived,Low,0.5
TRK-109,DRV-809,Santosh Deshmukh,Express Auto Carrier (Tata Prima 4028.S),2026-09-01T00:11:54.206321,21.1458,79.0882,66.5,36.22,96.0,739.85,Moderate,Clear,0.0,High Risk,High,797.6
TRK-109,DRV-809,Santosh Deshmukh,Express Auto Carrier (Tata Prima 4028.S),2026-09-01T00:15:54.206321,20.87444,78.88701,80.5,28.41,95.1,700.91,Low,Clear,5.3,In Transit,Low,517.7
TRK-109,DRV-809,Santosh Deshmukh,Express Auto Carrier (Tata Prima 4028.S),2026-09-01T00:19:54.206321,20.73216,78.54609,91.1,31.96,94.1,661.97,Low,Clear,10.5,In Transit,Low,437.7
TRK-109,DRV-809,Santosh Deshmukh,Express Auto Carrier (Tata Prima 4028.S),2026-09-01T00:23:54.206321,20.64727,78.18356,60.5,40.02,88.1,623.03,High,Clear,15.8,High Risk,High,928.5
TRK-109,DRV-809,Santosh Deshmukh,Express Auto Carrier (Tata Prima 4028.S),2026-09-01T00:27:54.206321,20.56238,77.82103,37.8,46.11,86.7,584.09,Severe,Clear,21.1,Delayed,High,1853.7
TRK-109,DRV-809,Santosh Deshmukh,Express Auto Carrier (Tata Prima 4028.S),2026-09-01T00:31:54.206321,20.47473,77.45947,67.8,35.01,79.7,545.15,Moderate,Clear,26.3,High Risk,High,577.8
TRK-109,DRV-809,Santosh Deshmukh,Express Auto Carrier (Tata Prima 4028.S),2026-09-01T00:35:54.206321,20.34949,77.11105,60.5,38.06,78.0,506.21,High,Clear,31.6,High Risk,High,751.2
TRK-109,DRV-809,Santosh Deshmukh,Express Auto Carrier (Tata Prima 4028.S),2026-09-01T00:39:54.206321,20.22424,76.76263,48.1,43.09,71.8,467.27,Severe,Clear,36.8,High Risk,High,1165.8
TRK-109,DRV-809,Santosh Deshmukh,Express Auto Carrier (Tata Prima 4028.S),2026-09-01T00:43:54.206321,20.08555,76.42073,69.9,39.48,65.5,428.33,Moderate,Clear,42.1,High Risk,High,445.2
TRK-109,DRV-809,Santosh Deshmukh,Express Auto Carrier (Tata Prima 4028.S),2026-09-01T00:47:54.206321,19.93022,76.08688,62.7,37.05,61.9,389.39,Moderate,Clear,47.4,High Risk,High,447.3
TRK-109,DRV-809,Santosh Deshmukh,Express Auto Carrier (Tata Prima 4028.S),2026-09-01T00:51:54.206321,19.8457,75.73891,57.1,42.8,61.1,350.45,High,Clear,52.6,High Risk,High,549.2
TRK-109,DRV-809,Santosh Deshmukh,Express Auto Carrier (Tata Prima 4028.S),2026-09-01T00:55:54.206321,19.87427,75.36838,88.2,32.04,58.0,311.51,Low,Clear,57.9,In Transit,Low,214.9
TRK-109,DRV-809,Santosh Deshmukh,Express Auto Carrier (Tata Prima 4028.S),2026-09-01T00:59:54.206321,19.8328,74.99982,41.3,45.36,50.4,272.58,Severe,Clear,63.2,High Risk,High,793.0
TRK-109,DRV-809,Santosh Deshmukh,Express Auto Carrier (Tata Prima 4028.S),2026-09-01T01:03:54.206321,19.78626,74.6314,94.8,33.78,50.1,233.64,Low,Clear,68.4,In Transit,Low,148.1
TRK-109,DRV-809,Santosh Deshmukh,Express Auto Carrier (Tata Prima 4028.S),2026-09-01T01:07:54.206321,19.83497,74.27345,88.9,31.16,45.1,194.7,Low,Clear,73.7,In Transit,Low,132.4
TRK-109,DRV-809,Santosh Deshmukh,Express Auto Carrier (Tata Prima 4028.S),2026-09-01T01:11:54.206321,19.95271,73.92307,92.2,35.85,42.8,155.76,Low,Clear,78.9,In Transit,Low,102.6
TRK-109,DRV-809,Santosh Deshmukh,Express Auto Carrier (Tata Prima 4028.S),2026-09-01T01:15:54.206321,19.82034,73.65563,76.4,31.94,36.6,116.82,Low,Clear,84.2,In Transit,Low,100.3
TRK-109,DRV-809,Santosh Deshmukh,Express Auto Carrier (Tata Prima 4028.S),2026-09-01T01:19:54.206321,19.56619,73.40271,83.3,31.04,30.7,77.88,Low,Clear,89.5,In Transit,Low,59.8
TRK-109,DRV-809,Santosh Deshmukh,Express Auto Carrier (Tata Prima 4028.S),2026-09-01T01:23:54.206321,19.33625,73.12206,82.2,31.8,30.8,38.94,Low,Clear,94.7,In Transit,Low,28.5
TRK-109,DRV-809,Santosh Deshmukh,Express Auto Carrier (Tata Prima 4028.S),2026-09-01T01:27:54.206321,19.076,72.8777,61.6,34.84,25.1,0.0,Moderate,Clear,100.0,Arrived,Low,5.2
TRK-109,DRV-809,Santosh Deshmukh,Express Auto Carrier (Tata Prima 4028.S),2026-09-01T14:11:54.206321,21.1458,79.0882,76.0,34.65,99.5,739.85,Low,Clear,0.0,In Transit,Low,591.0
TRK-109,DRV-809,Santosh Deshmukh,Express Auto Carrier (Tata Prima 4028.S),2026-09-01T14:15:54.206321,20.87444,78.88701,50.1,46.43,98.6,700.91,Severe,Clear,5.3,High Risk,High,1677.5
TRK-109,DRV-809,Santosh Deshmukh,Express Auto Carrier (Tata Prima 4028.S),2026-09-01T14:19:54.206321,20.73216,78.54609,62.4,33.43,94.6,661.97,Moderate,Clear,10.5,High Risk,High,766.5
TRK-109,DRV-809,Santosh Deshmukh,Express Auto Carrier (Tata Prima 4028.S),2026-09-01T14:23:54.206321,20.64727,78.18356,81.0,32.44,86.1,623.03,Low,Clear,15.8,In Transit,Low,464.5
TRK-109,DRV-809,Santosh Deshmukh,Express Auto Carrier (Tata Prima 4028.S),2026-09-01T14:27:54.206321,20.56238,77.82103,62.0,35.95,81.6,584.09,Moderate,Clear,21.1,High Risk,High,677.0
TRK-109,DRV-809,Santosh Deshmukh,Express Auto Carrier (Tata Prima 4028.S),2026-09-01T14:31:54.206321,20.47473,77.45947,89.2,33.03,78.6,545.15,Low,Clear,26.3,In Transit,Low,371.9
TRK-109,DRV-809,Santosh Deshmukh,Express Auto Carrier (Tata Prima 4028.S),2026-09-01T14:35:54.206321,20.34949,77.11105,59.9,35.89,75.9,506.21,Moderate,Clear,31.6,High Risk,High,606.9
TRK-109,DRV-809,Santosh Deshmukh,Express Auto Carrier (Tata Prima 4028.S),2026-09-01T14:39:54.206321,20.22424,76.76263,59.1,39.13,74.6,467.27,High,Clear,36.8,High Risk,High,709.4
TRK-109,DRV-809,Santosh Deshmukh,Express Auto Carrier (Tata Prima 4028.S),2026-09-01T14:43:54.206321,20.08555,76.42073,65.1,35.38,69.9,428.33,Moderate,Clear,42.1,High Risk,High,463.7
TRK-109,DRV-809,Santosh Deshmukh,Express Auto Carrier (Tata Prima 4028.S),2026-09-01T14:47:54.206321,19.93022,76.08688,74.9,35.96,63.9,389.39,Moderate,Clear,47.4,High Risk,High,371.9
TRK-109,DRV-809,Santosh Deshmukh,Express Auto Carrier (Tata Prima 4028.S),2026-09-01T14:51:54.206321,19.8457,75.73891,58.9,36.3,59.9,350.45,High,Clear,52.6,High Risk,High,534.1
TRK-109,DRV-809,Santosh Deshmukh,Express Auto Carrier (Tata Prima 4028.S),2026-09-01T14:55:54.206321,19.87427,75.36838,90.6,30.29,58.7,311.51,Low,Clear,57.9,In Transit,Low,205.2
TRK-109,DRV-809,Santosh Deshmukh,Express Auto Carrier (Tata Prima 4028.S),2026-09-01T14:59:54.206321,19.8328,74.99982,87.8,33.14,50.0,272.58,Low,Clear,63.2,In Transit,Low,183.4
TRK-109,DRV-809,Santosh Deshmukh,Express Auto Carrier (Tata Prima 4028.S),2026-09-01T15:03:54.206321,19.78626,74.6314,52.1,38.14,51.6,233.64,High,Clear,68.4,High Risk,High,404.8
TRK-109,DRV-809,Santosh Deshmukh,Express Auto Carrier (Tata Prima 4028.S),2026-09-01T15:07:54.206321,19.83497,74.27345,55.0,39.48,49.3,194.7,High,Clear,73.7,High Risk,High,317.0
TRK-109,DRV-809,Santosh Deshmukh,Express Auto Carrier (Tata Prima 4028.S),2026-09-01T15:11:54.206321,19.95271,73.92307,69.2,34.92,43.7,155.76,Moderate,Clear,78.9,In Transit,Moderate,157.7
TRK-109,DRV-809,Santosh Deshmukh,Express Auto Carrier (Tata Prima 4028.S),2026-09-01T15:15:54.206321,19.82034,73.65563,92.9,30.59,36.4,116.82,Low,Clear,84.2,In Transit,Low,80.9
TRK-109,DRV-809,Santosh Deshmukh,Express Auto Carrier (Tata Prima 4028.S),2026-09-01T15:19:54.206321,19.56619,73.40271,73.6,34.32,36.9,77.88,Moderate,Clear,89.5,In Transit,Moderate,76.0
TRK-109,DRV-809,Santosh Deshmukh,Express Auto Carrier (Tata Prima 4028.S),2026-09-01T15:23:54.206321,19.33625,73.12206,80.0,31.2,31.0,38.94,Low,Clear,94.7,In Transit,Low,35.2
TRK-109,DRV-809,Santosh Deshmukh,Express Auto Carrier (Tata Prima 4028.S),2026-09-01T15:27:54.206321,19.076,72.8777,76.9,37.11,24.5,0.0,Moderate,Clear,100.0,Arrived,Low,3.1
TRK-109,DRV-809,Santosh Deshmukh,Express Auto Carrier (Tata Prima 4028.S),2026-09-02T04:11:54.206321,21.1458,79.0882,69.6,35.29,99.1,739.85,Moderate,Clear,0.0,High Risk,High,762.1
TRK-109,DRV-809,Santosh Deshmukh,Express Auto Carrier (Tata Prima 4028.S),2026-09-02T04:15:54.206321,20.87444,78.88701,80.7,29.71,97.3,700.91,Low,Clear,5.3,In Transit,Low,518.9
TRK-109,DRV-809,Santosh Deshmukh,Express Auto Carrier (Tata Prima 4028.S),2026-09-02T04:19:54.206321,20.73216,78.54609,71.8,33.71,89.6,661.97,Moderate,Clear,10.5,High Risk,High,661.3
TRK-109,DRV-809,Santosh Deshmukh,Express Auto Carrier (Tata Prima 4028.S),2026-09-02T04:23:54.206321,20.64727,78.18356,77.0,30.86,87.1,623.03,Low,Clear,15.8,In Transit,Low,488.5
TRK-109,DRV-809,Santosh Deshmukh,Express Auto Carrier (Tata Prima 4028.S),2026-09-02T04:27:54.206321,20.56238,77.82103,92.0,30.37,84.7,584.09,Low,Clear,21.1,In Transit,Low,380.2
TRK-109,DRV-809,Santosh Deshmukh,Express Auto Carrier (Tata Prima 4028.S),2026-09-02T04:31:54.206321,20.47473,77.45947,86.5,32.71,81.9,545.15,Low,Clear,26.3,In Transit,Low,377.5
TRK-109,DRV-809,Santosh Deshmukh,Express Auto Carrier (Tata Prima 4028.S),2026-09-02T04:35:54.206321,20.34949,77.11105,86.4,31.22,75.8,506.21,Low,Clear,31.6,In Transit,Low,352.7
TRK-109,DRV-809,Santosh Deshmukh,Express Auto Carrier (Tata Prima 4028.S),2026-09-02T04:39:54.206321,20.22424,76.76263,70.1,34.71,73.0,467.27,Moderate,Clear,36.8,High Risk,High,476.7
TRK-109,DRV-809,Santosh Deshmukh,Express Auto Carrier (Tata Prima 4028.S),2026-09-02T04:43:54.206321,20.08555,76.42073,48.2,37.39,67.3,428.33,High,Clear,42.1,High Risk,High,805.5
TRK-109,DRV-809,Santosh Deshmukh,Express Auto Carrier (Tata Prima 4028.S),2026-09-02T04:47:54.206321,19.93022,76.08688,92.1,32.94,63.9,389.39,Low,Clear,47.4,In Transit,Low,251.2
TRK-109,DRV-809,Santosh Deshmukh,Express Auto Carrier (Tata Prima 4028.S),2026-09-02T04:51:54.206321,19.8457,75.73891,81.4,29.21,60.7,350.45,Low,Clear,52.6,In Transit,Low,253.3
TRK-109,DRV-809,Santosh Deshmukh,Express Auto Carrier (Tata Prima 4028.S),2026-09-02T04:55:54.206321,19.87427,75.36838,82.9,29.37,57.5,311.51,Low,Clear,57.9,In Transit,Low,225.8
TRK-109,DRV-809,Santosh Deshmukh,Express Auto Carrier (Tata Prima 4028.S),2026-09-02T04:59:54.206321,19.8328,74.99982,96.3,31.64,54.3,272.58,Low,Clear,63.2,In Transit,Low,169.9
TRK-109,DRV-809,Santosh Deshmukh,Express Auto Carrier (Tata Prima 4028.S),2026-09-02T05:03:54.206321,19.78626,74.6314,46.7,37.91,48.3,233.64,High,Clear,68.4,High Risk,High,448.9
TRK-109,DRV-809,Santosh Deshmukh,Express Auto Carrier (Tata Prima 4028.S),2026-09-02T05:07:54.206321,19.83497,74.27345,72.6,34.32,44.3,194.7,Moderate,Clear,73.7,High Risk,High,198.1
TRK-109,DRV-809,Santosh Deshmukh,Express Auto Carrier (Tata Prima 4028.S),2026-09-02T05:11:54.206321,19.95271,73.92307,69.4,35.01,37.1,155.76,Moderate,Clear,78.9,In Transit,Moderate,157.3
TRK-109,DRV-809,Santosh Deshmukh,Express Auto Carrier (Tata Prima 4028.S),2026-09-02T05:15:54.206321,19.82034,73.65563,68.0,42.43,36.7,116.82,High,Clear,84.2,High Risk,High,162.9
TRK-109,DRV-809,Santosh Deshmukh,Express Auto Carrier (Tata Prima 4028.S),2026-09-02T05:19:54.206321,19.56619,73.40271,79.1,35.83,32.5,77.88,Moderate,Clear,89.5,In Transit,Moderate,73.8
TRK-109,DRV-809,Santosh Deshmukh,Express Auto Carrier (Tata Prima 4028.S),2026-09-02T05:23:54.206321,19.33625,73.12206,84.0,32.37,32.5,38.94,Low,Clear,94.7,In Transit,Low,27.3
TRK-109,DRV-809,Santosh Deshmukh,Express Auto Carrier (Tata Prima 4028.S),2026-09-02T05:27:54.206321,19.076,72.8777,83.0,31.85,22.1,0.0,Low,Clear,100.0,Arrived,Low,0.5
TRK-109,DRV-809,Santosh Deshmukh,Express Auto Carrier (Tata Prima 4028.S),2026-09-02T18:11:54.206321,21.1458,79.0882,83.8,32.94,102.5,739.85,Low,Clear,0.0,In Transit,Low,531.4
TRK-109,DRV-809,Santosh Deshmukh,Express Auto Carrier (Tata Prima 4028.S),2026-09-02T18:15:54.206321,20.87444,78.88701,81.9,36.74,98.0,700.91,Low,Clear,5.3,In Transit,Low,509.7
TRK-109,DRV-809,Santosh Deshmukh,Express Auto Carrier (Tata Prima 4028.S),2026-09-02T18:19:54.206321,20.73216,78.54609,89.2,33.44,91.8,661.97,Low,Clear,10.5,In Transit,Low,447.0
TRK-109,DRV-809,Santosh Deshmukh,Express Auto Carrier (Tata Prima 4028.S),2026-09-02T18:23:54.206321,20.64727,78.18356,47.3,41.64,89.8,623.03,High,Clear,15.8,High Risk,High,1190.1
TRK-109,DRV-809,Santosh Deshmukh,Express Auto Carrier (Tata Prima 4028.S),2026-09-02T18:27:54.206321,20.56238,77.82103,53.6,38.79,80.9,584.09,High,Clear,21.1,High Risk,High,988.5
TRK-109,DRV-809,Santosh Deshmukh,Express Auto Carrier (Tata Prima 4028.S),2026-09-02T18:31:54.206321,20.47473,77.45947,83.1,31.96,81.8,545.15,Low,Clear,26.3,In Transit,Low,392.3
TRK-109,DRV-809,Santosh Deshmukh,Express Auto Carrier (Tata Prima 4028.S),2026-09-02T18:35:54.206321,20.34949,77.11105,85.3,31.99,79.6,506.21,Low,Clear,31.6,In Transit,Low,350.9
TRK-109,DRV-809,Santosh Deshmukh,Express Auto Carrier (Tata Prima 4028.S),2026-09-02T18:39:54.206321,20.22424,76.76263,64.2,36.17,73.6,467.27,Moderate,Clear,36.8,High Risk,High,518.9
TRK-109,DRV-809,Santosh Deshmukh,Express Auto Carrier (Tata Prima 4028.S),2026-09-02T18:43:54.206321,20.08555,76.42073,74.2,34.16,67.4,428.33,Moderate,Clear,42.1,High Risk,High,408.4
TRK-109,DRV-809,Santosh Deshmukh,Express Auto Carrier (Tata Prima 4028.S),2026-09-02T18:47:54.206321,19.93022,76.08688,71.1,34.28,66.0,389.39,Moderate,Clear,47.4,High Risk,High,400.1
TRK-109,DRV-809,Santosh Deshmukh,Express Auto Carrier (Tata Prima 4028.S),2026-09-02T18:51:54.206321,19.8457,75.73891,89.0,32.79,60.8,350.45,Low,Clear,52.6,In Transit,Low,231.7
TRK-109,DRV-809,Santosh Deshmukh,Express Auto Carrier (Tata Prima 4028.S),2026-09-02T18:55:54.206321,19.87427,75.36838,42.9,47.77,56.8,311.51,Severe,Clear,57.9,High Risk,High,873.0
TRK-109,DRV-809,Santosh Deshmukh,Express Auto Carrier (Tata Prima 4028.S),2026-09-02T18:59:54.206321,19.8328,74.99982,54.4,39.92,48.1,272.58,High,Clear,63.2,High Risk,High,456.7
TRK-109,DRV-809,Santosh Deshmukh,Express Auto Carrier (Tata Prima 4028.S),2026-09-02T19:03:54.206321,19.78626,74.6314,78.6,28.15,51.3,233.64,Low,Clear,68.4,In Transit,Low,179.4
TRK-109,DRV-809,Santosh Deshmukh,Express Auto Carrier (Tata Prima 4028.S),2026-09-02T19:07:54.206321,19.83497,74.27345,75.1,34.85,46.8,194.7,Moderate,Clear,73.7,High Risk,High,185.8
TRK-109,DRV-809,Santosh Deshmukh,Express Auto Carrier (Tata Prima 4028.S),2026-09-02T19:11:54.206321,19.95271,73.92307,64.7,36.59,39.0,155.76,High,Clear,78.9,High Risk,High,219.8
TRK-109,DRV-809,Santosh Deshmukh,Express Auto Carrier (Tata Prima 4028.S),2026-09-02T19:15:54.206321,19.82034,73.65563,73.5,29.56,38.4,116.82,Moderate,Clear,84.2,In Transit,Moderate,112.7
TRK-109,DRV-809,Santosh Deshmukh,Express Auto Carrier (Tata Prima 4028.S),2026-09-02T19:19:54.206321,19.56619,73.40271,73.0,34.78,33.6,77.88,Moderate,Clear,89.5,In Transit,Moderate,79.2
TRK-109,DRV-809,Santosh Deshmukh,Express Auto Carrier (Tata Prima 4028.S),2026-09-02T19:23:54.206321,19.33625,73.12206,81.6,30.57,31.5,38.94,Low,Clear,94.7,In Transit,Low,26.8
TRK-109,DRV-809,Santosh Deshmukh,Express Auto Carrier (Tata Prima 4028.S),2026-09-02T19:27:54.206321,19.076,72.8777,89.9,33.2,25.2,0.0,Low,Clear,100.0,Arrived,Low,2.1
TRK-109,DRV-809,Santosh Deshmukh,Express Auto Carrier (Tata Prima 4028.S),2026-09-03T08:11:54.206321,21.1458,79.0882,51.4,48.03,101.9,739.85,Severe,Clear,0.0,High Risk,High,1730.3
TRK-109,DRV-809,Santosh Deshmukh,Express Auto Carrier (Tata Prima 4028.S),2026-09-03T08:15:54.206321,20.87444,78.88701,79.6,37.47,98.4,700.91,Moderate,Clear,5.3,High Risk,High,634.6
TRK-109,DRV-809,Santosh Deshmukh,Express Auto Carrier (Tata Prima 4028.S),2026-09-03T08:19:54.206321,20.73216,78.54609,67.2,30.79,92.8,661.97,Moderate,Clear,10.5,High Risk,High,705.6
TRK-109,DRV-809,Santosh Deshmukh,Express Auto Carrier (Tata Prima 4028.S),2026-09-03T08:23:54.206321,20.64727,78.18356,82.1,30.62,89.5,623.03,Low,Clear,15.8,In Transit,Low,452.1
TRK-109,DRV-809,Santosh Deshmukh,Express Auto Carrier (Tata Prima 4028.S),2026-09-03T08:27:54.206321,20.56238,77.82103,69.6,34.57,81.0,584.09,Moderate,Clear,21.1,High Risk,High,602.3
TRK-109,DRV-809,Santosh Deshmukh,Express Auto Carrier (Tata Prima 4028.S),2026-09-03T08:31:54.206321,20.47473,77.45947,88.8,29.47,79.7,545.15,Low,Clear,26.3,In Transit,Low,363.1
TRK-109,DRV-809,Santosh Deshmukh,Express Auto Carrier (Tata Prima 4028.S),2026-09-03T08:35:54.206321,20.34949,77.11105,86.1,29.66,76.4,506.21,Low,Clear,31.6,In Transit,Low,350.4
TRK-109,DRV-809,Santosh Deshmukh,Express Auto Carrier (Tata Prima 4028.S),2026-09-03T08:39:54.206321,20.22424,76.76263,84.7,35.94,71.8,467.27,Low,Clear,36.8,In Transit,Low,329.5
TRK-109,DRV-809,Santosh Deshmukh,Express Auto Carrier (Tata Prima 4028.S),2026-09-03T08:43:54.206321,20.08555,76.42073,48.1,37.16,67.8,428.33,High,Clear,42.1,High Risk,High,803.3
TRK-109,DRV-809,Santosh Deshmukh,Express Auto Carrier (Tata Prima 4028.S),2026-09-03T08:47:54.206321,19.93022,76.08688,74.4,31.89,70.7,389.39,Low,Clear,47.4,In Transit,Low,311.1
TRK-109,DRV-809,Santosh Deshmukh,Express Auto Carrier (Tata Prima 4028.S),2026-09-03T08:51:54.206321,19.8457,75.73891,65.7,32.89,62.0,350.45,Moderate,Clear,52.6,High Risk,High,389.3
TRK-109,DRV-809,Santosh Deshmukh,Express Auto Carrier (Tata Prima 4028.S),2026-09-03T08:55:54.206321,19.87427,75.36838,88.2,29.43,55.8,311.51,Low,Clear,57.9,In Transit,Low,213.6
TRK-109,DRV-809,Santosh Deshmukh,Express Auto Carrier (Tata Prima 4028.S),2026-09-03T08:59:54.206321,19.8328,74.99982,81.9,32.37,55.2,272.58,Low,Clear,63.2,In Transit,Low,195.8
TRK-109,DRV-809,Santosh Deshmukh,Express Auto Carrier (Tata Prima 4028.S),2026-09-03T09:03:54.206321,19.78626,74.6314,74.4,31.95,47.2,233.64,Moderate,Clear,68.4,High Risk,High,225.9
TRK-109,DRV-809,Santosh Deshmukh,Express Auto Carrier (Tata Prima 4028.S),2026-09-03T09:07:54.206321,19.83497,74.27345,46.2,40.4,44.4,194.7,High,Clear,73.7,High Risk,High,375.3
TRK-109,DRV-809,Santosh Deshmukh,Express Auto Carrier (Tata Prima 4028.S),2026-09-03T09:11:54.206321,19.95271,73.92307,85.8,32.96,38.2,155.76,Low,Clear,78.9,In Transit,Low,106.2
TRK-109,DRV-809,Santosh Deshmukh,Express Auto Carrier (Tata Prima 4028.S),2026-09-03T09:15:54.206321,19.82034,73.65563,89.3,31.77,36.5,116.82,Low,Clear,84.2,In Transit,Low,77.9
TRK-109,DRV-809,Santosh Deshmukh,Express Auto Carrier (Tata Prima 4028.S),2026-09-03T09:19:54.206321,19.56619,73.40271,84.5,29.1,34.5,77.88,Low,Clear,89.5,In Transit,Low,49.8
TRK-109,DRV-809,Santosh Deshmukh,Express Auto Carrier (Tata Prima 4028.S),2026-09-03T09:23:54.206321,19.33625,73.12206,38.3,44.5,32.0,38.94,Severe,Clear,94.7,Delayed,High,124.7
TRK-109,DRV-809,Santosh Deshmukh,Express Auto Carrier (Tata Prima 4028.S),2026-09-03T09:27:54.206321,19.076,72.8777,78.1,32.8,26.6,0.0,Low,Clear,100.0,Arrived,Low,3.9
TRK-109,DRV-809,Santosh Deshmukh,Express Auto Carrier (Tata Prima 4028.S),2026-09-03T22:11:54.206321,21.1458,79.0882,91.9,32.77,101.7,739.85,Low,Clear,0.0,In Transit,Low,487.5
TRK-109,DRV-809,Santosh Deshmukh,Express Auto Carrier (Tata Prima 4028.S),2026-09-03T22:15:54.206321,20.87444,78.88701,60.4,32.96,97.8,700.91,Moderate,Clear,5.3,High Risk,High,837.2
TRK-109,DRV-809,Santosh Deshmukh,Express Auto Carrier (Tata Prima 4028.S),2026-09-03T22:19:54.206321,20.73216,78.54609,87.3,30.4,93.1,661.97,Low,Clear,10.5,In Transit,Low,455.3
TRK-109,DRV-809,Santosh Deshmukh,Express Auto Carrier (Tata Prima 4028.S),2026-09-03T22:23:54.206321,20.64727,78.18356,76.5,36.94,88.7,623.03,Moderate,Clear,15.8,High Risk,High,589.8
TRK-109,DRV-809,Santosh Deshmukh,Express Auto Carrier (Tata Prima 4028.S),2026-09-03T22:27:54.206321,20.56238,77.82103,88.6,30.81,80.6,584.09,Low,Clear,21.1,In Transit,Low,398.6
TRK-109,DRV-809,Santosh Deshmukh,Express Auto Carrier (Tata Prima 4028.S),2026-09-03T22:31:54.206321,20.47473,77.45947,85.8,28.24,79.2,545.15,Low,Clear,26.3,In Transit,Low,375.7
TRK-109,DRV-809,Santosh Deshmukh,Express Auto Carrier (Tata Prima 4028.S),2026-09-03T22:35:54.206321,20.34949,77.11105,67.6,34.43,76.5,506.21,Moderate,Clear,31.6,High Risk,High,536.9
TRK-109,DRV-809,Santosh Deshmukh,Express Auto Carrier (Tata Prima 4028.S),2026-09-03T22:39:54.206321,20.22424,76.76263,61.3,32.09,70.1,467.27,Moderate,Clear,36.8,High Risk,High,553.5
TRK-109,DRV-809,Santosh Deshmukh,Express Auto Carrier (Tata Prima 4028.S),2026-09-03T22:43:54.206321,20.08555,76.42073,76.9,35.24,71.7,428.33,Moderate,Clear,42.1,High Risk,High,400.7
TRK-109,DRV-809,Santosh Deshmukh,Express Auto Carrier (Tata Prima 4028.S),2026-09-03T22:47:54.206321,19.93022,76.08688,52.7,40.31,66.8,389.39,High,Clear,47.4,High Risk,High,667.1
TRK-109,DRV-809,Santosh Deshmukh,Express Auto Carrier (Tata Prima 4028.S),2026-09-03T22:51:54.206321,19.8457,75.73891,55.8,39.61,62.2,350.45,High,Clear,52.6,High Risk,High,565.7
TRK-109,DRV-809,Santosh Deshmukh,Express Auto Carrier (Tata Prima 4028.S),2026-09-03T22:55:54.206321,19.87427,75.36838,66.9,34.51,59.4,311.51,Moderate,Clear,57.9,High Risk,High,340.5
TRK-109,DRV-809,Santosh Deshmukh,Express Auto Carrier (Tata Prima 4028.S),2026-09-03T22:59:54.206321,19.8328,74.99982,58.7,38.58,53.0,272.58,High,Clear,63.2,High Risk,High,419.7
TRK-109,DRV-809,Santosh Deshmukh,Express Auto Carrier (Tata Prima 4028.S),2026-09-03T23:03:54.206321,19.78626,74.6314,80.8,31.18,48.6,233.64,Low,Clear,68.4,In Transit,Low,174.0
TRK-109,DRV-809,Santosh Deshmukh,Express Auto Carrier (Tata Prima 4028.S),2026-09-03T23:07:54.206321,19.83497,74.27345,67.9,36.08,45.6,194.7,Moderate,Clear,73.7,High Risk,High,205.6
TRK-109,DRV-809,Santosh Deshmukh,Express Auto Carrier (Tata Prima 4028.S),2026-09-03T23:11:54.206321,19.95271,73.92307,53.8,40.43,44.4,155.76,High,Clear,78.9,High Risk,High,258.7
TRK-109,DRV-809,Santosh Deshmukh,Express Auto Carrier (Tata Prima 4028.S),2026-09-03T23:15:54.206321,19.82034,73.65563,55.5,38.58,36.2,116.82,High,Clear,84.2,High Risk,High,196.9
TRK-109,DRV-809,Santosh Deshmukh,Express Auto Carrier (Tata Prima 4028.S),2026-09-03T23:19:54.206321,19.56619,73.40271,84.1,27.87,30.5,77.88,Low,Clear,89.5,In Transit,Low,57.9
TRK-109,DRV-809,Santosh Deshmukh,Express Auto Carrier (Tata Prima 4028.S),2026-09-03T23:23:54.206321,19.33625,73.12206,79.6,31.48,28.5,38.94,Low,Clear,94.7,In Transit,Low,30.9
TRK-109,DRV-809,Santosh Deshmukh,Express Auto Carrier (Tata Prima 4028.S),2026-09-03T23:27:54.206321,19.076,72.8777,71.6,37.54,30.1,0.0,Moderate,Clear,100.0,Arrived,Low,0.5
TRK-109,DRV-809,Santosh Deshmukh,Express Auto Carrier (Tata Prima 4028.S),2026-09-04T12:11:54.206321,21.1458,79.0882,58.3,32.25,100.8,739.85,Moderate,Clear,0.0,High Risk,High,912.2
TRK-109,DRV-809,Santosh Deshmukh,Express Auto Carrier (Tata Prima 4028.S),2026-09-04T12:15:54.206321,20.87444,78.88701,84.7,29.99,95.4,700.91,Low,Clear,5.3,In Transit,Low,495.8
TRK-109,DRV-809,Santosh Deshmukh,Express Auto Carrier (Tata Prima 4028.S),2026-09-04T12:19:54.206321,20.73216,78.54609,53.5,37.52,95.8,661.97,High,Clear,10.5,High Risk,High,1114.7
TRK-109,DRV-809,Santosh Deshmukh,Express Auto Carrier (Tata Prima 4028.S),2026-09-04T12:23:54.206321,20.64727,78.18356,78.5,32.59,90.1,623.03,Moderate,Clear,15.8,High Risk,High,572.3
TRK-109,DRV-809,Santosh Deshmukh,Express Auto Carrier (Tata Prima 4028.S),2026-09-04T12:27:54.206321,20.56238,77.82103,71.9,32.94,85.4,584.09,Moderate,Clear,21.1,High Risk,High,582.3
TRK-109,DRV-809,Santosh Deshmukh,Express Auto Carrier (Tata Prima 4028.S),2026-09-04T12:31:54.206321,20.47473,77.45947,50.1,36.36,80.0,545.15,High,Clear,26.3,High Risk,High,986.2
TRK-109,DRV-809,Santosh Deshmukh,Express Auto Carrier (Tata Prima 4028.S),2026-09-04T12:35:54.206321,20.34949,77.11105,72.2,36.45,75.0,506.21,Moderate,Clear,31.6,High Risk,High,499.7
TRK-109,DRV-809,Santosh Deshmukh,Express Auto Carrier (Tata Prima 4028.S),2026-09-04T12:39:54.206321,20.22424,76.76263,68.3,34.5,72.2,467.27,Moderate,Clear,36.8,High Risk,High,491.4
TRK-109,DRV-809,Santosh Deshmukh,Express Auto Carrier (Tata Prima 4028.S),2026-09-04T12:43:54.206321,20.08555,76.42073,102.4,34.85,68.7,428.33,Low,Clear,42.1,In Transit,Low,246.6
TRK-109,DRV-809,Santosh Deshmukh,Express Auto Carrier (Tata Prima 4028.S),2026-09-04T12:47:54.206321,19.93022,76.08688,42.3,48.07,63.9,389.39,Severe,Clear,47.4,High Risk,High,1111.2
TRK-109,DRV-809,Santosh Deshmukh,Express Auto Carrier (Tata Prima 4028.S),2026-09-04T12:51:54.206321,19.8457,75.73891,74.6,36.9,58.1,350.45,Moderate,Clear,52.6,High Risk,High,339.5
TRK-109,DRV-809,Santosh Deshmukh,Express Auto Carrier (Tata Prima 4028.S),2026-09-04T12:55:54.206321,19.87427,75.36838,55.3,36.33,57.6,311.51,High,Clear,57.9,High Risk,High,506.9
TRK-109,DRV-809,Santosh Deshmukh,Express Auto Carrier (Tata Prima 4028.S),2026-09-04T12:59:54.206321,19.8328,74.99982,67.0,38.96,52.1,272.58,High,Clear,63.2,High Risk,High,360.1
TRK-109,DRV-809,Santosh Deshmukh,Express Auto Carrier (Tata Prima 4028.S),2026-09-04T13:03:54.206321,19.78626,74.6314,63.9,34.73,53.1,233.64,Moderate,Clear,68.4,High Risk,High,262.3
TRK-109,DRV-809,Santosh Deshmukh,Express Auto Carrier (Tata Prima 4028.S),2026-09-04T13:07:54.206321,19.83497,74.27345,85.4,32.76,43.6,194.7,Low,Clear,73.7,In Transit,Low,136.9
TRK-109,DRV-809,Santosh Deshmukh,Express Auto Carrier (Tata Prima 4028.S),2026-09-04T13:11:54.206321,19.95271,73.92307,42.4,46.27,41.3,155.76,Severe,Clear,78.9,High Risk,High,436.5
TRK-109,DRV-809,Santosh Deshmukh,Express Auto Carrier (Tata Prima 4028.S),2026-09-04T13:15:54.206321,19.82034,73.65563,81.9,28.93,38.5,116.82,Low,Clear,84.2,In Transit,Low,84.7
TRK-109,DRV-809,Santosh Deshmukh,Express Auto Carrier (Tata Prima 4028.S),2026-09-04T13:19:54.206321,19.56619,73.40271,80.4,33.6,32.2,77.88,Low,Clear,89.5,In Transit,Low,62.6
TRK-109,DRV-809,Santosh Deshmukh,Express Auto Carrier (Tata Prima 4028.S),2026-09-04T13:23:54.206321,19.33625,73.12206,87.2,34.65,26.1,38.94,Low,Clear,94.7,In Transit,Low,20.5
TRK-109,DRV-809,Santosh Deshmukh,Express Auto Carrier (Tata Prima 4028.S),2026-09-04T13:27:54.206321,19.076,72.8777,89.6,34.37,24.4,0.0,Low,Clear,100.0,Arrived,Low,4.1
TRK-109,DRV-809,Santosh Deshmukh,Express Auto Carrier (Tata Prima 4028.S),2026-09-05T02:11:54.206321,21.1458,79.0882,65.7,35.29,102.4,739.85,Moderate,Clear,0.0,High Risk,High,815.2
TRK-109,DRV-809,Santosh Deshmukh,Express Auto Carrier (Tata Prima 4028.S),2026-09-05T02:15:54.206321,20.87444,78.88701,61.7,41.49,94.7,700.91,High,Clear,5.3,High Risk,High,1024.0
TRK-109,DRV-809,Santosh Deshmukh,Express Auto Carrier (Tata Prima 4028.S),2026-09-05T02:19:54.206321,20.73216,78.54609,55.4,34.65,90.9,661.97,Moderate,Clear,10.5,High Risk,High,858.3
TRK-109,DRV-809,Santosh Deshmukh,Express Auto Carrier (Tata Prima 4028.S),2026-09-05T02:23:54.206321,20.64727,78.18356,86.5,32.62,84.9,623.03,Low,Clear,15.8,In Transit,Low,433.1
TRK-109,DRV-809,Santosh Deshmukh,Express Auto Carrier (Tata Prima 4028.S),2026-09-05T02:27:54.206321,20.56238,77.82103,89.0,33.03,83.9,584.09,Low,Clear,21.1,In Transit,Low,387.5
TRK-109,DRV-809,Santosh Deshmukh,Express Auto Carrier (Tata Prima 4028.S),2026-09-05T02:31:54.206321,20.47473,77.45947,75.1,31.52,81.1,545.15,Low,Clear,26.3,In Transit,Low,433.2
TRK-109,DRV-809,Santosh Deshmukh,Express Auto Carrier (Tata Prima 4028.S),2026-09-05T02:35:54.206321,20.34949,77.11105,65.5,39.31,80.9,506.21,High,Clear,31.6,High Risk,High,697.8
TRK-109,DRV-809,Santosh Deshmukh,Express Auto Carrier (Tata Prima 4028.S),2026-09-05T02:39:54.206321,20.22424,76.76263,73.3,34.96,76.3,467.27,Moderate,Clear,36.8,High Risk,High,463.0
TRK-109,DRV-809,Santosh Deshmukh,Express Auto Carrier (Tata Prima 4028.S),2026-09-05T02:43:54.206321,20.08555,76.42073,53.7,38.1,65.1,428.33,High,Clear,42.1,High Risk,High,721.4
TRK-109,DRV-809,Santosh Deshmukh,Express Auto Carrier (Tata Prima 4028.S),2026-09-05T02:47:54.206321,19.93022,76.08688,94.9,29.59,62.7,389.39,Low,Clear,47.4,In Transit,Low,248.9
TRK-109,DRV-809,Santosh Deshmukh,Express Auto Carrier (Tata Prima 4028.S),2026-09-05T02:51:54.206321,19.8457,75.73891,75.5,35.46,56.4,350.45,Moderate,Clear,52.6,High Risk,High,324.8
TRK-109,DRV-809,Santosh Deshmukh,Express Auto Carrier (Tata Prima 4028.S),2026-09-05T02:55:54.206321,19.87427,75.36838,50.3,45.75,56.3,311.51,Severe,Clear,57.9,High Risk,High,748.8
TRK-109,DRV-809,Santosh Deshmukh,Express Auto Carrier (Tata Prima 4028.S),2026-09-05T02:59:54.206321,19.8328,74.99982,46.4,47.25,51.1,272.58,Severe,Clear,63.2,High Risk,High,708.7
TRK-109,DRV-809,Santosh Deshmukh,Express Auto Carrier (Tata Prima 4028.S),2026-09-05T03:03:54.206321,19.78626,74.6314,52.6,38.61,45.7,233.64,High,Clear,68.4,High Risk,High,399.8
TRK-109,DRV-809,Santosh Deshmukh,Express Auto Carrier (Tata Prima 4028.S),2026-09-05T03:07:54.206321,19.83497,74.27345,73.2,33.86,43.6,194.7,Moderate,Clear,73.7,High Risk,High,186.3
TRK-109,DRV-809,Santosh Deshmukh,Express Auto Carrier (Tata Prima 4028.S),2026-09-05T03:11:54.206321,19.95271,73.92307,75.3,32.29,43.8,155.76,Low,Clear,78.9,In Transit,Low,126.1
TRK-109,DRV-809,Santosh Deshmukh,Express Auto Carrier (Tata Prima 4028.S),2026-09-05T03:15:54.206321,19.82034,73.65563,82.8,35.39,37.0,116.82,Low,Clear,84.2,In Transit,Low,83.7
TRK-109,DRV-809,Santosh Deshmukh,Express Auto Carrier (Tata Prima 4028.S),2026-09-05T03:19:54.206321,19.56619,73.40271,51.1,37.51,35.4,77.88,High,Clear,89.5,High Risk,High,127.6
TRK-109,DRV-809,Santosh Deshmukh,Express Auto Carrier (Tata Prima 4028.S),2026-09-05T03:23:54.206321,19.33625,73.12206,52.9,38.35,29.3,38.94,High,Clear,94.7,In Transit,Moderate,66.7
TRK-109,DRV-809,Santosh Deshmukh,Express Auto Carrier (Tata Prima 4028.S),2026-09-05T03:27:54.206321,19.076,72.8777,82.4,27.7,20.2,0.0,Low,Clear,100.0,Arrived,Low,0.5
TRK-109,DRV-809,Santosh Deshmukh,Express Auto Carrier (Tata Prima 4028.S),2026-09-05T16:11:54.206321,21.1458,79.0882,47.1,47.76,98.1,739.85,Severe,Clear,0.0,High Risk,High,1883.9
TRK-109,DRV-809,Santosh Deshmukh,Express Auto Carrier (Tata Prima 4028.S),2026-09-05T16:15:54.206321,20.87444,78.88701,55.7,37.2,93.8,700.91,High,Clear,5.3,High Risk,High,1136.6
TRK-109,DRV-809,Santosh Deshmukh,Express Auto Carrier (Tata Prima 4028.S),2026-09-05T16:19:54.206321,20.73216,78.54609,62.4,34.25,95.6,661.97,Moderate,Clear,10.5,High Risk,High,768.8
TRK-109,DRV-809,Santosh Deshmukh,Express Auto Carrier (Tata Prima 4028.S),2026-09-05T16:23:54.206321,20.64727,78.18356,86.4,30.46,86.8,623.03,Low,Clear,15.8,In Transit,Low,437.5
TRK-109,DRV-809,Santosh Deshmukh,Express Auto Carrier (Tata Prima 4028.S),2026-09-05T16:27:54.206321,20.56238,77.82103,84.6,29.37,85.0,584.09,Low,Clear,21.1,In Transit,Low,419.4
TRK-109,DRV-809,Santosh Deshmukh,Express Auto Carrier (Tata Prima 4028.S),2026-09-05T16:31:54.206321,20.47473,77.45947,66.8,36.66,79.2,545.15,High,Clear,26.3,High Risk,High,736.4
TRK-109,DRV-809,Santosh Deshmukh,Express Auto Carrier (Tata Prima 4028.S),2026-09-05T16:35:54.206321,20.34949,77.11105,95.3,30.34,77.0,506.21,Low,Clear,31.6,In Transit,Low,322.9
TRK-109,DRV-809,Santosh Deshmukh,Express Auto Carrier (Tata Prima 4028.S),2026-09-05T16:39:54.206321,20.22424,76.76263,76.0,34.5,72.5,467.27,Moderate,Clear,36.8,High Risk,High,448.9
TRK-109,DRV-809,Santosh Deshmukh,Express Auto Carrier (Tata Prima 4028.S),2026-09-05T16:43:54.206321,20.08555,76.42073,55.8,37.19,70.9,428.33,High,Clear,42.1,High Risk,High,693.6
TRK-109,DRV-809,Santosh Deshmukh,Express Auto Carrier (Tata Prima 4028.S),2026-09-05T16:47:54.206321,19.93022,76.08688,58.0,41.62,61.9,389.39,High,Clear,47.4,High Risk,High,602.4
TRK-109,DRV-809,Santosh Deshmukh,Express Auto Carrier (Tata Prima 4028.S),2026-09-05T16:51:54.206321,19.8457,75.73891,77.6,29.68,62.9,350.45,Low,Clear,52.6,In Transit,Low,271.4
TRK-109,DRV-809,Santosh Deshmukh,Express Auto Carrier (Tata Prima 4028.S),2026-09-05T16:55:54.206321,19.87427,75.36838,68.2,35.1,53.4,311.51,Moderate,Clear,57.9,High Risk,High,330.2
TRK-109,DRV-809,Santosh Deshmukh,Express Auto Carrier (Tata Prima 4028.S),2026-09-05T16:59:54.206321,19.8328,74.99982,77.3,30.77,52.2,272.58,Low,Clear,63.2,In Transit,Low,210.3
TRK-109,DRV-809,Santosh Deshmukh,Express Auto Carrier (Tata Prima 4028.S),2026-09-05T17:03:54.206321,19.78626,74.6314,88.3,31.16,51.8,233.64,Low,Clear,68.4,In Transit,Low,156.3
TRK-109,DRV-809,Santosh Deshmukh,Express Auto Carrier (Tata Prima 4028.S),2026-09-05T17:07:54.206321,19.83497,74.27345,36.9,43.92,44.9,194.7,Severe,Clear,73.7,Delayed,High,627.5
TRK-109,DRV-809,Santosh Deshmukh,Express Auto Carrier (Tata Prima 4028.S),2026-09-05T17:11:54.206321,19.95271,73.92307,39.8,47.13,41.5,155.76,Severe,Clear,78.9,Delayed,High,474.8
TRK-109,DRV-809,Santosh Deshmukh,Express Auto Carrier (Tata Prima 4028.S),2026-09-05T17:15:54.206321,19.82034,73.65563,88.7,30.96,38.5,116.82,Low,Clear,84.2,In Transit,Low,75.9
TRK-109,DRV-809,Santosh Deshmukh,Express Auto Carrier (Tata Prima 4028.S),2026-09-05T17:19:54.206321,19.56619,73.40271,86.7,32.08,31.4,77.88,Low,Clear,89.5,In Transit,Low,60.0
TRK-109,DRV-809,Santosh Deshmukh,Express Auto Carrier (Tata Prima 4028.S),2026-09-05T17:23:54.206321,19.33625,73.12206,79.0,34.08,28.0,38.94,Moderate,Clear,94.7,In Transit,Low,27.2
TRK-109,DRV-809,Santosh Deshmukh,Express Auto Carrier (Tata Prima 4028.S),2026-09-05T17:27:54.206321,19.076,72.8777,40.5,44.81,25.3,0.0,Severe,Clear,100.0,Arrived,Low,0.5
TRK-109,DRV-809,Santosh Deshmukh,Express Auto Carrier (Tata Prima 4028.S),2026-09-06T06:11:54.206321,21.1458,79.0882,76.7,33.83,100.8,739.85,Low,Rain,0.0,High Risk,High,729.5
TRK-109,DRV-809,Santosh Deshmukh,Express Auto Carrier (Tata Prima 4028.S),2026-09-06T06:15:54.206321,20.87444,78.88701,76.1,36.13,96.2,700.91,Low,Rain,5.3,High Risk,High,689.6
TRK-109,DRV-809,Santosh Deshmukh,Express Auto Carrier (Tata Prima 4028.S),2026-09-06T06:19:54.206321,20.73216,78.54609,43.6,39.83,91.4,661.97,High,Rain,10.5,High Risk,High,1707.4
TRK-109,DRV-809,Santosh Deshmukh,Express Auto Carrier (Tata Prima 4028.S),2026-09-06T06:23:54.206321,20.64727,78.18356,83.4,36.39,86.9,623.03,Low,Rain,15.8,High Risk,High,560.5
TRK-109,DRV-809,Santosh Deshmukh,Express Auto Carrier (Tata Prima 4028.S),2026-09-06T06:27:54.206321,20.56238,77.82103,78.9,33.15,85.4,584.09,Low,Rain,21.1,High Risk,High,556.8
TRK-109,DRV-809,Santosh Deshmukh,Express Auto Carrier (Tata Prima 4028.S),2026-09-06T06:31:54.206321,20.47473,77.45947,76.4,33.38,82.1,545.15,Low,Rain,26.3,High Risk,High,529.8
TRK-109,DRV-809,Santosh Deshmukh,Express Auto Carrier (Tata Prima 4028.S),2026-09-06T06:35:54.206321,20.34949,77.11105,71.7,31.77,76.2,506.21,Low,Rain,31.6,High Risk,High,534.8
TRK-109,DRV-809,Santosh Deshmukh,Express Auto Carrier (Tata Prima 4028.S),2026-09-06T06:39:54.206321,20.22424,76.76263,78.2,29.99,72.9,467.27,Low,Rain,36.8,High Risk,High,452.3
TRK-109,DRV-809,Santosh Deshmukh,Express Auto Carrier (Tata Prima 4028.S),2026-09-06T06:43:54.206321,20.08555,76.42073,67.0,38.92,71.1,428.33,Moderate,Rain,42.1,High Risk,High,580.1
TRK-109,DRV-809,Santosh Deshmukh,Express Auto Carrier (Tata Prima 4028.S),2026-09-06T06:47:54.206321,19.93022,76.08688,61.6,34.92,64.8,389.39,Moderate,Rain,47.4,High Risk,High,564.5
TRK-109,DRV-809,Santosh Deshmukh,Express Auto Carrier (Tata Prima 4028.S),2026-09-06T06:51:54.206321,19.8457,75.73891,46.8,40.21,59.5,350.45,High,Rain,52.6,High Risk,High,843.7
TRK-109,DRV-809,Santosh Deshmukh,Express Auto Carrier (Tata Prima 4028.S),2026-09-06T06:55:54.206321,19.87427,75.36838,50.7,42.59,54.8,311.51,High,Rain,57.9,High Risk,High,697.1
TRK-109,DRV-809,Santosh Deshmukh,Express Auto Carrier (Tata Prima 4028.S),2026-09-06T06:59:54.206321,19.8328,74.99982,43.2,39.7,54.1,272.58,High,Rain,63.2,High Risk,High,715.6
TRK-109,DRV-809,Santosh Deshmukh,Express Auto Carrier (Tata Prima 4028.S),2026-09-06T07:03:54.206321,19.78626,74.6314,63.1,33.67,47.6,233.64,Low,Rain,68.4,High Risk,High,274.0
TRK-109,DRV-809,Santosh Deshmukh,Express Auto Carrier (Tata Prima 4028.S),2026-09-06T07:07:54.206321,19.83497,74.27345,50.6,41.46,46.6,194.7,High,Rain,73.7,High Risk,High,427.0
TRK-109,DRV-809,Santosh Deshmukh,Express Auto Carrier (Tata Prima 4028.S),2026-09-06T07:11:54.206321,19.95271,73.92307,49.9,36.47,40.9,155.76,Moderate,Rain,78.9,High Risk,High,287.3
TRK-109,DRV-809,Santosh Deshmukh,Express Auto Carrier (Tata Prima 4028.S),2026-09-06T07:15:54.206321,19.82034,73.65563,76.4,36.12,39.3,116.82,Low,Rain,84.2,High Risk,High,119.1
TRK-109,DRV-809,Santosh Deshmukh,Express Auto Carrier (Tata Prima 4028.S),2026-09-06T07:19:54.206321,19.56619,73.40271,83.3,34.26,32.9,77.88,Low,Rain,89.5,In Transit,Moderate,70.3
TRK-109,DRV-809,Santosh Deshmukh,Express Auto Carrier (Tata Prima 4028.S),2026-09-06T07:23:54.206321,19.33625,73.12206,57.7,41.87,25.2,38.94,High,Rain,94.7,High Risk,High,79.9
TRK-109,DRV-809,Santosh Deshmukh,Express Auto Carrier (Tata Prima 4028.S),2026-09-06T07:27:54.206321,19.076,72.8777,57.9,39.74,27.5,0.0,High,Rain,100.0,In Transit,Moderate,0.5
TRK-109,DRV-809,Santosh Deshmukh,Express Auto Carrier (Tata Prima 4028.S),2026-09-06T20:11:54.206321,21.1458,79.0882,73.3,33.68,100.4,739.85,Low,Rain,0.0,High Risk,High,752.3
TRK-109,DRV-809,Santosh Deshmukh,Express Auto Carrier (Tata Prima 4028.S),2026-09-06T20:15:54.206321,20.87444,78.88701,76.0,33.38,95.4,700.91,Low,Rain,5.3,High Risk,High,687.2
TRK-109,DRV-809,Santosh Deshmukh,Express Auto Carrier (Tata Prima 4028.S),2026-09-06T20:19:54.206321,20.73216,78.54609,72.7,36.99,95.0,661.97,Moderate,Rain,10.5,High Risk,High,819.7
TRK-109,DRV-809,Santosh Deshmukh,Express Auto Carrier (Tata Prima 4028.S),2026-09-06T20:23:54.206321,20.64727,78.18356,57.2,39.64,93.0,623.03,High,Rain,15.8,High Risk,High,1229.4
TRK-109,DRV-809,Santosh Deshmukh,Express Auto Carrier (Tata Prima 4028.S),2026-09-06T20:27:54.206321,20.56238,77.82103,46.8,42.56,82.1,584.09,High,Rain,21.1,High Risk,High,1401.6
TRK-109,DRV-809,Santosh Deshmukh,Express Auto Carrier (Tata Prima 4028.S),2026-09-06T20:31:54.206321,20.47473,77.45947,78.8,32.5,84.0,545.15,Low,Rain,26.3,High Risk,High,522.0
TRK-109,DRV-809,Santosh Deshmukh,Express Auto Carrier (Tata Prima 4028.S),2026-09-06T20:35:54.206321,20.34949,77.11105,53.7,43.09,78.4,506.21,High,Rain,31.6,High Risk,High,1062.7
TRK-109,DRV-809,Santosh Deshmukh,Express Auto Carrier (Tata Prima 4028.S),2026-09-06T20:39:54.206321,20.22424,76.76263,70.2,32.92,71.6,467.27,Low,Rain,36.8,High Risk,High,501.9
TRK-109,DRV-809,Santosh Deshmukh,Express Auto Carrier (Tata Prima 4028.S),2026-09-06T20:43:54.206321,20.08555,76.42073,73.2,32.54,66.9,428.33,Low,Rain,42.1,High Risk,High,439.5
TRK-109,DRV-809,Santosh Deshmukh,Express Auto Carrier (Tata Prima 4028.S),2026-09-06T20:47:54.206321,19.93022,76.08688,60.6,37.61,66.6,389.39,Moderate,Rain,47.4,High Risk,High,585.0
TRK-109,DRV-809,Santosh Deshmukh,Express Auto Carrier (Tata Prima 4028.S),2026-09-06T20:51:54.206321,19.8457,75.73891,83.1,33.28,56.7,350.45,Low,Rain,52.6,High Risk,High,311.6
TRK-109,DRV-809,Santosh Deshmukh,Express Auto Carrier (Tata Prima 4028.S),2026-09-06T20:55:54.206321,19.87427,75.36838,53.2,41.87,56.2,311.51,High,Rain,57.9,High Risk,High,659.3
TRK-109,DRV-809,Santosh Deshmukh,Express Auto Carrier (Tata Prima 4028.S),2026-09-06T20:59:54.206321,19.8328,74.99982,65.9,34.27,50.0,272.58,Moderate,Rain,63.2,High Risk,High,367.3
TRK-109,DRV-809,Santosh Deshmukh,Express Auto Carrier (Tata Prima 4028.S),2026-09-06T21:03:54.206321,19.78626,74.6314,71.2,34.48,47.1,233.64,Low,Rain,68.4,High Risk,High,248.3
TRK-109,DRV-809,Santosh Deshmukh,Express Auto Carrier (Tata Prima 4028.S),2026-09-06T21:07:54.206321,19.83497,74.27345,77.4,33.21,47.1,194.7,Low,Rain,73.7,High Risk,High,189.8
TRK-109,DRV-809,Santosh Deshmukh,Express Auto Carrier (Tata Prima 4028.S),2026-09-06T21:11:54.206321,19.95271,73.92307,70.2,32.76,37.3,155.76,Low,Rain,78.9,High Risk,High,164.4
TRK-109,DRV-809,Santosh Deshmukh,Express Auto Carrier (Tata Prima 4028.S),2026-09-06T21:15:54.206321,19.82034,73.65563,59.1,37.53,35.1,116.82,Moderate,Rain,84.2,High Risk,High,180.1
TRK-109,DRV-809,Santosh Deshmukh,Express Auto Carrier (Tata Prima 4028.S),2026-09-06T21:19:54.206321,19.56619,73.40271,84.5,33.17,31.2,77.88,Low,Rain,89.5,In Transit,Moderate,69.9
TRK-109,DRV-809,Santosh Deshmukh,Express Auto Carrier (Tata Prima 4028.S),2026-09-06T21:23:54.206321,19.33625,73.12206,59.5,38.77,30.5,38.94,Moderate,Rain,94.7,In Transit,Moderate,55.0
TRK-109,DRV-809,Santosh Deshmukh,Express Auto Carrier (Tata Prima 4028.S),2026-09-06T21:27:54.206321,19.076,72.8777,77.2,31.95,27.6,0.0,Low,Rain,100.0,Arrived,Low,0.5
TRK-109,DRV-809,Santosh Deshmukh,Express Auto Carrier (Tata Prima 4028.S),2026-09-07T10:11:54.206321,21.1458,79.0882,72.8,32.69,98.3,739.85,Low,Clear,0.0,In Transit,Low,611.3
TRK-109,DRV-809,Santosh Deshmukh,Express Auto Carrier (Tata Prima 4028.S),2026-09-07T10:15:54.206321,20.87444,78.88701,79.7,29.53,98.5,700.91,Low,Clear,5.3,In Transit,Low,531.9
TRK-109,DRV-809,Santosh Deshmukh,Express Auto Carrier (Tata Prima 4028.S),2026-09-07T10:19:54.206321,20.73216,78.54609,68.5,36.11,90.9,661.97,Moderate,Clear,10.5,High Risk,High,695.5
TRK-109,DRV-809,Santosh Deshmukh,Express Auto Carrier (Tata Prima 4028.S),2026-09-07T10:23:54.206321,20.64727,78.18356,83.6,33.55,87.2,623.03,Low,Clear,15.8,In Transit,Low,443.4
TRK-109,DRV-809,Santosh Deshmukh,Express Auto Carrier (Tata Prima 4028.S),2026-09-07T10:27:54.206321,20.56238,77.82103,51.8,36.7,83.0,584.09,High,Clear,21.1,High Risk,High,1017.2
TRK-109,DRV-809,Santosh Deshmukh,Express Auto Carrier (Tata Prima 4028.S),2026-09-07T10:31:54.206321,20.47473,77.45947,84.5,33.54,80.5,545.15,Low,Clear,26.3,In Transit,Low,384.4
TRK-109,DRV-809,Santosh Deshmukh,Express Auto Carrier (Tata Prima 4028.S),2026-09-07T10:35:54.206321,20.34949,77.11105,79.0,31.56,74.5,506.21,Low,Clear,31.6,In Transit,Low,376.6
TRK-109,DRV-809,Santosh Deshmukh,Express Auto Carrier (Tata Prima 4028.S),2026-09-07T10:39:54.206321,20.22424,76.76263,61.4,37.85,75.3,467.27,Moderate,Clear,36.8,High Risk,High,549.7
TRK-109,DRV-809,Santosh Deshmukh,Express Auto Carrier (Tata Prima 4028.S),2026-09-07T10:43:54.206321,20.08555,76.42073,66.7,35.7,70.5,428.33,Moderate,Clear,42.1,High Risk,High,460.6
TRK-109,DRV-809,Santosh Deshmukh,Express Auto Carrier (Tata Prima 4028.S),2026-09-07T10:47:54.206321,19.93022,76.08688,51.0,40.77,67.2,389.39,High,Clear,47.4,High Risk,High,684.1
TRK-109,DRV-809,Santosh Deshmukh,Express Auto Carrier (Tata Prima 4028.S),2026-09-07T10:51:54.206321,19.8457,75.73891,36.0,46.74,63.1,350.45,Severe,Clear,52.6,Delayed,High,1166.2
TRK-109,DRV-809,Santosh Deshmukh,Express Auto Carrier (Tata Prima 4028.S),2026-09-07T10:55:54.206321,19.87427,75.36838,79.3,34.11,56.4,311.51,Low,Clear,57.9,In Transit,Low,232.7
TRK-109,DRV-809,Santosh Deshmukh,Express Auto Carrier (Tata Prima 4028.S),2026-09-07T10:59:54.206321,19.8328,74.99982,66.4,36.04,53.9,272.58,Moderate,Clear,63.2,High Risk,High,299.4
TRK-109,DRV-809,Santosh Deshmukh,Express Auto Carrier (Tata Prima 4028.S),2026-09-07T11:03:54.206321,19.78626,74.6314,70.7,31.82,50.2,233.64,Moderate,Clear,68.4,High Risk,High,245.1
TRK-109,DRV-809,Santosh Deshmukh,Express Auto Carrier (Tata Prima 4028.S),2026-09-07T11:07:54.206321,19.83497,74.27345,85.4,32.98,46.8,194.7,Low,Clear,73.7,In Transit,Low,137.4
TRK-109,DRV-809,Santosh Deshmukh,Express Auto Carrier (Tata Prima 4028.S),2026-09-07T11:11:54.206321,19.95271,73.92307,67.3,38.14,42.4,155.76,High,Clear,78.9,High Risk,High,210.6
TRK-109,DRV-809,Santosh Deshmukh,Express Auto Carrier (Tata Prima 4028.S),2026-09-07T11:15:54.206321,19.82034,73.65563,93.0,32.24,38.3,116.82,Low,Clear,84.2,In Transit,Low,72.6
TRK-109,DRV-809,Santosh Deshmukh,Express Auto Carrier (Tata Prima 4028.S),2026-09-07T11:19:54.206321,19.56619,73.40271,79.8,33.84,34.4,77.88,Moderate,Clear,89.5,In Transit,Moderate,70.5
TRK-109,DRV-809,Santosh Deshmukh,Express Auto Carrier (Tata Prima 4028.S),2026-09-07T11:23:54.206321,19.33625,73.12206,65.1,36.24,29.0,38.94,Moderate,Clear,94.7,In Transit,Low,41.2
TRK-109,DRV-809,Santosh Deshmukh,Express Auto Carrier (Tata Prima 4028.S),2026-09-07T11:27:54.206321,19.076,72.8777,36.3,47.56,24.9,0.0,Severe,Clear,100.0,Arrived,Low,3.4
TRK-109,DRV-809,Santosh Deshmukh,Express Auto Carrier (Tata Prima 4028.S),2026-09-08T00:11:54.206321,21.1458,79.0882,87.1,31.32,101.3,739.85,Low,Clear,0.0,In Transit,Low,512.0
TRK-109,DRV-809,Santosh Deshmukh,Express Auto Carrier (Tata Prima 4028.S),2026-09-08T00:15:54.206321,20.87444,78.88701,57.4,36.42,97.8,700.91,High,Clear,5.3,High Risk,High,1100.5
TRK-109,DRV-809,Santosh Deshmukh,Express Auto Carrier (Tata Prima 4028.S),2026-09-08T00:19:54.206321,20.73216,78.54609,93.4,27.44,90.8,661.97,Low,Clear,10.5,In Transit,Low,424.3
TRK-109,DRV-809,Santosh Deshmukh,Express Auto Carrier (Tata Prima 4028.S),2026-09-08T00:23:54.206321,20.64727,78.18356,82.1,33.84,86.2,623.03,Low,Clear,15.8,In Transit,Low,453.1
TRK-109,DRV-809,Santosh Deshmukh,Express Auto Carrier (Tata Prima 4028.S),2026-09-08T00:27:54.206321,20.56238,77.82103,72.2,27.93,82.4,584.09,Low,Clear,21.1,In Transit,Low,485.9
TRK-109,DRV-809,Santosh Deshmukh,Express Auto Carrier (Tata Prima 4028.S),2026-09-08T00:31:54.206321,20.47473,77.45947,63.3,33.79,78.9,545.15,Moderate,Clear,26.3,High Risk,High,620.1
TRK-109,DRV-809,Santosh Deshmukh,Express Auto Carrier (Tata Prima 4028.S),2026-09-08T00:35:54.206321,20.34949,77.11105,44.6,47.31,77.5,506.21,Severe,Clear,31.6,High Risk,High,1365.8
TRK-109,DRV-809,Santosh Deshmukh,Express Auto Carrier (Tata Prima 4028.S),2026-09-08T00:39:54.206321,20.22424,76.76263,77.7,34.76,73.6,467.27,Moderate,Clear,36.8,High Risk,High,429.5
TRK-109,DRV-809,Santosh Deshmukh,Express Auto Carrier (Tata Prima 4028.S),2026-09-08T00:43:54.206321,20.08555,76.42073,43.2,44.45,69.4,428.33,Severe,Clear,42.1,High Risk,High,1183.5
TRK-109,DRV-809,Santosh Deshmukh,Express Auto Carrier (Tata Prima 4028.S),2026-09-08T00:47:54.206321,19.93022,76.08688,73.5,34.83,64.5,389.39,Moderate,Clear,47.4,High Risk,High,379.1
TRK-109,DRV-809,Santosh Deshmukh,Express Auto Carrier (Tata Prima 4028.S),2026-09-08T00:51:54.206321,19.8457,75.73891,54.8,40.46,63.5,350.45,High,Clear,52.6,High Risk,High,570.9
TRK-109,DRV-809,Santosh Deshmukh,Express Auto Carrier (Tata Prima 4028.S),2026-09-08T00:55:54.206321,19.87427,75.36838,83.8,30.0,56.5,311.51,Low,Clear,57.9,In Transit,Low,218.4
TRK-109,DRV-809,Santosh Deshmukh,Express Auto Carrier (Tata Prima 4028.S),2026-09-08T00:59:54.206321,19.8328,74.99982,91.2,31.05,49.6,272.58,Low,Clear,63.2,In Transit,Low,176.3
TRK-109,DRV-809,Santosh Deshmukh,Express Auto Carrier (Tata Prima 4028.S),2026-09-08T01:03:54.206321,19.78626,74.6314,85.1,31.26,47.2,233.64,Low,Clear,68.4,In Transit,Low,166.2
TRK-109,DRV-809,Santosh Deshmukh,Express Auto Carrier (Tata Prima 4028.S),2026-09-08T01:07:54.206321,19.83497,74.27345,62.1,40.79,47.4,194.7,High,Clear,73.7,High Risk,High,281.1
TRK-109,DRV-809,Santosh Deshmukh,Express Auto Carrier (Tata Prima 4028.S),2026-09-08T01:11:54.206321,19.95271,73.92307,67.0,33.45,44.6,155.76,Moderate,Clear,78.9,High Risk,High,168.1
TRK-109,DRV-809,Santosh Deshmukh,Express Auto Carrier (Tata Prima 4028.S),2026-09-08T01:15:54.206321,19.82034,73.65563,53.7,45.39,39.6,116.82,Severe,Clear,84.2,High Risk,High,261.3
TRK-109,DRV-809,Santosh Deshmukh,Express Auto Carrier (Tata Prima 4028.S),2026-09-08T01:19:54.206321,19.56619,73.40271,84.0,33.54,35.2,77.88,Low,Clear,89.5,In Transit,Low,55.9
TRK-109,DRV-809,Santosh Deshmukh,Express Auto Carrier (Tata Prima 4028.S),2026-09-08T01:23:54.206321,19.33625,73.12206,33.7,45.96,31.7,38.94,Severe,Clear,94.7,Delayed,High,139.6
TRK-109,DRV-809,Santosh Deshmukh,Express Auto Carrier (Tata Prima 4028.S),2026-09-08T01:27:54.206321,19.076,72.8777,85.9,33.73,26.2,0.0,Low,Clear,100.0,Arrived,Low,6.6
TRK-109,DRV-809,Santosh Deshmukh,Express Auto Carrier (Tata Prima 4028.S),2026-09-08T14:11:54.206321,21.1458,79.0882,61.5,40.16,100.1,739.85,High,Clear,0.0,High Risk,High,1087.2
TRK-109,DRV-809,Santosh Deshmukh,Express Auto Carrier (Tata Prima 4028.S),2026-09-08T14:15:54.206321,20.87444,78.88701,88.2,32.16,98.0,700.91,Low,Clear,5.3,In Transit,Low,479.5
TRK-109,DRV-809,Santosh Deshmukh,Express Auto Carrier (Tata Prima 4028.S),2026-09-08T14:19:54.206321,20.73216,78.54609,90.2,33.97,92.8,661.97,Low,Clear,10.5,In Transit,Low,440.1
TRK-109,DRV-809,Santosh Deshmukh,Express Auto Carrier (Tata Prima 4028.S),2026-09-08T14:23:54.206321,20.64727,78.18356,74.1,34.88,84.8,623.03,Moderate,Clear,15.8,High Risk,High,611.5
TRK-109,DRV-809,Santosh Deshmukh,Express Auto Carrier (Tata Prima 4028.S),2026-09-08T14:27:54.206321,20.56238,77.82103,90.2,33.85,84.3,584.09,Low,Clear,21.1,In Transit,Low,387.6
TRK-109,DRV-809,Santosh Deshmukh,Express Auto Carrier (Tata Prima 4028.S),2026-09-08T14:31:54.206321,20.47473,77.45947,66.3,41.29,78.4,545.15,High,Clear,26.3,High Risk,High,740.7
TRK-109,DRV-809,Santosh Deshmukh,Express Auto Carrier (Tata Prima 4028.S),2026-09-08T14:35:54.206321,20.34949,77.11105,69.4,34.16,77.9,506.21,Moderate,Clear,31.6,High Risk,High,526.5
TRK-109,DRV-809,Santosh Deshmukh,Express Auto Carrier (Tata Prima 4028.S),2026-09-08T14:39:54.206321,20.22424,76.76263,62.4,34.36,75.5,467.27,Moderate,Clear,36.8,High Risk,High,540.5
TRK-109,DRV-809,Santosh Deshmukh,Express Auto Carrier (Tata Prima 4028.S),2026-09-08T14:43:54.206321,20.08555,76.42073,93.5,32.74,69.6,428.33,Low,Clear,42.1,In Transit,Low,279.6
TRK-109,DRV-809,Santosh Deshmukh,Express Auto Carrier (Tata Prima 4028.S),2026-09-08T14:47:54.206321,19.93022,76.08688,81.5,32.65,65.2,389.39,Low,Clear,47.4,In Transit,Low,288.0
TRK-109,DRV-809,Santosh Deshmukh,Express Auto Carrier (Tata Prima 4028.S),2026-09-08T14:51:54.206321,19.8457,75.73891,53.5,37.76,59.4,350.45,High,Clear,52.6,High Risk,High,598.7
TRK-109,DRV-809,Santosh Deshmukh,Express Auto Carrier (Tata Prima 4028.S),2026-09-08T14:55:54.206321,19.87427,75.36838,70.5,33.03,58.7,311.51,Moderate,Clear,57.9,High Risk,High,323.1
TRK-109,DRV-809,Santosh Deshmukh,Express Auto Carrier (Tata Prima 4028.S),2026-09-08T14:59:54.206321,19.8328,74.99982,94.3,31.54,51.7,272.58,Low,Clear,63.2,In Transit,Low,179.1
TRK-109,DRV-809,Santosh Deshmukh,Express Auto Carrier (Tata Prima 4028.S),2026-09-08T15:03:54.206321,19.78626,74.6314,76.9,36.14,48.1,233.64,Moderate,Clear,68.4,High Risk,High,218.1
TRK-109,DRV-809,Santosh Deshmukh,Express Auto Carrier (Tata Prima 4028.S),2026-09-08T15:07:54.206321,19.83497,74.27345,62.4,32.99,42.6,194.7,Moderate,Clear,73.7,High Risk,High,228.6
TRK-109,DRV-809,Santosh Deshmukh,Express Auto Carrier (Tata Prima 4028.S),2026-09-08T15:11:54.206321,19.95271,73.92307,78.1,31.62,37.3,155.76,Low,Clear,78.9,In Transit,Low,119.9
TRK-109,DRV-809,Santosh Deshmukh,Express Auto Carrier (Tata Prima 4028.S),2026-09-08T15:15:54.206321,19.82034,73.65563,70.9,37.52,35.4,116.82,Moderate,Clear,84.2,High Risk,High,125.4
TRK-109,DRV-809,Santosh Deshmukh,Express Auto Carrier (Tata Prima 4028.S),2026-09-08T15:19:54.206321,19.56619,73.40271,81.0,31.1,30.0,77.88,Low,Clear,89.5,In Transit,Low,52.7
TRK-109,DRV-809,Santosh Deshmukh,Express Auto Carrier (Tata Prima 4028.S),2026-09-08T15:23:54.206321,19.33625,73.12206,80.2,30.29,30.9,38.94,Low,Clear,94.7,In Transit,Low,28.8
TRK-109,DRV-809,Santosh Deshmukh,Express Auto Carrier (Tata Prima 4028.S),2026-09-08T15:27:54.206321,19.076,72.8777,79.9,30.96,27.4,0.0,Low,Clear,100.0,Arrived,Low,3.9
TRK-109,DRV-809,Santosh Deshmukh,Express Auto Carrier (Tata Prima 4028.S),2026-09-09T04:11:54.206321,21.1458,79.0882,72.7,37.16,99.7,739.85,Moderate,Clear,0.0,High Risk,High,726.1
TRK-109,DRV-809,Santosh Deshmukh,Express Auto Carrier (Tata Prima 4028.S),2026-09-09T04:15:54.206321,20.87444,78.88701,64.4,33.46,96.8,700.91,Moderate,Clear,5.3,High Risk,High,787.3
TRK-109,DRV-809,Santosh Deshmukh,Express Auto Carrier (Tata Prima 4028.S),2026-09-09T04:19:54.206321,20.73216,78.54609,55.5,38.95,93.7,661.97,High,Clear,10.5,High Risk,High,1069.7
TRK-109,DRV-809,Santosh Deshmukh,Express Auto Carrier (Tata Prima 4028.S),2026-09-09T04:23:54.206321,20.64727,78.18356,81.8,32.59,85.8,623.03,Low,Clear,15.8,In Transit,Low,458.3
TRK-109,DRV-809,Santosh Deshmukh,Express Auto Carrier (Tata Prima 4028.S),2026-09-09T04:27:54.206321,20.56238,77.82103,67.7,33.72,86.1,584.09,Moderate,Clear,21.1,High Risk,High,621.7
TRK-109,DRV-809,Santosh Deshmukh,Express Auto Carrier (Tata Prima 4028.S),2026-09-09T04:31:54.206321,20.47473,77.45947,68.9,34.75,75.7,545.15,Moderate,Clear,26.3,High Risk,High,573.8
TRK-109,DRV-809,Santosh Deshmukh,Express Auto Carrier (Tata Prima 4028.S),2026-09-09T04:35:54.206321,20.34949,77.11105,50.8,48.22,74.2,506.21,Severe,Clear,31.6,High Risk,High,1196.3
TRK-109,DRV-809,Santosh Deshmukh,Express Auto Carrier (Tata Prima 4028.S),2026-09-09T04:39:54.206321,20.22424,76.76263,90.0,31.84,73.3,467.27,Low,Clear,36.8,In Transit,Low,314.1
TRK-109,DRV-809,Santosh Deshmukh,Express Auto Carrier (Tata Prima 4028.S),2026-09-09T04:43:54.206321,20.08555,76.42073,60.5,33.23,70.5,428.33,Moderate,Clear,42.1,High Risk,High,511.1
TRK-109,DRV-809,Santosh Deshmukh,Express Auto Carrier (Tata Prima 4028.S),2026-09-09T04:47:54.206321,19.93022,76.08688,90.6,29.93,64.9,389.39,Low,Clear,47.4,In Transit,Low,253.6
TRK-109,DRV-809,Santosh Deshmukh,Express Auto Carrier (Tata Prima 4028.S),2026-09-09T04:51:54.206321,19.8457,75.73891,68.6,38.62,60.4,350.45,High,Clear,52.6,High Risk,High,455.4
TRK-109,DRV-809,Santosh Deshmukh,Express Auto Carrier (Tata Prima 4028.S),2026-09-09T04:55:54.206321,19.87427,75.36838,62.8,33.57,53.7,311.51,Moderate,Clear,57.9,High Risk,High,362.2
TRK-109,DRV-809,Santosh Deshmukh,Express Auto Carrier (Tata Prima 4028.S),2026-09-09T04:59:54.206321,19.8328,74.99982,60.6,39.72,51.5,272.58,High,Clear,63.2,High Risk,High,402.1
TRK-109,DRV-809,Santosh Deshmukh,Express Auto Carrier (Tata Prima 4028.S),2026-09-09T05:03:54.206321,19.78626,74.6314,70.2,34.71,49.2,233.64,Moderate,Clear,68.4,High Risk,High,233.5
TRK-109,DRV-809,Santosh Deshmukh,Express Auto Carrier (Tata Prima 4028.S),2026-09-09T05:07:54.206321,19.83497,74.27345,82.6,32.33,40.9,194.7,Low,Clear,73.7,In Transit,Low,143.1
TRK-109,DRV-809,Santosh Deshmukh,Express Auto Carrier (Tata Prima 4028.S),2026-09-09T05:11:54.206321,19.95271,73.92307,27.6,46.72,37.0,155.76,Severe,Clear,78.9,Delayed,High,671.6
TRK-109,DRV-809,Santosh Deshmukh,Express Auto Carrier (Tata Prima 4028.S),2026-09-09T05:15:54.206321,19.82034,73.65563,71.3,31.82,35.0,116.82,Low,Clear,84.2,In Transit,Low,99.9
TRK-109,DRV-809,Santosh Deshmukh,Express Auto Carrier (Tata Prima 4028.S),2026-09-09T05:19:54.206321,19.56619,73.40271,83.4,35.5,34.7,77.88,Moderate,Clear,89.5,In Transit,Low,64.7
TRK-109,DRV-809,Santosh Deshmukh,Express Auto Carrier (Tata Prima 4028.S),2026-09-09T05:23:54.206321,19.33625,73.12206,82.2,37.36,25.0,38.94,Low,Clear,94.7,In Transit,Low,23.8
TRK-109,DRV-809,Santosh Deshmukh,Express Auto Carrier (Tata Prima 4028.S),2026-09-09T05:27:54.206321,19.076,72.8777,71.4,36.47,24.4,0.0,Moderate,Clear,100.0,Arrived,Low,4.6
TRK-109,DRV-809,Santosh Deshmukh,Express Auto Carrier (Tata Prima 4028.S),2026-09-09T18:11:54.206321,21.1458,79.0882,46.4,38.43,100.6,739.85,High,Clear,0.0,High Risk,High,1439.4
TRK-109,DRV-809,Santosh Deshmukh,Express Auto Carrier (Tata Prima 4028.S),2026-09-09T18:15:54.206321,20.87444,78.88701,75.3,31.83,94.4,700.91,Low,Clear,5.3,In Transit,Low,562.2
TRK-109,DRV-809,Santosh Deshmukh,Express Auto Carrier (Tata Prima 4028.S),2026-09-09T18:19:54.206321,20.73216,78.54609,36.8,47.39,90.8,661.97,Severe,Clear,10.5,Delayed,High,2158.7
TRK-109,DRV-809,Santosh Deshmukh,Express Auto Carrier (Tata Prima 4028.S),2026-09-09T18:23:54.206321,20.64727,78.18356,91.1,33.76,89.2,623.03,Low,Clear,15.8,In Transit,Low,410.7
TRK-109,DRV-809,Santosh Deshmukh,Express Auto Carrier (Tata Prima 4028.S),2026-09-09T18:27:54.206321,20.56238,77.82103,82.5,33.01,85.1,584.09,Low,Clear,21.1,In Transit,Low,428.4
TRK-109,DRV-809,Santosh Deshmukh,Express Auto Carrier (Tata Prima 4028.S),2026-09-09T18:31:54.206321,20.47473,77.45947,73.8,30.08,81.5,545.15,Moderate,Clear,26.3,High Risk,High,532.6
TRK-109,DRV-809,Santosh Deshmukh,Express Auto Carrier (Tata Prima 4028.S),2026-09-09T18:35:54.206321,20.34949,77.11105,68.3,37.26,75.2,506.21,Moderate,Clear,31.6,High Risk,High,535.7
TRK-109,DRV-809,Santosh Deshmukh,Express Auto Carrier (Tata Prima 4028.S),2026-09-09T18:39:54.206321,20.22424,76.76263,72.5,36.81,71.6,467.27,Moderate,Clear,36.8,High Risk,High,465.1
TRK-109,DRV-809,Santosh Deshmukh,Express Auto Carrier (Tata Prima 4028.S),2026-09-09T18:43:54.206321,20.08555,76.42073,91.9,34.38,70.7,428.33,Low,Clear,42.1,In Transit,Low,279.3
TRK-109,DRV-809,Santosh Deshmukh,Express Auto Carrier (Tata Prima 4028.S),2026-09-09T18:47:54.206321,19.93022,76.08688,69.6,34.33,64.5,389.39,Moderate,Clear,47.4,High Risk,High,400.0
TRK-109,DRV-809,Santosh Deshmukh,Express Auto Carrier (Tata Prima 4028.S),2026-09-09T18:51:54.206321,19.8457,75.73891,93.2,33.38,59.8,350.45,Low,Clear,52.6,In Transit,Low,226.0
TRK-109,DRV-809,Santosh Deshmukh,Express Auto Carrier (Tata Prima 4028.S),2026-09-09T18:55:54.206321,19.87427,75.36838,65.4,36.4,59.6,311.51,Moderate,Clear,57.9,High Risk,High,347.4
TRK-109,DRV-809,Santosh Deshmukh,Express Auto Carrier (Tata Prima 4028.S),2026-09-09T18:59:54.206321,19.8328,74.99982,51.5,46.36,53.6,272.58,Severe,Clear,63.2,High Risk,High,641.0
TRK-109,DRV-809,Santosh Deshmukh,Express Auto Carrier (Tata Prima 4028.S),2026-09-09T19:03:54.206321,19.78626,74.6314,85.6,33.54,48.9,233.64,Low,Clear,68.4,In Transit,Low,163.2
TRK-109,DRV-809,Santosh Deshmukh,Express Auto Carrier (Tata Prima 4028.S),2026-09-09T19:07:54.206321,19.83497,74.27345,77.6,33.34,43.2,194.7,Low,Clear,73.7,In Transit,Low,153.3
TRK-109,DRV-809,Santosh Deshmukh,Express Auto Carrier (Tata Prima 4028.S),2026-09-09T19:11:54.206321,19.95271,73.92307,80.7,30.89,42.2,155.76,Low,Clear,78.9,In Transit,Low,116.9
TRK-109,DRV-809,Santosh Deshmukh,Express Auto Carrier (Tata Prima 4028.S),2026-09-09T19:15:54.206321,19.82034,73.65563,85.4,34.48,38.9,116.82,Low,Clear,84.2,In Transit,Low,84.5
TRK-109,DRV-809,Santosh Deshmukh,Express Auto Carrier (Tata Prima 4028.S),2026-09-09T19:19:54.206321,19.56619,73.40271,96.5,31.37,31.6,77.88,Low,Clear,89.5,In Transit,Low,45.6
TRK-109,DRV-809,Santosh Deshmukh,Express Auto Carrier (Tata Prima 4028.S),2026-09-09T19:23:54.206321,19.33625,73.12206,56.6,38.6,28.2,38.94,High,Clear,94.7,In Transit,Moderate,59.4
TRK-109,DRV-809,Santosh Deshmukh,Express Auto Carrier (Tata Prima 4028.S),2026-09-09T19:27:54.206321,19.076,72.8777,89.1,32.82,27.1,0.0,Low,Clear,100.0,Arrived,Low,0.9
TRK-109,DRV-809,Santosh Deshmukh,Express Auto Carrier (Tata Prima 4028.S),2026-09-10T08:11:54.206321,21.1458,79.0882,79.5,34.84,102.0,739.85,Low,Rain,0.0,High Risk,High,695.9
TRK-109,DRV-809,Santosh Deshmukh,Express Auto Carrier (Tata Prima 4028.S),2026-09-10T08:15:54.206321,20.87444,78.88701,47.2,43.11,93.8,700.91,High,Rain,5.3,High Risk,High,1668.9
TRK-109,DRV-809,Santosh Deshmukh,Express Auto Carrier (Tata Prima 4028.S),2026-09-10T08:19:54.206321,20.73216,78.54609,66.5,31.81,88.3,661.97,Low,Rain,10.5,High Risk,High,753.0
TRK-109,DRV-809,Santosh Deshmukh,Express Auto Carrier (Tata Prima 4028.S),2026-09-10T08:23:54.206321,20.64727,78.18356,41.3,48.25,89.3,623.03,Severe,Rain,15.8,High Risk,High,2260.0
TRK-109,DRV-809,Santosh Deshmukh,Express Auto Carrier (Tata Prima 4028.S),2026-09-10T08:27:54.206321,20.56238,77.82103,79.4,32.27,86.0,584.09,Low,Rain,21.1,High Risk,High,550.5
TRK-109,DRV-809,Santosh Deshmukh,Express Auto Carrier (Tata Prima 4028.S),2026-09-10T08:31:54.206321,20.47473,77.45947,51.7,41.22,77.1,545.15,High,Rain,26.3,High Risk,High,1186.7
TRK-109,DRV-809,Santosh Deshmukh,Express Auto Carrier (Tata Prima 4028.S),2026-09-10T08:35:54.206321,20.34949,77.11105,86.9,33.53,76.3,506.21,Low,Rain,31.6,High Risk,High,442.2
TRK-109,DRV-809,Santosh Deshmukh,Express Auto Carrier (Tata Prima 4028.S),2026-09-10T08:39:54.206321,20.22424,76.76263,44.3,43.18,73.0,467.27,High,Rain,36.8,High Risk,High,1186.6
TRK-109,DRV-809,Santosh Deshmukh,Express Auto Carrier (Tata Prima 4028.S),2026-09-10T08:43:54.206321,20.08555,76.42073,77.7,33.88,71.9,428.33,Low,Rain,42.1,High Risk,High,413.1
TRK-109,DRV-809,Santosh Deshmukh,Express Auto Carrier (Tata Prima 4028.S),2026-09-10T08:47:54.206321,19.93022,76.08688,69.7,33.16,61.0,389.39,Low,Rain,47.4,High Risk,High,422.8
TRK-109,DRV-809,Santosh Deshmukh,Express Auto Carrier (Tata Prima 4028.S),2026-09-10T08:51:54.206321,19.8457,75.73891,71.2,33.86,59.6,350.45,Low,Rain,52.6,High Risk,High,369.8
TRK-109,DRV-809,Santosh Deshmukh,Express Auto Carrier (Tata Prima 4028.S),2026-09-10T08:55:54.206321,19.87427,75.36838,59.8,38.8,53.9,311.51,Moderate,Rain,57.9,High Risk,High,465.1
TRK-109,DRV-809,Santosh Deshmukh,Express Auto Carrier (Tata Prima 4028.S),2026-09-10T08:59:54.206321,19.8328,74.99982,71.9,33.7,50.6,272.58,Low,Rain,63.2,High Risk,High,287.0
TRK-109,DRV-809,Santosh Deshmukh,Express Auto Carrier (Tata Prima 4028.S),2026-09-10T09:03:54.206321,19.78626,74.6314,75.6,33.21,48.3,233.64,Low,Rain,68.4,High Risk,High,227.7
TRK-109,DRV-809,Santosh Deshmukh,Express Auto Carrier (Tata Prima 4028.S),2026-09-10T09:07:54.206321,19.83497,74.27345,51.2,39.8,41.7,194.7,High,Rain,73.7,High Risk,High,432.8
TRK-109,DRV-809,Santosh Deshmukh,Express Auto Carrier (Tata Prima 4028.S),2026-09-10T09:11:54.206321,19.95271,73.92307,70.0,33.35,39.9,155.76,Low,Rain,78.9,High Risk,High,169.1
TRK-109,DRV-809,Santosh Deshmukh,Express Auto Carrier (Tata Prima 4028.S),2026-09-10T09:15:54.206321,19.82034,73.65563,86.9,37.29,38.5,116.82,Low,Rain,84.2,In Transit,Moderate,99.6
TRK-109,DRV-809,Santosh Deshmukh,Express Auto Carrier (Tata Prima 4028.S),2026-09-10T09:19:54.206321,19.56619,73.40271,60.3,36.76,32.7,77.88,Moderate,Rain,89.5,High Risk,High,111.4
TRK-109,DRV-809,Santosh Deshmukh,Express Auto Carrier (Tata Prima 4028.S),2026-09-10T09:23:54.206321,19.33625,73.12206,58.6,40.02,29.9,38.94,High,Rain,94.7,High Risk,High,73.2
TRK-109,DRV-809,Santosh Deshmukh,Express Auto Carrier (Tata Prima 4028.S),2026-09-10T09:27:54.206321,19.076,72.8777,47.6,41.01,24.2,0.0,High,Rain,100.0,In Transit,Moderate,0.5
TRK-109,DRV-809,Santosh Deshmukh,Express Auto Carrier (Tata Prima 4028.S),2026-09-10T22:11:54.206321,21.1458,79.0882,55.1,41.66,102.5,739.85,High,Clear,0.0,High Risk,High,1201.7
TRK-109,DRV-809,Santosh Deshmukh,Express Auto Carrier (Tata Prima 4028.S),2026-09-10T22:15:54.206321,20.87444,78.88701,61.4,36.8,93.0,700.91,High,Clear,5.3,High Risk,High,1027.3
TRK-109,DRV-809,Santosh Deshmukh,Express Auto Carrier (Tata Prima 4028.S),2026-09-10T22:19:54.206321,20.73216,78.54609,53.5,40.63,93.8,661.97,High,Clear,10.5,High Risk,High,1114.8
TRK-109,DRV-809,Santosh Deshmukh,Express Auto Carrier (Tata Prima 4028.S),2026-09-10T22:23:54.206321,20.64727,78.18356,70.4,42.05,88.9,623.03,High,Clear,15.8,High Risk,High,797.7
TRK-109,DRV-809,Santosh Deshmukh,Express Auto Carrier (Tata Prima 4028.S),2026-09-10T22:27:54.206321,20.56238,77.82103,72.4,34.69,85.2,584.09,Moderate,Clear,21.1,High Risk,High,581.4
TRK-109,DRV-809,Santosh Deshmukh,Express Auto Carrier (Tata Prima 4028.S),2026-09-10T22:31:54.206321,20.47473,77.45947,50.5,40.51,78.5,545.15,High,Clear,26.3,High Risk,High,971.9
TRK-109,DRV-809,Santosh Deshmukh,Express Auto Carrier (Tata Prima 4028.S),2026-09-10T22:35:54.206321,20.34949,77.11105,59.9,38.23,80.0,506.21,High,Clear,31.6,High Risk,High,761.0
TRK-109,DRV-809,Santosh Deshmukh,Express Auto Carrier (Tata Prima 4028.S),2026-09-10T22:39:54.206321,20.22424,76.76263,86.3,32.21,70.4,467.27,Low,Clear,36.8,In Transit,Low,323.1
TRK-109,DRV-809,Santosh Deshmukh,Express Auto Carrier (Tata Prima 4028.S),2026-09-10T22:43:54.206321,20.08555,76.42073,94.3,30.88,68.3,428.33,Low,Clear,42.1,In Transit,Low,276.6
TRK-109,DRV-809,Santosh Deshmukh,Express Auto Carrier (Tata Prima 4028.S),2026-09-10T22:47:54.206321,19.93022,76.08688,55.8,39.58,65.5,389.39,High,Clear,47.4,High Risk,High,628.2
TRK-109,DRV-809,Santosh Deshmukh,Express Auto Carrier (Tata Prima 4028.S),2026-09-10T22:51:54.206321,19.8457,75.73891,78.2,30.34,61.2,350.45,Low,Clear,52.6,In Transit,Low,263.1
TRK-109,DRV-809,Santosh Deshmukh,Express Auto Carrier (Tata Prima 4028.S),2026-09-10T22:55:54.206321,19.87427,75.36838,82.5,32.28,53.7,311.51,Low,Clear,57.9,In Transit,Low,224.6
TRK-109,DRV-809,Santosh Deshmukh,Express Auto Carrier (Tata Prima 4028.S),2026-09-10T22:59:54.206321,19.8328,74.99982,67.6,34.84,52.6,272.58,Moderate,Clear,63.2,High Risk,High,289.0
TRK-109,DRV-809,Santosh Deshmukh,Express Auto Carrier (Tata Prima 4028.S),2026-09-10T23:03:54.206321,19.78626,74.6314,95.1,29.92,50.3,233.64,Low,Clear,68.4,In Transit,Low,144.4
TRK-109,DRV-809,Santosh Deshmukh,Express Auto Carrier (Tata Prima 4028.S),2026-09-10T23:07:54.206321,19.83497,74.27345,57.5,42.37,45.5,194.7,High,Clear,73.7,High Risk,High,302.1
TRK-109,DRV-809,Santosh Deshmukh,Express Auto Carrier (Tata Prima 4028.S),2026-09-10T23:11:54.206321,19.95271,73.92307,89.7,33.05,41.3,155.76,Low,Clear,78.9,In Transit,Low,109.2
TRK-109,DRV-809,Santosh Deshmukh,Express Auto Carrier (Tata Prima 4028.S),2026-09-10T23:15:54.206321,19.82034,73.65563,61.4,36.93,36.5,116.82,Moderate,Clear,84.2,In Transit,Moderate,135.5
TRK-109,DRV-809,Santosh Deshmukh,Express Auto Carrier (Tata Prima 4028.S),2026-09-10T23:19:54.206321,19.56619,73.40271,93.9,31.1,30.7,77.88,Low,Clear,89.5,In Transit,Low,48.9
TRK-109,DRV-809,Santosh Deshmukh,Express Auto Carrier (Tata Prima 4028.S),2026-09-10T23:23:54.206321,19.33625,73.12206,80.7,30.02,32.7,38.94,Low,Clear,94.7,In Transit,Low,26.1
TRK-109,DRV-809,Santosh Deshmukh,Express Auto Carrier (Tata Prima 4028.S),2026-09-10T23:27:54.206321,19.076,72.8777,55.3,38.33,23.8,0.0,High,Clear,100.0,In Transit,Moderate,2.4
TRK-109,DRV-809,Santosh Deshmukh,Express Auto Carrier (Tata Prima 4028.S),2026-09-11T12:11:54.206321,21.1458,79.0882,60.1,36.14,101.6,739.85,Moderate,Rain,0.0,High Risk,High,1119.8
TRK-109,DRV-809,Santosh Deshmukh,Express Auto Carrier (Tata Prima 4028.S),2026-09-11T12:15:54.206321,20.87444,78.88701,76.8,33.81,95.4,700.91,Low,Rain,5.3,High Risk,High,686.8
TRK-109,DRV-809,Santosh Deshmukh,Express Auto Carrier (Tata Prima 4028.S),2026-09-11T12:19:54.206321,20.73216,78.54609,55.3,40.3,96.8,661.97,High,Rain,10.5,High Risk,High,1344.8
TRK-109,DRV-809,Santosh Deshmukh,Express Auto Carrier (Tata Prima 4028.S),2026-09-11T12:23:54.206321,20.64727,78.18356,32.9,51.21,89.5,623.03,Severe,Rain,15.8,Delayed,High,2844.2
TRK-109,DRV-809,Santosh Deshmukh,Express Auto Carrier (Tata Prima 4028.S),2026-09-11T12:27:54.206321,20.56238,77.82103,78.6,34.33,85.0,584.09,Low,Rain,21.1,High Risk,High,557.9
TRK-109,DRV-809,Santosh Deshmukh,Express Auto Carrier (Tata Prima 4028.S),2026-09-11T12:31:54.206321,20.47473,77.45947,51.8,43.51,81.9,545.15,High,Rain,26.3,High Risk,High,1187.2
TRK-109,DRV-809,Santosh Deshmukh,Express Auto Carrier (Tata Prima 4028.S),2026-09-11T12:35:54.206321,20.34949,77.11105,57.9,36.77,74.9,506.21,Moderate,Rain,31.6,High Risk,High,791.9
TRK-109,DRV-809,Santosh Deshmukh,Express Auto Carrier (Tata Prima 4028.S),2026-09-11T12:39:54.206321,20.22424,76.76263,80.4,34.91,72.5,467.27,Low,Rain,36.8,High Risk,High,433.8
TRK-109,DRV-809,Santosh Deshmukh,Express Auto Carrier (Tata Prima 4028.S),2026-09-11T12:43:54.206321,20.08555,76.42073,69.7,39.22,71.0,428.33,Moderate,Rain,42.1,High Risk,High,551.4
TRK-109,DRV-809,Santosh Deshmukh,Express Auto Carrier (Tata Prima 4028.S),2026-09-11T12:47:54.206321,19.93022,76.08688,55.2,39.76,64.2,389.39,High,Rain,47.4,High Risk,High,797.1
TRK-109,DRV-809,Santosh Deshmukh,Express Auto Carrier (Tata Prima 4028.S),2026-09-11T12:51:54.206321,19.8457,75.73891,63.7,37.9,55.8,350.45,Moderate,Rain,52.6,High Risk,High,496.7
TRK-109,DRV-809,Santosh Deshmukh,Express Auto Carrier (Tata Prima 4028.S),2026-09-11T12:55:54.206321,19.87427,75.36838,61.9,38.69,56.5,311.51,Moderate,Rain,57.9,High Risk,High,456.7
TRK-109,DRV-809,Santosh Deshmukh,Express Auto Carrier (Tata Prima 4028.S),2026-09-11T12:59:54.206321,19.8328,74.99982,45.8,49.72,53.3,272.58,Severe,Rain,63.2,High Risk,High,892.2
TRK-109,DRV-809,Santosh Deshmukh,Express Auto Carrier (Tata Prima 4028.S),2026-09-11T13:03:54.206321,19.78626,74.6314,71.0,33.38,51.0,233.64,Low,Rain,68.4,High Risk,High,244.5
TRK-109,DRV-809,Santosh Deshmukh,Express Auto Carrier (Tata Prima 4028.S),2026-09-11T13:07:54.206321,19.83497,74.27345,61.6,35.45,39.6,194.7,Moderate,Rain,73.7,High Risk,High,285.0
TRK-109,DRV-809,Santosh Deshmukh,Express Auto Carrier (Tata Prima 4028.S),2026-09-11T13:11:54.206321,19.95271,73.92307,52.9,41.49,38.4,155.76,High,Rain,78.9,High Risk,High,327.2
TRK-109,DRV-809,Santosh Deshmukh,Express Auto Carrier (Tata Prima 4028.S),2026-09-11T13:15:54.206321,19.82034,73.65563,72.0,35.35,38.2,116.82,Low,Rain,84.2,In Transit,Moderate,117.7
TRK-109,DRV-809,Santosh Deshmukh,Express Auto Carrier (Tata Prima 4028.S),2026-09-11T13:19:54.206321,19.56619,73.40271,68.1,36.72,33.3,77.88,Moderate,Rain,89.5,High Risk,High,102.5
TRK-109,DRV-809,Santosh Deshmukh,Express Auto Carrier (Tata Prima 4028.S),2026-09-11T13:23:54.206321,19.33625,73.12206,86.4,33.46,29.1,38.94,Low,Rain,94.7,In Transit,Moderate,39.5
TRK-109,DRV-809,Santosh Deshmukh,Express Auto Carrier (Tata Prima 4028.S),2026-09-11T13:27:54.206321,19.076,72.8777,60.1,37.44,25.2,0.0,Moderate,Rain,100.0,Arrived,Low,0.5
TRK-110,DRV-810,Biju Menon,Spice & Textile Freight (BharatBenz 1617R),2026-08-31T22:11:54.206321,12.9716,77.5946,61.1,33.3,101.6,482.57,High,Clear,0.0,High Risk,High,716.1
TRK-110,DRV-810,Biju Menon,Spice & Textile Freight (BharatBenz 1617R),2026-08-31T22:15:54.206321,12.80773,77.75847,81.5,26.72,95.7,457.17,Low,Clear,5.3,In Transit,Low,340.2
TRK-110,DRV-810,Biju Menon,Spice & Textile Freight (BharatBenz 1617R),2026-08-31T22:19:54.206321,12.62066,77.88988,82.3,25.31,94.5,431.77,Low,Clear,10.5,In Transit,Low,314.9
TRK-110,DRV-810,Biju Menon,Spice & Textile Freight (BharatBenz 1617R),2026-08-31T22:23:54.206321,12.41763,77.99893,62.6,31.62,86.2,406.37,Moderate,Clear,15.8,High Risk,High,467.8
TRK-110,DRV-810,Biju Menon,Spice & Textile Freight (BharatBenz 1617R),2026-08-31T22:27:54.206321,12.21459,78.10798,42.6,33.51,83.7,380.97,High,Clear,21.1,High Risk,High,804.1
TRK-110,DRV-810,Biju Menon,Spice & Textile Freight (BharatBenz 1617R),2026-08-31T22:31:54.206321,11.99727,78.15489,59.1,33.4,79.6,355.58,High,Clear,26.3,High Risk,High,546.5
TRK-110,DRV-810,Biju Menon,Spice & Textile Freight (BharatBenz 1617R),2026-08-31T22:35:54.206321,11.76775,78.14876,59.8,30.26,76.3,330.18,Moderate,Clear,31.6,High Risk,High,398.2
TRK-110,DRV-810,Biju Menon,Spice & Textile Freight (BharatBenz 1617R),2026-08-31T22:39:54.206321,11.58771,78.04442,89.4,27.38,68.3,304.78,Low,Clear,36.8,In Transit,Low,209.0
TRK-110,DRV-810,Biju Menon,Spice & Textile Freight (BharatBenz 1617R),2026-08-31T22:43:54.206321,11.44826,77.85947,89.8,24.21,64.1,279.38,Low,Clear,42.1,In Transit,Low,188.0
TRK-110,DRV-810,Biju Menon,Spice & Textile Freight (BharatBenz 1617R),2026-08-31T22:47:54.206321,11.31288,77.67171,85.2,26.7,61.7,253.98,Low,Clear,47.4,In Transit,Low,183.2
TRK-110,DRV-810,Biju Menon,Spice & Textile Freight (BharatBenz 1617R),2026-08-31T22:51:54.206321,11.19102,77.47459,64.8,28.98,60.2,228.58,Moderate,Clear,52.6,High Risk,High,255.5
TRK-110,DRV-810,Biju Menon,Spice & Textile Freight (BharatBenz 1617R),2026-08-31T22:55:54.206321,11.09114,77.26815,71.3,32.49,56.5,203.19,Moderate,Clear,57.9,High Risk,High,196.6
TRK-110,DRV-810,Biju Menon,Spice & Textile Freight (BharatBenz 1617R),2026-08-31T22:59:54.206321,11.03736,77.04217,44.2,36.28,55.3,177.79,Severe,Clear,63.2,High Risk,High,478.9
TRK-110,DRV-810,Biju Menon,Spice & Textile Freight (BharatBenz 1617R),2026-08-31T23:03:54.206321,10.93001,76.84227,40.8,41.46,46.3,152.39,Severe,Clear,68.4,High Risk,High,449.9
TRK-110,DRV-810,Biju Menon,Spice & Textile Freight (BharatBenz 1617R),2026-08-31T23:07:54.206321,10.78953,76.6585,70.4,28.61,40.2,126.99,Moderate,Clear,73.7,In Transit,Moderate,125.7
TRK-110,DRV-810,Biju Menon,Spice & Textile Freight (BharatBenz 1617R),2026-08-31T23:11:54.206321,10.67169,76.45931,87.5,24.81,38.2,101.59,Low,Clear,78.9,In Transit,Low,76.9
TRK-110,DRV-810,Biju Menon,Spice & Textile Freight (BharatBenz 1617R),2026-08-31T23:15:54.206321,10.55431,76.2598,82.8,26.72,37.4,76.19,Low,Clear,84.2,In Transit,Low,56.5
TRK-110,DRV-810,Biju Menon,Spice & Textile Freight (BharatBenz 1617R),2026-08-31T23:19:54.206321,10.35884,76.26953,67.2,28.91,33.3,50.8,Moderate,Clear,89.5,In Transit,Low,50.9
TRK-110,DRV-810,Biju Menon,Spice & Textile Freight (BharatBenz 1617R),2026-08-31T23:23:54.206321,10.14036,76.3409,73.5,24.5,28.0,25.4,Low,Clear,94.7,In Transit,Low,22.0
TRK-110,DRV-810,Biju Menon,Spice & Textile Freight (BharatBenz 1617R),2026-08-31T23:27:54.206321,9.9312,76.2673,57.4,33.05,24.4,0.0,High,Clear,100.0,In Transit,Moderate,0.7
TRK-110,DRV-810,Biju Menon,Spice & Textile Freight (BharatBenz 1617R),2026-09-01T12:11:54.206321,12.9716,77.5946,71.2,29.44,99.5,482.57,Moderate,Clear,0.0,High Risk,High,485.1
TRK-110,DRV-810,Biju Menon,Spice & Textile Freight (BharatBenz 1617R),2026-09-01T12:15:54.206321,12.80773,77.75847,87.0,27.71,101.5,457.17,Low,Clear,5.3,In Transit,Low,318.5
TRK-110,DRV-810,Biju Menon,Spice & Textile Freight (BharatBenz 1617R),2026-09-01T12:19:54.206321,12.62066,77.88988,52.4,33.2,89.5,431.77,High,Clear,10.5,High Risk,High,738.8
TRK-110,DRV-810,Biju Menon,Spice & Textile Freight (BharatBenz 1617R),2026-09-01T12:23:54.206321,12.41763,77.99893,82.9,26.57,88.5,406.37,Low,Clear,15.8,In Transit,Low,295.0
TRK-110,DRV-810,Biju Menon,Spice & Textile Freight (BharatBenz 1617R),2026-09-01T12:27:54.206321,12.21459,78.10798,82.2,31.32,82.1,380.97,Low,Clear,21.1,In Transit,Low,283.4
TRK-110,DRV-810,Biju Menon,Spice & Textile Freight (BharatBenz 1617R),2026-09-01T12:31:54.206321,11.99727,78.15489,86.1,21.68,78.9,355.58,Low,Clear,26.3,In Transit,Low,246.0
TRK-110,DRV-810,Biju Menon,Spice & Textile Freight (BharatBenz 1617R),2026-09-01T12:35:54.206321,11.76775,78.14876,37.6,39.83,78.9,330.18,Severe,Clear,31.6,Delayed,High,1054.3
TRK-110,DRV-810,Biju Menon,Spice & Textile Freight (BharatBenz 1617R),2026-09-01T12:39:54.206321,11.58771,78.04442,86.2,28.07,73.1,304.78,Low,Clear,36.8,In Transit,Low,210.0
TRK-110,DRV-810,Biju Menon,Spice & Textile Freight (BharatBenz 1617R),2026-09-01T12:43:54.206321,11.44826,77.85947,40.2,39.11,70.1,279.38,Severe,Clear,42.1,High Risk,High,828.8
TRK-110,DRV-810,Biju Menon,Spice & Textile Freight (BharatBenz 1617R),2026-09-01T12:47:54.206321,11.31288,77.67171,87.3,27.62,66.0,253.98,Low,Clear,47.4,In Transit,Low,179.9
TRK-110,DRV-810,Biju Menon,Spice & Textile Freight (BharatBenz 1617R),2026-09-01T12:51:54.206321,11.19102,77.47459,57.6,32.39,60.3,228.58,High,Clear,52.6,High Risk,High,355.4
TRK-110,DRV-810,Biju Menon,Spice & Textile Freight (BharatBenz 1617R),2026-09-01T12:55:54.206321,11.09114,77.26815,73.5,28.27,59.2,203.19,Moderate,Clear,57.9,High Risk,High,195.8
TRK-110,DRV-810,Biju Menon,Spice & Textile Freight (BharatBenz 1617R),2026-09-01T12:59:54.206321,11.03736,77.04217,69.5,28.72,54.9,177.79,Moderate,Clear,63.2,High Risk,High,181.4
TRK-110,DRV-810,Biju Menon,Spice & Textile Freight (BharatBenz 1617R),2026-09-01T13:03:54.206321,10.93001,76.84227,77.3,26.51,49.0,152.39,Low,Clear,68.4,In Transit,Low,114.9
TRK-110,DRV-810,Biju Menon,Spice & Textile Freight (BharatBenz 1617R),2026-09-01T13:07:54.206321,10.78953,76.6585,88.8,24.25,43.1,126.99,Low,Clear,73.7,In Transit,Low,89.4
TRK-110,DRV-810,Biju Menon,Spice & Textile Freight (BharatBenz 1617R),2026-09-01T13:11:54.206321,10.67169,76.45931,66.1,29.65,40.0,101.59,Moderate,Clear,78.9,In Transit,Moderate,110.2
TRK-110,DRV-810,Biju Menon,Spice & Textile Freight (BharatBenz 1617R),2026-09-01T13:15:54.206321,10.55431,76.2598,72.6,29.13,40.6,76.19,Moderate,Clear,84.2,In Transit,Moderate,78.6
TRK-110,DRV-810,Biju Menon,Spice & Textile Freight (BharatBenz 1617R),2026-09-01T13:19:54.206321,10.35884,76.26953,84.6,26.71,32.9,50.8,Low,Clear,89.5,In Transit,Low,37.6
TRK-110,DRV-810,Biju Menon,Spice & Textile Freight (BharatBenz 1617R),2026-09-01T13:23:54.206321,10.14036,76.3409,64.1,30.84,30.8,25.4,Moderate,Clear,94.7,In Transit,Low,32.2
TRK-110,DRV-810,Biju Menon,Spice & Textile Freight (BharatBenz 1617R),2026-09-01T13:27:54.206321,9.9312,76.2673,48.2,35.77,21.0,0.0,Severe,Clear,100.0,Arrived,Low,0.5
TRK-110,DRV-810,Biju Menon,Spice & Textile Freight (BharatBenz 1617R),2026-09-02T02:11:54.206321,12.9716,77.5946,88.3,26.63,99.9,482.57,Low,Clear,0.0,In Transit,Low,326.9
TRK-110,DRV-810,Biju Menon,Spice & Textile Freight (BharatBenz 1617R),2026-09-02T02:15:54.206321,12.80773,77.75847,56.9,32.76,97.2,457.17,High,Clear,5.3,High Risk,High,729.2
TRK-110,DRV-810,Biju Menon,Spice & Textile Freight (BharatBenz 1617R),2026-09-02T02:19:54.206321,12.62066,77.88988,48.9,34.14,92.7,431.77,High,Clear,10.5,High Risk,High,793.7
TRK-110,DRV-810,Biju Menon,Spice & Textile Freight (BharatBenz 1617R),2026-09-02T02:23:54.206321,12.41763,77.99893,44.8,30.3,93.0,406.37,High,Clear,15.8,High Risk,High,815.6
TRK-110,DRV-810,Biju Menon,Spice & Textile Freight (BharatBenz 1617R),2026-09-02T02:27:54.206321,12.21459,78.10798,89.0,28.36,79.8,380.97,Moderate,Clear,21.1,High Risk,High,303.8
TRK-110,DRV-810,Biju Menon,Spice & Textile Freight (BharatBenz 1617R),2026-09-02T02:31:54.206321,11.99727,78.15489,82.2,24.18,80.5,355.58,Low,Clear,26.3,In Transit,Low,258.0
TRK-110,DRV-810,Biju Menon,Spice & Textile Freight (BharatBenz 1617R),2026-09-02T02:35:54.206321,11.76775,78.14876,75.5,26.43,74.6,330.18,Moderate,Clear,31.6,High Risk,High,312.6
TRK-110,DRV-810,Biju Menon,Spice & Textile Freight (BharatBenz 1617R),2026-09-02T02:39:54.206321,11.58771,78.04442,82.2,26.87,73.0,304.78,Low,Clear,36.8,In Transit,Low,217.1
TRK-110,DRV-810,Biju Menon,Spice & Textile Freight (BharatBenz 1617R),2026-09-02T02:43:54.206321,11.44826,77.85947,74.9,27.73,66.7,279.38,Moderate,Clear,42.1,High Risk,High,259.7
TRK-110,DRV-810,Biju Menon,Spice & Textile Freight (BharatBenz 1617R),2026-09-02T02:47:54.206321,11.31288,77.67171,50.8,37.7,64.6,253.98,Severe,Clear,47.4,High Risk,High,599.6
TRK-110,DRV-810,Biju Menon,Spice & Textile Freight (BharatBenz 1617R),2026-09-02T02:51:54.206321,11.19102,77.47459,72.5,27.6,60.7,228.58,Moderate,Clear,52.6,High Risk,High,225.4
TRK-110,DRV-810,Biju Menon,Spice & Textile Freight (BharatBenz 1617R),2026-09-02T02:55:54.206321,11.09114,77.26815,76.1,28.33,52.1,203.19,Moderate,Clear,57.9,High Risk,High,194.7
TRK-110,DRV-810,Biju Menon,Spice & Textile Freight (BharatBenz 1617R),2026-09-02T02:59:54.206321,11.03736,77.04217,65.6,29.91,47.5,177.79,High,Clear,63.2,High Risk,High,244.5
TRK-110,DRV-810,Biju Menon,Spice & Textile Freight (BharatBenz 1617R),2026-09-02T03:03:54.206321,10.93001,76.84227,83.6,26.95,51.9,152.39,Low,Clear,68.4,In Transit,Low,109.7
TRK-110,DRV-810,Biju Menon,Spice & Textile Freight (BharatBenz 1617R),2026-09-02T03:07:54.206321,10.78953,76.6585,40.1,38.91,43.9,126.99,Severe,Clear,73.7,High Risk,High,386.3
TRK-110,DRV-810,Biju Menon,Spice & Textile Freight (BharatBenz 1617R),2026-09-02T03:11:54.206321,10.67169,76.45931,54.1,32.05,41.2,101.59,High,Clear,78.9,High Risk,High,168.4
TRK-110,DRV-810,Biju Menon,Spice & Textile Freight (BharatBenz 1617R),2026-09-02T03:15:54.206321,10.55431,76.2598,60.2,29.7,37.3,76.19,Moderate,Clear,84.2,In Transit,Moderate,87.1
TRK-110,DRV-810,Biju Menon,Spice & Textile Freight (BharatBenz 1617R),2026-09-02T03:19:54.206321,10.35884,76.26953,79.7,26.98,30.3,50.8,Low,Clear,89.5,In Transit,Low,37.1
TRK-110,DRV-810,Biju Menon,Spice & Textile Freight (BharatBenz 1617R),2026-09-02T03:23:54.206321,10.14036,76.3409,91.3,27.63,29.6,25.4,Low,Clear,94.7,In Transit,Low,20.1
TRK-110,DRV-810,Biju Menon,Spice & Textile Freight (BharatBenz 1617R),2026-09-02T03:27:54.206321,9.9312,76.2673,54.0,37.77,25.6,0.0,High,Clear,100.0,In Transit,Moderate,0.8
TRK-110,DRV-810,Biju Menon,Spice & Textile Freight (BharatBenz 1617R),2026-09-02T16:11:54.206321,12.9716,77.5946,55.5,28.01,97.6,482.57,High,Clear,0.0,High Risk,High,783.2
TRK-110,DRV-810,Biju Menon,Spice & Textile Freight (BharatBenz 1617R),2026-09-02T16:15:54.206321,12.80773,77.75847,41.5,35.38,94.0,457.17,Severe,Clear,5.3,High Risk,High,1321.7
TRK-110,DRV-810,Biju Menon,Spice & Textile Freight (BharatBenz 1617R),2026-09-02T16:19:54.206321,12.62066,77.88988,92.4,26.14,91.5,431.77,Low,Clear,10.5,In Transit,Low,280.5
TRK-110,DRV-810,Biju Menon,Spice & Textile Freight (BharatBenz 1617R),2026-09-02T16:23:54.206321,12.41763,77.99893,67.9,24.22,85.9,406.37,Moderate,Clear,15.8,High Risk,High,432.5
TRK-110,DRV-810,Biju Menon,Spice & Textile Freight (BharatBenz 1617R),2026-09-02T16:27:54.206321,12.21459,78.10798,75.3,29.1,82.0,380.97,Moderate,Clear,21.1,High Risk,High,364.3
TRK-110,DRV-810,Biju Menon,Spice & Textile Freight (BharatBenz 1617R),2026-09-02T16:31:54.206321,11.99727,78.15489,81.2,26.79,82.3,355.58,Low,Clear,26.3,In Transit,Low,260.8
TRK-110,DRV-810,Biju Menon,Spice & Textile Freight (BharatBenz 1617R),2026-09-02T16:35:54.206321,11.76775,78.14876,70.9,33.22,75.1,330.18,Moderate,Clear,31.6,High Risk,High,333.7
TRK-110,DRV-810,Biju Menon,Spice & Textile Freight (BharatBenz 1617R),2026-09-02T16:39:54.206321,11.58771,78.04442,90.7,26.57,71.8,304.78,Low,Clear,36.8,In Transit,Low,196.8
TRK-110,DRV-810,Biju Menon,Spice & Textile Freight (BharatBenz 1617R),2026-09-02T16:43:54.206321,11.44826,77.85947,52.2,30.93,69.6,279.38,High,Clear,42.1,High Risk,High,481.3
TRK-110,DRV-810,Biju Menon,Spice & Textile Freight (BharatBenz 1617R),2026-09-02T16:47:54.206321,11.31288,77.67171,92.6,28.68,63.2,253.98,Low,Clear,47.4,In Transit,Low,165.1
TRK-110,DRV-810,Biju Menon,Spice & Textile Freight (BharatBenz 1617R),2026-09-02T16:51:54.206321,11.19102,77.47459,75.4,23.69,59.4,228.58,Low,Clear,52.6,In Transit,Low,183.7
TRK-110,DRV-810,Biju Menon,Spice & Textile Freight (BharatBenz 1617R),2026-09-02T16:55:54.206321,11.09114,77.26815,85.8,25.86,58.3,203.19,Low,Clear,57.9,In Transit,Low,150.2
TRK-110,DRV-810,Biju Menon,Spice & Textile Freight (BharatBenz 1617R),2026-09-02T16:59:54.206321,11.03736,77.04217,82.1,26.32,49.4,177.79,Low,Clear,63.2,In Transit,Low,129.7
TRK-110,DRV-810,Biju Menon,Spice & Textile Freight (BharatBenz 1617R),2026-09-02T17:03:54.206321,10.93001,76.84227,76.9,29.98,48.7,152.39,Moderate,Clear,68.4,In Transit,Moderate,137.9
TRK-110,DRV-810,Biju Menon,Spice & Textile Freight (BharatBenz 1617R),2026-09-02T17:07:54.206321,10.78953,76.6585,94.6,26.9,44.4,126.99,Low,Clear,73.7,In Transit,Low,81.1
TRK-110,DRV-810,Biju Menon,Spice & Textile Freight (BharatBenz 1617R),2026-09-02T17:11:54.206321,10.67169,76.45931,57.6,31.66,40.6,101.59,High,Clear,78.9,High Risk,High,155.5
TRK-110,DRV-810,Biju Menon,Spice & Textile Freight (BharatBenz 1617R),2026-09-02T17:15:54.206321,10.55431,76.2598,84.8,26.5,36.7,76.19,Low,Clear,84.2,In Transit,Low,48.9
TRK-110,DRV-810,Biju Menon,Spice & Textile Freight (BharatBenz 1617R),2026-09-02T17:19:54.206321,10.35884,76.26953,75.8,27.7,34.3,50.8,Moderate,Clear,89.5,In Transit,Low,48.4
TRK-110,DRV-810,Biju Menon,Spice & Textile Freight (BharatBenz 1617R),2026-09-02T17:23:54.206321,10.14036,76.3409,86.4,26.8,28.1,25.4,Low,Clear,94.7,In Transit,Low,23.4
TRK-110,DRV-810,Biju Menon,Spice & Textile Freight (BharatBenz 1617R),2026-09-02T17:27:54.206321,9.9312,76.2673,89.7,23.25,27.7,0.0,Low,Clear,100.0,Arrived,Low,0.5
TRK-110,DRV-810,Biju Menon,Spice & Textile Freight (BharatBenz 1617R),2026-09-03T06:11:54.206321,12.9716,77.5946,72.2,26.72,96.8,482.57,Low,Rain,0.0,High Risk,High,503.1
TRK-110,DRV-810,Biju Menon,Spice & Textile Freight (BharatBenz 1617R),2026-09-03T06:15:54.206321,12.80773,77.75847,77.3,27.65,94.4,457.17,Low,Rain,5.3,High Risk,High,444.3
TRK-110,DRV-810,Biju Menon,Spice & Textile Freight (BharatBenz 1617R),2026-09-03T06:19:54.206321,12.62066,77.88988,71.7,25.03,92.2,431.77,Low,Rain,10.5,High Risk,High,448.2
TRK-110,DRV-810,Biju Menon,Spice & Textile Freight (BharatBenz 1617R),2026-09-03T06:23:54.206321,12.41763,77.99893,63.4,27.3,90.2,406.37,Moderate,Rain,15.8,High Risk,High,574.3
TRK-110,DRV-810,Biju Menon,Spice & Textile Freight (BharatBenz 1617R),2026-09-03T06:27:54.206321,12.21459,78.10798,72.0,33.09,81.3,380.97,Moderate,Rain,21.1,High Risk,High,476.3
TRK-110,DRV-810,Biju Menon,Spice & Textile Freight (BharatBenz 1617R),2026-09-03T06:31:54.206321,11.99727,78.15489,82.2,29.82,81.2,355.58,Low,Rain,26.3,High Risk,High,318.9
TRK-110,DRV-810,Biju Menon,Spice & Textile Freight (BharatBenz 1617R),2026-09-03T06:35:54.206321,11.76775,78.14876,46.6,31.49,74.3,330.18,High,Rain,31.6,High Risk,High,798.5
TRK-110,DRV-810,Biju Menon,Spice & Textile Freight (BharatBenz 1617R),2026-09-03T06:39:54.206321,11.58771,78.04442,66.0,31.14,72.1,304.78,Moderate,Rain,36.8,High Risk,High,412.4
TRK-110,DRV-810,Biju Menon,Spice & Textile Freight (BharatBenz 1617R),2026-09-03T06:43:54.206321,11.44826,77.85947,72.7,24.43,66.3,279.38,Low,Rain,42.1,High Risk,High,289.7
TRK-110,DRV-810,Biju Menon,Spice & Textile Freight (BharatBenz 1617R),2026-09-03T06:47:54.206321,11.31288,77.67171,74.7,30.55,65.3,253.98,Low,Rain,47.4,High Risk,High,252.4
TRK-110,DRV-810,Biju Menon,Spice & Textile Freight (BharatBenz 1617R),2026-09-03T06:51:54.206321,11.19102,77.47459,80.3,29.08,58.0,228.58,Low,Rain,52.6,High Risk,High,212.1
TRK-110,DRV-810,Biju Menon,Spice & Textile Freight (BharatBenz 1617R),2026-09-03T06:55:54.206321,11.09114,77.26815,76.1,27.32,55.2,203.19,Low,Rain,57.9,High Risk,High,197.9
TRK-110,DRV-810,Biju Menon,Spice & Textile Freight (BharatBenz 1617R),2026-09-03T06:59:54.206321,11.03736,77.04217,44.7,42.88,49.6,177.79,Severe,Rain,63.2,High Risk,High,596.3
TRK-110,DRV-810,Biju Menon,Spice & Textile Freight (BharatBenz 1617R),2026-09-03T07:03:54.206321,10.93001,76.84227,67.4,33.88,48.9,152.39,Moderate,Rain,68.4,High Risk,High,198.0
TRK-110,DRV-810,Biju Menon,Spice & Textile Freight (BharatBenz 1617R),2026-09-03T07:07:54.206321,10.78953,76.6585,72.9,30.67,44.2,126.99,Low,Rain,73.7,High Risk,High,131.4
TRK-110,DRV-810,Biju Menon,Spice & Textile Freight (BharatBenz 1617R),2026-09-03T07:11:54.206321,10.67169,76.45931,57.7,35.15,42.3,101.59,Moderate,Rain,78.9,High Risk,High,156.3
TRK-110,DRV-810,Biju Menon,Spice & Textile Freight (BharatBenz 1617R),2026-09-03T07:15:54.206321,10.55431,76.2598,63.2,30.42,38.5,76.19,Moderate,Rain,84.2,High Risk,High,109.8
TRK-110,DRV-810,Biju Menon,Spice & Textile Freight (BharatBenz 1617R),2026-09-03T07:19:54.206321,10.35884,76.26953,82.0,30.12,33.9,50.8,Low,Rain,89.5,In Transit,Low,44.5
TRK-110,DRV-810,Biju Menon,Spice & Textile Freight (BharatBenz 1617R),2026-09-03T07:23:54.206321,10.14036,76.3409,74.8,28.59,30.4,25.4,Low,Rain,94.7,In Transit,Low,25.7
TRK-110,DRV-810,Biju Menon,Spice & Textile Freight (BharatBenz 1617R),2026-09-03T07:27:54.206321,9.9312,76.2673,77.1,28.21,25.2,0.0,Low,Rain,100.0,Arrived,Low,0.5
TRK-110,DRV-810,Biju Menon,Spice & Textile Freight (BharatBenz 1617R),2026-09-03T20:11:54.206321,12.9716,77.5946,78.8,28.33,102.9,482.57,Moderate,Clear,0.0,High Risk,High,448.6
TRK-110,DRV-810,Biju Menon,Spice & Textile Freight (BharatBenz 1617R),2026-09-03T20:15:54.206321,12.80773,77.75847,55.6,33.2,97.4,457.17,High,Clear,5.3,High Risk,High,746.9
TRK-110,DRV-810,Biju Menon,Spice & Textile Freight (BharatBenz 1617R),2026-09-03T20:19:54.206321,12.62066,77.88988,65.3,31.01,88.5,431.77,Moderate,Clear,10.5,High Risk,High,476.4
TRK-110,DRV-810,Biju Menon,Spice & Textile Freight (BharatBenz 1617R),2026-09-03T20:23:54.206321,12.41763,77.99893,53.8,28.53,89.7,406.37,High,Clear,15.8,High Risk,High,684.4
TRK-110,DRV-810,Biju Menon,Spice & Textile Freight (BharatBenz 1617R),2026-09-03T20:27:54.206321,12.21459,78.10798,76.5,26.76,87.2,380.97,Low,Clear,21.1,In Transit,Low,297.4
TRK-110,DRV-810,Biju Menon,Spice & Textile Freight (BharatBenz 1617R),2026-09-03T20:31:54.206321,11.99727,78.15489,70.1,25.83,76.3,355.58,Moderate,Clear,26.3,High Risk,High,361.4
TRK-110,DRV-810,Biju Menon,Spice & Textile Freight (BharatBenz 1617R),2026-09-03T20:35:54.206321,11.76775,78.14876,80.9,27.61,75.2,330.18,Low,Clear,31.6,In Transit,Low,244.2
TRK-110,DRV-810,Biju Menon,Spice & Textile Freight (BharatBenz 1617R),2026-09-03T20:39:54.206321,11.58771,78.04442,67.2,30.37,72.3,304.78,Moderate,Clear,36.8,High Risk,High,323.4
TRK-110,DRV-810,Biju Menon,Spice & Textile Freight (BharatBenz 1617R),2026-09-03T20:43:54.206321,11.44826,77.85947,58.6,32.42,67.9,279.38,High,Clear,42.1,High Risk,High,424.7
TRK-110,DRV-810,Biju Menon,Spice & Textile Freight (BharatBenz 1617R),2026-09-03T20:47:54.206321,11.31288,77.67171,79.7,30.36,65.2,253.98,Low,Clear,47.4,In Transit,Low,194.4
TRK-110,DRV-810,Biju Menon,Spice & Textile Freight (BharatBenz 1617R),2026-09-03T20:51:54.206321,11.19102,77.47459,47.4,37.66,60.7,228.58,Severe,Clear,52.6,High Risk,High,576.4
TRK-110,DRV-810,Biju Menon,Spice & Textile Freight (BharatBenz 1617R),2026-09-03T20:55:54.206321,11.09114,77.26815,66.8,30.49,53.7,203.19,Moderate,Clear,57.9,High Risk,High,225.2
TRK-110,DRV-810,Biju Menon,Spice & Textile Freight (BharatBenz 1617R),2026-09-03T20:59:54.206321,11.03736,77.04217,57.3,33.44,52.5,177.79,High,Clear,63.2,High Risk,High,276.0
TRK-110,DRV-810,Biju Menon,Spice & Textile Freight (BharatBenz 1617R),2026-09-03T21:03:54.206321,10.93001,76.84227,94.5,29.77,44.6,152.39,Low,Clear,68.4,In Transit,Low,98.7
TRK-110,DRV-810,Biju Menon,Spice & Textile Freight (BharatBenz 1617R),2026-09-03T21:07:54.206321,10.78953,76.6585,89.1,27.26,45.4,126.99,Low,Clear,73.7,In Transit,Low,81.3
TRK-110,DRV-810,Biju Menon,Spice & Textile Freight (BharatBenz 1617R),2026-09-03T21:11:54.206321,10.67169,76.45931,72.1,26.12,42.3,101.59,Low,Clear,78.9,In Transit,Low,87.8
TRK-110,DRV-810,Biju Menon,Spice & Textile Freight (BharatBenz 1617R),2026-09-03T21:15:54.206321,10.55431,76.2598,97.6,22.55,39.0,76.19,Low,Clear,84.2,In Transit,Low,46.0
TRK-110,DRV-810,Biju Menon,Spice & Textile Freight (BharatBenz 1617R),2026-09-03T21:19:54.206321,10.35884,76.26953,76.7,27.04,35.9,50.8,Moderate,Clear,89.5,In Transit,Low,44.2
TRK-110,DRV-810,Biju Menon,Spice & Textile Freight (BharatBenz 1617R),2026-09-03T21:23:54.206321,10.14036,76.3409,76.4,29.9,25.9,25.4,Moderate,Clear,94.7,In Transit,Low,25.9
TRK-110,DRV-810,Biju Menon,Spice & Textile Freight (BharatBenz 1617R),2026-09-03T21:27:54.206321,9.9312,76.2673,67.1,29.27,24.6,0.0,Moderate,Clear,100.0,Arrived,Low,3.8
TRK-110,DRV-810,Biju Menon,Spice & Textile Freight (BharatBenz 1617R),2026-09-04T10:11:54.206321,12.9716,77.5946,50.4,42.34,101.1,482.57,Severe,Rain,0.0,High Risk,High,1435.9
TRK-110,DRV-810,Biju Menon,Spice & Textile Freight (BharatBenz 1617R),2026-09-04T10:15:54.206321,12.80773,77.75847,44.3,33.51,93.6,457.17,High,Rain,5.3,High Risk,High,1161.6
TRK-110,DRV-810,Biju Menon,Spice & Textile Freight (BharatBenz 1617R),2026-09-04T10:19:54.206321,12.62066,77.88988,63.6,30.56,92.5,431.77,Moderate,Rain,10.5,High Risk,High,611.9
TRK-110,DRV-810,Biju Menon,Spice & Textile Freight (BharatBenz 1617R),2026-09-04T10:23:54.206321,12.41763,77.99893,70.7,27.97,85.7,406.37,Low,Rain,15.8,High Risk,High,428.3
TRK-110,DRV-810,Biju Menon,Spice & Textile Freight (BharatBenz 1617R),2026-09-04T10:27:54.206321,12.21459,78.10798,76.7,28.92,84.2,380.97,Low,Rain,21.1,High Risk,High,370.2
TRK-110,DRV-810,Biju Menon,Spice & Textile Freight (BharatBenz 1617R),2026-09-04T10:31:54.206321,11.99727,78.15489,62.4,32.43,82.7,355.58,Moderate,Rain,26.3,High Risk,High,516.4
TRK-110,DRV-810,Biju Menon,Spice & Textile Freight (BharatBenz 1617R),2026-09-04T10:35:54.206321,11.76775,78.14876,48.0,35.62,78.8,330.18,High,Rain,31.6,High Risk,High,773.3
TRK-110,DRV-810,Biju Menon,Spice & Textile Freight (BharatBenz 1617R),2026-09-04T10:39:54.206321,11.58771,78.04442,59.8,28.79,70.6,304.78,Moderate,Rain,36.8,High Risk,High,456.9
TRK-110,DRV-810,Biju Menon,Spice & Textile Freight (BharatBenz 1617R),2026-09-04T10:43:54.206321,11.44826,77.85947,60.1,29.24,69.3,279.38,Low,Rain,42.1,High Risk,High,350.8
TRK-110,DRV-810,Biju Menon,Spice & Textile Freight (BharatBenz 1617R),2026-09-04T10:47:54.206321,11.31288,77.67171,57.0,34.01,66.3,253.98,High,Rain,47.4,High Risk,High,500.0
TRK-110,DRV-810,Biju Menon,Spice & Textile Freight (BharatBenz 1617R),2026-09-04T10:51:54.206321,11.19102,77.47459,78.6,29.32,57.8,228.58,Low,Rain,52.6,High Risk,High,222.9
TRK-110,DRV-810,Biju Menon,Spice & Textile Freight (BharatBenz 1617R),2026-09-04T10:55:54.206321,11.09114,77.26815,82.0,29.08,58.4,203.19,Low,Rain,57.9,High Risk,High,182.9
TRK-110,DRV-810,Biju Menon,Spice & Textile Freight (BharatBenz 1617R),2026-09-04T10:59:54.206321,11.03736,77.04217,73.8,29.93,51.2,177.79,Low,Rain,63.2,High Risk,High,178.6
TRK-110,DRV-810,Biju Menon,Spice & Textile Freight (BharatBenz 1617R),2026-09-04T11:03:54.206321,10.93001,76.84227,74.0,29.67,49.6,152.39,Low,Rain,68.4,High Risk,High,154.1
TRK-110,DRV-810,Biju Menon,Spice & Textile Freight (BharatBenz 1617R),2026-09-04T11:07:54.206321,10.78953,76.6585,72.2,28.41,44.5,126.99,Low,Rain,73.7,In Transit,Moderate,123.7
TRK-110,DRV-810,Biju Menon,Spice & Textile Freight (BharatBenz 1617R),2026-09-04T11:11:54.206321,10.67169,76.45931,63.2,31.38,38.7,101.59,Moderate,Rain,78.9,High Risk,High,151.7
TRK-110,DRV-810,Biju Menon,Spice & Textile Freight (BharatBenz 1617R),2026-09-04T11:15:54.206321,10.55431,76.2598,75.9,29.38,36.3,76.19,Low,Rain,84.2,In Transit,Moderate,80.0
TRK-110,DRV-810,Biju Menon,Spice & Textile Freight (BharatBenz 1617R),2026-09-04T11:19:54.206321,10.35884,76.26953,64.3,29.87,33.8,50.8,Low,Rain,89.5,In Transit,Moderate,60.0
TRK-110,DRV-810,Biju Menon,Spice & Textile Freight (BharatBenz 1617R),2026-09-04T11:23:54.206321,10.14036,76.3409,56.3,32.86,29.3,25.4,High,Rain,94.7,In Transit,Moderate,49.5
TRK-110,DRV-810,Biju Menon,Spice & Textile Freight (BharatBenz 1617R),2026-09-04T11:27:54.206321,9.9312,76.2673,68.3,25.87,25.4,0.0,Low,Rain,100.0,Arrived,Low,5.1
TRK-110,DRV-810,Biju Menon,Spice & Textile Freight (BharatBenz 1617R),2026-09-05T00:11:54.206321,12.9716,77.5946,43.7,39.93,100.4,482.57,Severe,Clear,0.0,High Risk,High,1323.5
TRK-110,DRV-810,Biju Menon,Spice & Textile Freight (BharatBenz 1617R),2026-09-05T00:15:54.206321,12.80773,77.75847,80.6,25.83,96.1,457.17,Low,Clear,5.3,In Transit,Low,345.0
TRK-110,DRV-810,Biju Menon,Spice & Textile Freight (BharatBenz 1617R),2026-09-05T00:19:54.206321,12.62066,77.88988,91.6,25.26,92.1,431.77,Low,Clear,10.5,In Transit,Low,286.8
TRK-110,DRV-810,Biju Menon,Spice & Textile Freight (BharatBenz 1617R),2026-09-05T00:23:54.206321,12.41763,77.99893,88.1,25.66,88.3,406.37,Low,Clear,15.8,In Transit,Low,275.9
TRK-110,DRV-810,Biju Menon,Spice & Textile Freight (BharatBenz 1617R),2026-09-05T00:27:54.206321,12.21459,78.10798,46.5,39.5,81.7,380.97,Severe,Clear,21.1,High Risk,High,979.6
TRK-110,DRV-810,Biju Menon,Spice & Textile Freight (BharatBenz 1617R),2026-09-05T00:31:54.206321,11.99727,78.15489,79.5,28.01,82.5,355.58,Low,Clear,26.3,In Transit,Low,273.4
TRK-110,DRV-810,Biju Menon,Spice & Textile Freight (BharatBenz 1617R),2026-09-05T00:35:54.206321,11.76775,78.14876,79.7,28.41,76.8,330.18,Moderate,Clear,31.6,High Risk,High,292.3
TRK-110,DRV-810,Biju Menon,Spice & Textile Freight (BharatBenz 1617R),2026-09-05T00:39:54.206321,11.58771,78.04442,51.2,32.63,74.2,304.78,High,Clear,36.8,High Risk,High,531.5
TRK-110,DRV-810,Biju Menon,Spice & Textile Freight (BharatBenz 1617R),2026-09-05T00:43:54.206321,11.44826,77.85947,64.5,33.15,68.4,279.38,High,Clear,42.1,High Risk,High,394.7
TRK-110,DRV-810,Biju Menon,Spice & Textile Freight (BharatBenz 1617R),2026-09-05T00:47:54.206321,11.31288,77.67171,63.8,29.06,68.1,253.98,Moderate,Clear,47.4,High Risk,High,288.4
TRK-110,DRV-810,Biju Menon,Spice & Textile Freight (BharatBenz 1617R),2026-09-05T00:51:54.206321,11.19102,77.47459,73.7,28.08,59.1,228.58,Moderate,Clear,52.6,High Risk,High,222.3
TRK-110,DRV-810,Biju Menon,Spice & Textile Freight (BharatBenz 1617R),2026-09-05T00:55:54.206321,11.09114,77.26815,84.8,27.0,58.3,203.19,Low,Clear,57.9,In Transit,Low,145.8
TRK-110,DRV-810,Biju Menon,Spice & Textile Freight (BharatBenz 1617R),2026-09-05T00:59:54.206321,11.03736,77.04217,65.6,27.02,54.3,177.79,Moderate,Clear,63.2,High Risk,High,195.2
TRK-110,DRV-810,Biju Menon,Spice & Textile Freight (BharatBenz 1617R),2026-09-05T01:03:54.206321,10.93001,76.84227,77.3,25.84,49.4,152.39,Low,Clear,68.4,In Transit,Low,121.4
TRK-110,DRV-810,Biju Menon,Spice & Textile Freight (BharatBenz 1617R),2026-09-05T01:07:54.206321,10.78953,76.6585,50.3,34.84,45.6,126.99,High,Clear,73.7,High Risk,High,227.5
TRK-110,DRV-810,Biju Menon,Spice & Textile Freight (BharatBenz 1617R),2026-09-05T01:11:54.206321,10.67169,76.45931,92.4,28.07,43.9,101.59,Low,Clear,78.9,In Transit,Low,66.2
TRK-110,DRV-810,Biju Menon,Spice & Textile Freight (BharatBenz 1617R),2026-09-05T01:15:54.206321,10.55431,76.2598,82.6,24.67,33.8,76.19,Low,Clear,84.2,In Transit,Low,54.8
TRK-110,DRV-810,Biju Menon,Spice & Textile Freight (BharatBenz 1617R),2026-09-05T01:19:54.206321,10.35884,76.26953,90.7,24.44,36.5,50.8,Low,Clear,89.5,In Transit,Low,32.4
TRK-110,DRV-810,Biju Menon,Spice & Textile Freight (BharatBenz 1617R),2026-09-05T01:23:54.206321,10.14036,76.3409,83.6,30.8,30.0,25.4,Low,Clear,94.7,In Transit,Low,15.9
TRK-110,DRV-810,Biju Menon,Spice & Textile Freight (BharatBenz 1617R),2026-09-05T01:27:54.206321,9.9312,76.2673,74.3,30.62,24.1,0.0,Moderate,Clear,100.0,Arrived,Low,0.5
TRK-110,DRV-810,Biju Menon,Spice & Textile Freight (BharatBenz 1617R),2026-09-05T14:11:54.206321,12.9716,77.5946,80.1,28.75,101.7,482.57,Moderate,Clear,0.0,High Risk,High,434.0
TRK-110,DRV-810,Biju Menon,Spice & Textile Freight (BharatBenz 1617R),2026-09-05T14:15:54.206321,12.80773,77.75847,69.3,29.46,93.5,457.17,Moderate,Clear,5.3,High Risk,High,472.9
TRK-110,DRV-810,Biju Menon,Spice & Textile Freight (BharatBenz 1617R),2026-09-05T14:19:54.206321,12.62066,77.88988,89.4,26.83,95.1,431.77,Low,Clear,10.5,In Transit,Low,291.0
TRK-110,DRV-810,Biju Menon,Spice & Textile Freight (BharatBenz 1617R),2026-09-05T14:23:54.206321,12.41763,77.99893,90.6,25.83,91.6,406.37,Low,Clear,15.8,In Transit,Low,271.8
TRK-110,DRV-810,Biju Menon,Spice & Textile Freight (BharatBenz 1617R),2026-09-05T14:27:54.206321,12.21459,78.10798,87.8,26.0,84.7,380.97,Low,Clear,21.1,In Transit,Low,261.1
TRK-110,DRV-810,Biju Menon,Spice & Textile Freight (BharatBenz 1617R),2026-09-05T14:31:54.206321,11.99727,78.15489,59.7,30.49,80.7,355.58,Moderate,Clear,26.3,High Risk,High,428.8
TRK-110,DRV-810,Biju Menon,Spice & Textile Freight (BharatBenz 1617R),2026-09-05T14:35:54.206321,11.76775,78.14876,61.9,35.05,76.1,330.18,High,Clear,31.6,High Risk,High,477.7
TRK-110,DRV-810,Biju Menon,Spice & Textile Freight (BharatBenz 1617R),2026-09-05T14:39:54.206321,11.58771,78.04442,68.7,29.69,71.3,304.78,Moderate,Clear,36.8,High Risk,High,322.4
TRK-110,DRV-810,Biju Menon,Spice & Textile Freight (BharatBenz 1617R),2026-09-05T14:43:54.206321,11.44826,77.85947,79.7,24.4,70.9,279.38,Low,Clear,42.1,In Transit,Low,212.6
TRK-110,DRV-810,Biju Menon,Spice & Textile Freight (BharatBenz 1617R),2026-09-05T14:47:54.206321,11.31288,77.67171,69.9,25.74,65.4,253.98,Low,Clear,47.4,In Transit,Low,216.7
TRK-110,DRV-810,Biju Menon,Spice & Textile Freight (BharatBenz 1617R),2026-09-05T14:51:54.206321,11.19102,77.47459,72.6,27.19,64.0,228.58,Moderate,Clear,52.6,High Risk,High,229.4
TRK-110,DRV-810,Biju Menon,Spice & Textile Freight (BharatBenz 1617R),2026-09-05T14:55:54.206321,11.09114,77.26815,88.0,26.18,59.2,203.19,Low,Clear,57.9,In Transit,Low,139.4
TRK-110,DRV-810,Biju Menon,Spice & Textile Freight (BharatBenz 1617R),2026-09-05T14:59:54.206321,11.03736,77.04217,37.8,35.11,50.1,177.79,Severe,Clear,63.2,Delayed,High,564.2
TRK-110,DRV-810,Biju Menon,Spice & Textile Freight (BharatBenz 1617R),2026-09-05T15:03:54.206321,10.93001,76.84227,61.8,33.08,47.4,152.39,High,Clear,68.4,High Risk,High,221.3
TRK-110,DRV-810,Biju Menon,Spice & Textile Freight (BharatBenz 1617R),2026-09-05T15:07:54.206321,10.78953,76.6585,60.3,32.53,43.2,126.99,High,Clear,73.7,High Risk,High,193.2
TRK-110,DRV-810,Biju Menon,Spice & Textile Freight (BharatBenz 1617R),2026-09-05T15:11:54.206321,10.67169,76.45931,55.9,29.78,40.9,101.59,High,Clear,78.9,High Risk,High,165.5
TRK-110,DRV-810,Biju Menon,Spice & Textile Freight (BharatBenz 1617R),2026-09-05T15:15:54.206321,10.55431,76.2598,45.8,37.46,35.7,76.19,Severe,Clear,84.2,High Risk,High,194.5
TRK-110,DRV-810,Biju Menon,Spice & Textile Freight (BharatBenz 1617R),2026-09-05T15:19:54.206321,10.35884,76.26953,58.4,27.52,31.5,50.8,Moderate,Clear,89.5,In Transit,Moderate,63.5
TRK-110,DRV-810,Biju Menon,Spice & Textile Freight (BharatBenz 1617R),2026-09-05T15:23:54.206321,10.14036,76.3409,84.7,28.82,27.2,25.4,Low,Clear,94.7,In Transit,Low,20.2
TRK-110,DRV-810,Biju Menon,Spice & Textile Freight (BharatBenz 1617R),2026-09-05T15:27:54.206321,9.9312,76.2673,79.0,26.12,26.6,0.0,Moderate,Clear,100.0,Arrived,Low,0.5
TRK-110,DRV-810,Biju Menon,Spice & Textile Freight (BharatBenz 1617R),2026-09-06T04:11:54.206321,12.9716,77.5946,75.7,29.29,99.3,482.57,Low,Heatwave,0.0,High Risk,High,532.5
TRK-110,DRV-810,Biju Menon,Spice & Textile Freight (BharatBenz 1617R),2026-09-06T04:15:54.206321,12.80773,77.75847,51.3,35.53,94.7,457.17,High,Heatwave,5.3,High Risk,High,1123.2
TRK-110,DRV-810,Biju Menon,Spice & Textile Freight (BharatBenz 1617R),2026-09-06T04:19:54.206321,12.62066,77.88988,68.2,27.35,92.5,431.77,Low,Heatwave,10.5,High Risk,High,532.0
TRK-110,DRV-810,Biju Menon,Spice & Textile Freight (BharatBenz 1617R),2026-09-06T04:23:54.206321,12.41763,77.99893,76.2,28.91,85.9,406.37,Low,Heatwave,15.8,High Risk,High,446.5
TRK-110,DRV-810,Biju Menon,Spice & Textile Freight (BharatBenz 1617R),2026-09-06T04:27:54.206321,12.21459,78.10798,83.2,27.03,84.3,380.97,Low,Heatwave,21.1,High Risk,High,389.4
TRK-110,DRV-810,Biju Menon,Spice & Textile Freight (BharatBenz 1617R),2026-09-06T04:31:54.206321,11.99727,78.15489,54.0,29.84,79.6,355.58,Moderate,Heatwave,26.3,High Risk,High,659.0
TRK-110,DRV-810,Biju Menon,Spice & Textile Freight (BharatBenz 1617R),2026-09-06T04:35:54.206321,11.76775,78.14876,72.4,28.62,77.5,330.18,Low,Heatwave,31.6,High Risk,High,383.8
TRK-110,DRV-810,Biju Menon,Spice & Textile Freight (BharatBenz 1617R),2026-09-06T04:39:54.206321,11.58771,78.04442,72.1,30.05,72.6,304.78,Low,Heatwave,36.8,High Risk,High,357.5
TRK-110,DRV-810,Biju Menon,Spice & Textile Freight (BharatBenz 1617R),2026-09-06T04:43:54.206321,11.44826,77.85947,62.2,28.44,71.7,279.38,Low,Heatwave,42.1,High Risk,High,373.5
TRK-110,DRV-810,Biju Menon,Spice & Textile Freight (BharatBenz 1617R),2026-09-06T04:47:54.206321,11.31288,77.67171,65.3,26.39,66.5,253.98,Low,Heatwave,47.4,High Risk,High,330.6
TRK-110,DRV-810,Biju Menon,Spice & Textile Freight (BharatBenz 1617R),2026-09-06T04:51:54.206321,11.19102,77.47459,72.5,27.92,62.4,228.58,Low,Heatwave,52.6,High Risk,High,258.8
TRK-110,DRV-810,Biju Menon,Spice & Textile Freight (BharatBenz 1617R),2026-09-06T04:55:54.206321,11.09114,77.26815,62.0,29.64,56.1,203.19,Low,Heatwave,57.9,High Risk,High,276.3
TRK-110,DRV-810,Biju Menon,Spice & Textile Freight (BharatBenz 1617R),2026-09-06T04:59:54.206321,11.03736,77.04217,68.0,32.23,51.4,177.79,Low,Heatwave,63.2,High Risk,High,218.2
TRK-110,DRV-810,Biju Menon,Spice & Textile Freight (BharatBenz 1617R),2026-09-06T05:03:54.206321,10.93001,76.84227,65.4,30.37,50.9,152.39,Low,Heatwave,68.4,High Risk,High,195.5
TRK-110,DRV-810,Biju Menon,Spice & Textile Freight (BharatBenz 1617R),2026-09-06T05:07:54.206321,10.78953,76.6585,68.3,32.12,45.6,126.99,Low,Heatwave,73.7,High Risk,High,155.6
TRK-110,DRV-810,Biju Menon,Spice & Textile Freight (BharatBenz 1617R),2026-09-06T05:11:54.206321,10.67169,76.45931,62.3,31.45,40.7,101.59,Moderate,Heatwave,78.9,High Risk,High,161.3
TRK-110,DRV-810,Biju Menon,Spice & Textile Freight (BharatBenz 1617R),2026-09-06T05:15:54.206321,10.55431,76.2598,66.9,31.65,33.3,76.19,Low,Heatwave,84.2,High Risk,High,98.2
TRK-110,DRV-810,Biju Menon,Spice & Textile Freight (BharatBenz 1617R),2026-09-06T05:19:54.206321,10.35884,76.26953,56.2,27.41,33.0,50.8,Low,Heatwave,89.5,High Risk,High,81.5
TRK-110,DRV-810,Biju Menon,Spice & Textile Freight (BharatBenz 1617R),2026-09-06T05:23:54.206321,10.14036,76.3409,79.9,27.53,25.1,25.4,Low,Heatwave,94.7,In Transit,Moderate,30.3
TRK-110,DRV-810,Biju Menon,Spice & Textile Freight (BharatBenz 1617R),2026-09-06T05:27:54.206321,9.9312,76.2673,48.6,31.67,24.5,0.0,High,Heatwave,100.0,In Transit,Moderate,0.5
TRK-110,DRV-810,Biju Menon,Spice & Textile Freight (BharatBenz 1617R),2026-09-06T18:11:54.206321,12.9716,77.5946,59.9,29.18,98.9,482.57,High,Clear,0.0,High Risk,High,717.2
TRK-110,DRV-810,Biju Menon,Spice & Textile Freight (BharatBenz 1617R),2026-09-06T18:15:54.206321,12.80773,77.75847,86.5,25.45,99.9,457.17,Low,Clear,5.3,In Transit,Low,312.4
TRK-110,DRV-810,Biju Menon,Spice & Textile Freight (BharatBenz 1617R),2026-09-06T18:19:54.206321,12.62066,77.88988,55.6,33.89,91.2,431.77,High,Clear,10.5,High Risk,High,696.0
TRK-110,DRV-810,Biju Menon,Spice & Textile Freight (BharatBenz 1617R),2026-09-06T18:23:54.206321,12.41763,77.99893,78.9,23.86,90.3,406.37,Low,Clear,15.8,In Transit,Low,312.3
TRK-110,DRV-810,Biju Menon,Spice & Textile Freight (BharatBenz 1617R),2026-09-06T18:27:54.206321,12.21459,78.10798,81.4,25.57,83.5,380.97,Low,Clear,21.1,In Transit,Low,275.4
TRK-110,DRV-810,Biju Menon,Spice & Textile Freight (BharatBenz 1617R),2026-09-06T18:31:54.206321,11.99727,78.15489,78.1,27.97,82.1,355.58,Moderate,Clear,26.3,High Risk,High,332.4
TRK-110,DRV-810,Biju Menon,Spice & Textile Freight (BharatBenz 1617R),2026-09-06T18:35:54.206321,11.76775,78.14876,66.1,27.8,73.4,330.18,High,Clear,31.6,High Risk,High,451.7
TRK-110,DRV-810,Biju Menon,Spice & Textile Freight (BharatBenz 1617R),2026-09-06T18:39:54.206321,11.58771,78.04442,80.2,26.28,71.2,304.78,Low,Clear,36.8,In Transit,Low,227.9
TRK-110,DRV-810,Biju Menon,Spice & Textile Freight (BharatBenz 1617R),2026-09-06T18:43:54.206321,11.44826,77.85947,57.9,31.53,66.0,279.38,High,Clear,42.1,High Risk,High,436.3
TRK-110,DRV-810,Biju Menon,Spice & Textile Freight (BharatBenz 1617R),2026-09-06T18:47:54.206321,11.31288,77.67171,63.6,28.14,69.8,253.98,Moderate,Clear,47.4,High Risk,High,283.1
TRK-110,DRV-810,Biju Menon,Spice & Textile Freight (BharatBenz 1617R),2026-09-06T18:51:54.206321,11.19102,77.47459,63.2,29.67,60.5,228.58,Moderate,Clear,52.6,High Risk,High,257.1
TRK-110,DRV-810,Biju Menon,Spice & Textile Freight (BharatBenz 1617R),2026-09-06T18:55:54.206321,11.09114,77.26815,85.3,25.22,60.0,203.19,Low,Clear,57.9,In Transit,Low,145.1
TRK-110,DRV-810,Biju Menon,Spice & Textile Freight (BharatBenz 1617R),2026-09-06T18:59:54.206321,11.03736,77.04217,91.0,26.72,53.2,177.79,Low,Clear,63.2,In Transit,Low,114.8
TRK-110,DRV-810,Biju Menon,Spice & Textile Freight (BharatBenz 1617R),2026-09-06T19:03:54.206321,10.93001,76.84227,81.6,28.71,47.6,152.39,Moderate,Clear,68.4,High Risk,High,138.7
TRK-110,DRV-810,Biju Menon,Spice & Textile Freight (BharatBenz 1617R),2026-09-06T19:07:54.206321,10.78953,76.6585,57.1,30.88,43.3,126.99,High,Clear,73.7,High Risk,High,196.0
TRK-110,DRV-810,Biju Menon,Spice & Textile Freight (BharatBenz 1617R),2026-09-06T19:11:54.206321,10.67169,76.45931,49.0,37.25,40.4,101.59,Severe,Clear,78.9,High Risk,High,249.7
TRK-110,DRV-810,Biju Menon,Spice & Textile Freight (BharatBenz 1617R),2026-09-06T19:15:54.206321,10.55431,76.2598,77.3,28.7,38.2,76.19,Moderate,Clear,84.2,In Transit,Low,68.0
TRK-110,DRV-810,Biju Menon,Spice & Textile Freight (BharatBenz 1617R),2026-09-06T19:19:54.206321,10.35884,76.26953,79.1,27.97,35.2,50.8,Low,Clear,89.5,In Transit,Low,42.1
TRK-110,DRV-810,Biju Menon,Spice & Textile Freight (BharatBenz 1617R),2026-09-06T19:23:54.206321,10.14036,76.3409,37.6,33.95,28.7,25.4,Severe,Clear,94.7,Delayed,High,86.4
TRK-110,DRV-810,Biju Menon,Spice & Textile Freight (BharatBenz 1617R),2026-09-06T19:27:54.206321,9.9312,76.2673,79.3,25.79,23.4,0.0,Low,Clear,100.0,Arrived,Low,0.5
TRK-110,DRV-810,Biju Menon,Spice & Textile Freight (BharatBenz 1617R),2026-09-07T08:11:54.206321,12.9716,77.5946,82.4,30.47,99.5,482.57,Low,Rain,0.0,High Risk,High,442.1
TRK-110,DRV-810,Biju Menon,Spice & Textile Freight (BharatBenz 1617R),2026-09-07T08:15:54.206321,12.80773,77.75847,60.7,32.85,95.9,457.17,Moderate,Rain,5.3,High Risk,High,673.1
TRK-110,DRV-810,Biju Menon,Spice & Textile Freight (BharatBenz 1617R),2026-09-07T08:19:54.206321,12.62066,77.88988,63.5,30.98,93.4,431.77,Moderate,Rain,10.5,High Risk,High,611.6
TRK-110,DRV-810,Biju Menon,Spice & Textile Freight (BharatBenz 1617R),2026-09-07T08:23:54.206321,12.41763,77.99893,47.2,45.3,89.1,406.37,Severe,Rain,15.8,High Risk,High,1294.7
TRK-110,DRV-810,Biju Menon,Spice & Textile Freight (BharatBenz 1617R),2026-09-07T08:27:54.206321,12.21459,78.10798,63.8,28.58,80.5,380.97,Moderate,Rain,21.1,High Risk,High,534.9
TRK-110,DRV-810,Biju Menon,Spice & Textile Freight (BharatBenz 1617R),2026-09-07T08:31:54.206321,11.99727,78.15489,83.1,29.43,79.7,355.58,Low,Rain,26.3,High Risk,High,318.3
TRK-110,DRV-810,Biju Menon,Spice & Textile Freight (BharatBenz 1617R),2026-09-07T08:35:54.206321,11.76775,78.14876,72.2,23.98,75.0,330.18,Low,Rain,31.6,High Risk,High,344.1
TRK-110,DRV-810,Biju Menon,Spice & Textile Freight (BharatBenz 1617R),2026-09-07T08:39:54.206321,11.58771,78.04442,63.5,24.33,67.6,304.78,Low,Rain,36.8,High Risk,High,358.3
TRK-110,DRV-810,Biju Menon,Spice & Textile Freight (BharatBenz 1617R),2026-09-07T08:43:54.206321,11.44826,77.85947,48.6,35.89,68.5,279.38,High,Rain,42.1,High Risk,High,648.0
TRK-110,DRV-810,Biju Menon,Spice & Textile Freight (BharatBenz 1617R),2026-09-07T08:47:54.206321,11.31288,77.67171,65.5,29.99,64.5,253.98,Moderate,Rain,47.4,High Risk,High,345.1
TRK-110,DRV-810,Biju Menon,Spice & Textile Freight (BharatBenz 1617R),2026-09-07T08:51:54.206321,11.19102,77.47459,69.6,31.72,61.4,228.58,Moderate,Rain,52.6,High Risk,High,294.5
TRK-110,DRV-810,Biju Menon,Spice & Textile Freight (BharatBenz 1617R),2026-09-07T08:55:54.206321,11.09114,77.26815,79.1,28.83,58.4,203.19,Low,Rain,57.9,High Risk,High,193.2
TRK-110,DRV-810,Biju Menon,Spice & Textile Freight (BharatBenz 1617R),2026-09-07T08:59:54.206321,11.03736,77.04217,66.7,30.66,49.0,177.79,Moderate,Rain,63.2,High Risk,High,239.4
TRK-110,DRV-810,Biju Menon,Spice & Textile Freight (BharatBenz 1617R),2026-09-07T09:03:54.206321,10.93001,76.84227,67.2,30.35,47.6,152.39,Moderate,Rain,68.4,High Risk,High,200.5
TRK-110,DRV-810,Biju Menon,Spice & Textile Freight (BharatBenz 1617R),2026-09-07T09:07:54.206321,10.78953,76.6585,69.3,32.37,43.0,126.99,Moderate,Rain,73.7,High Risk,High,165.9
TRK-110,DRV-810,Biju Menon,Spice & Textile Freight (BharatBenz 1617R),2026-09-07T09:11:54.206321,10.67169,76.45931,66.5,31.43,38.6,101.59,Moderate,Rain,78.9,High Risk,High,138.0
TRK-110,DRV-810,Biju Menon,Spice & Textile Freight (BharatBenz 1617R),2026-09-07T09:15:54.206321,10.55431,76.2598,71.3,29.26,37.2,76.19,Moderate,Rain,84.2,High Risk,High,95.4
TRK-110,DRV-810,Biju Menon,Spice & Textile Freight (BharatBenz 1617R),2026-09-07T09:19:54.206321,10.35884,76.26953,80.6,25.04,33.4,50.8,Low,Rain,89.5,In Transit,Low,46.1
TRK-110,DRV-810,Biju Menon,Spice & Textile Freight (BharatBenz 1617R),2026-09-07T09:23:54.206321,10.14036,76.3409,80.7,26.16,26.7,25.4,Low,Rain,94.7,In Transit,Low,28.2
TRK-110,DRV-810,Biju Menon,Spice & Textile Freight (BharatBenz 1617R),2026-09-07T09:27:54.206321,9.9312,76.2673,75.2,29.48,22.0,0.0,Low,Rain,100.0,Arrived,Low,0.5
TRK-110,DRV-810,Biju Menon,Spice & Textile Freight (BharatBenz 1617R),2026-09-07T22:11:54.206321,12.9716,77.5946,79.8,26.36,99.1,482.57,Moderate,Clear,0.0,High Risk,High,435.4
TRK-110,DRV-810,Biju Menon,Spice & Textile Freight (BharatBenz 1617R),2026-09-07T22:15:54.206321,12.80773,77.75847,68.8,28.63,95.5,457.17,Moderate,Clear,5.3,High Risk,High,476.5
TRK-110,DRV-810,Biju Menon,Spice & Textile Freight (BharatBenz 1617R),2026-09-07T22:19:54.206321,12.62066,77.88988,93.0,25.22,93.6,431.77,Low,Clear,10.5,In Transit,Low,283.0
TRK-110,DRV-810,Biju Menon,Spice & Textile Freight (BharatBenz 1617R),2026-09-07T22:23:54.206321,12.41763,77.99893,90.5,27.71,90.9,406.37,Low,Clear,15.8,In Transit,Low,265.7
TRK-110,DRV-810,Biju Menon,Spice & Textile Freight (BharatBenz 1617R),2026-09-07T22:27:54.206321,12.21459,78.10798,92.7,25.07,84.9,380.97,Low,Clear,21.1,In Transit,Low,246.4
TRK-110,DRV-810,Biju Menon,Spice & Textile Freight (BharatBenz 1617R),2026-09-07T22:31:54.206321,11.99727,78.15489,77.4,26.56,84.6,355.58,Low,Clear,26.3,In Transit,Low,283.2
TRK-110,DRV-810,Biju Menon,Spice & Textile Freight (BharatBenz 1617R),2026-09-07T22:35:54.206321,11.76775,78.14876,83.2,27.19,74.4,330.18,Low,Clear,31.6,In Transit,Low,238.3
TRK-110,DRV-810,Biju Menon,Spice & Textile Freight (BharatBenz 1617R),2026-09-07T22:39:54.206321,11.58771,78.04442,82.7,26.76,72.9,304.78,Low,Clear,36.8,In Transit,Low,222.5
TRK-110,DRV-810,Biju Menon,Spice & Textile Freight (BharatBenz 1617R),2026-09-07T22:43:54.206321,11.44826,77.85947,64.1,32.45,67.1,279.38,High,Clear,42.1,High Risk,High,392.2
TRK-110,DRV-810,Biju Menon,Spice & Textile Freight (BharatBenz 1617R),2026-09-07T22:47:54.206321,11.31288,77.67171,87.0,23.82,66.1,253.98,Low,Clear,47.4,In Transit,Low,176.2
TRK-110,DRV-810,Biju Menon,Spice & Textile Freight (BharatBenz 1617R),2026-09-07T22:51:54.206321,11.19102,77.47459,92.3,26.02,59.8,228.58,Low,Clear,52.6,In Transit,Low,145.2
TRK-110,DRV-810,Biju Menon,Spice & Textile Freight (BharatBenz 1617R),2026-09-07T22:55:54.206321,11.09114,77.26815,65.1,30.26,57.3,203.19,Moderate,Clear,57.9,High Risk,High,221.9
TRK-110,DRV-810,Biju Menon,Spice & Textile Freight (BharatBenz 1617R),2026-09-07T22:59:54.206321,11.03736,77.04217,53.9,27.04,49.4,177.79,Moderate,Clear,63.2,High Risk,High,230.6
TRK-110,DRV-810,Biju Menon,Spice & Textile Freight (BharatBenz 1617R),2026-09-07T23:03:54.206321,10.93001,76.84227,76.2,31.26,46.0,152.39,Moderate,Clear,68.4,In Transit,Moderate,141.6
TRK-110,DRV-810,Biju Menon,Spice & Textile Freight (BharatBenz 1617R),2026-09-07T23:07:54.206321,10.78953,76.6585,84.9,27.07,43.7,126.99,Low,Clear,73.7,In Transit,Low,90.7
TRK-110,DRV-810,Biju Menon,Spice & Textile Freight (BharatBenz 1617R),2026-09-07T23:11:54.206321,10.67169,76.45931,91.4,21.56,45.3,101.59,Low,Clear,78.9,In Transit,Low,63.8
TRK-110,DRV-810,Biju Menon,Spice & Textile Freight (BharatBenz 1617R),2026-09-07T23:15:54.206321,10.55431,76.2598,54.2,31.78,35.1,76.19,High,Clear,84.2,High Risk,High,123.5
TRK-110,DRV-810,Biju Menon,Spice & Textile Freight (BharatBenz 1617R),2026-09-07T23:19:54.206321,10.35884,76.26953,29.5,39.65,30.8,50.8,Severe,Clear,89.5,Delayed,High,201.8
TRK-110,DRV-810,Biju Menon,Spice & Textile Freight (BharatBenz 1617R),2026-09-07T23:23:54.206321,10.14036,76.3409,33.6,34.29,27.3,25.4,Severe,Clear,94.7,Delayed,High,95.3
TRK-110,DRV-810,Biju Menon,Spice & Textile Freight (BharatBenz 1617R),2026-09-07T23:27:54.206321,9.9312,76.2673,73.6,27.81,24.9,0.0,Moderate,Clear,100.0,Arrived,Low,2.3
TRK-110,DRV-810,Biju Menon,Spice & Textile Freight (BharatBenz 1617R),2026-09-08T12:11:54.206321,12.9716,77.5946,76.6,27.49,98.1,482.57,Low,Fog,0.0,High Risk,High,507.9
TRK-110,DRV-810,Biju Menon,Spice & Textile Freight (BharatBenz 1617R),2026-09-08T12:15:54.206321,12.80773,77.75847,64.6,33.72,95.6,457.17,Moderate,Fog,5.3,High Risk,High,683.5
TRK-110,DRV-810,Biju Menon,Spice & Textile Freight (BharatBenz 1617R),2026-09-08T12:19:54.206321,12.62066,77.88988,51.1,31.95,92.7,431.77,Moderate,Fog,10.5,High Risk,High,822.0
TRK-110,DRV-810,Biju Menon,Spice & Textile Freight (BharatBenz 1617R),2026-09-08T12:23:54.206321,12.41763,77.99893,71.0,27.01,88.0,406.37,Low,Fog,15.8,High Risk,High,464.8
TRK-110,DRV-810,Biju Menon,Spice & Textile Freight (BharatBenz 1617R),2026-09-08T12:27:54.206321,12.21459,78.10798,64.8,29.8,84.4,380.97,Moderate,Fog,21.1,High Risk,High,572.3
TRK-110,DRV-810,Biju Menon,Spice & Textile Freight (BharatBenz 1617R),2026-09-08T12:31:54.206321,11.99727,78.15489,59.8,30.12,76.6,355.58,Moderate,Fog,26.3,High Risk,High,581.1
TRK-110,DRV-810,Biju Menon,Spice & Textile Freight (BharatBenz 1617R),2026-09-08T12:35:54.206321,11.76775,78.14876,77.9,27.51,78.5,330.18,Low,Fog,31.6,High Risk,High,339.5
TRK-110,DRV-810,Biju Menon,Spice & Textile Freight (BharatBenz 1617R),2026-09-08T12:39:54.206321,11.58771,78.04442,67.6,30.45,72.3,304.78,Moderate,Fog,36.8,High Risk,High,432.7
TRK-110,DRV-810,Biju Menon,Spice & Textile Freight (BharatBenz 1617R),2026-09-08T12:43:54.206321,11.44826,77.85947,74.0,29.62,65.7,279.38,Low,Fog,42.1,High Risk,High,302.1
TRK-110,DRV-810,Biju Menon,Spice & Textile Freight (BharatBenz 1617R),2026-09-08T12:47:54.206321,11.31288,77.67171,73.9,29.25,64.3,253.98,Low,Fog,47.4,High Risk,High,279.7
TRK-110,DRV-810,Biju Menon,Spice & Textile Freight (BharatBenz 1617R),2026-09-08T12:51:54.206321,11.19102,77.47459,42.5,33.14,58.1,228.58,High,Fog,52.6,High Risk,High,650.9
TRK-110,DRV-810,Biju Menon,Spice & Textile Freight (BharatBenz 1617R),2026-09-08T12:55:54.206321,11.09114,77.26815,50.0,30.16,57.4,203.19,Moderate,Fog,57.9,High Risk,High,391.7
TRK-110,DRV-810,Biju Menon,Spice & Textile Freight (BharatBenz 1617R),2026-09-08T12:59:54.206321,11.03736,77.04217,57.8,35.47,55.7,177.79,High,Fog,63.2,High Risk,High,371.7
TRK-110,DRV-810,Biju Menon,Spice & Textile Freight (BharatBenz 1617R),2026-09-08T13:03:54.206321,10.93001,76.84227,58.5,32.41,49.5,152.39,Moderate,Fog,68.4,High Risk,High,248.1
TRK-110,DRV-810,Biju Menon,Spice & Textile Freight (BharatBenz 1617R),2026-09-08T13:07:54.206321,10.78953,76.6585,66.7,29.46,43.7,126.99,Low,Fog,73.7,High Risk,High,152.5
TRK-110,DRV-810,Biju Menon,Spice & Textile Freight (BharatBenz 1617R),2026-09-08T13:11:54.206321,10.67169,76.45931,77.0,28.79,38.2,101.59,Low,Fog,78.9,High Risk,High,108.6
TRK-110,DRV-810,Biju Menon,Spice & Textile Freight (BharatBenz 1617R),2026-09-08T13:15:54.206321,10.55431,76.2598,87.7,29.92,33.0,76.19,Low,Fog,84.2,In Transit,Moderate,68.6
TRK-110,DRV-810,Biju Menon,Spice & Textile Freight (BharatBenz 1617R),2026-09-08T13:19:54.206321,10.35884,76.26953,77.1,34.07,35.5,50.8,Low,Fog,89.5,In Transit,Moderate,55.4
TRK-110,DRV-810,Biju Menon,Spice & Textile Freight (BharatBenz 1617R),2026-09-08T13:23:54.206321,10.14036,76.3409,79.4,26.94,28.8,25.4,Low,Fog,94.7,In Transit,Low,24.2
TRK-110,DRV-810,Biju Menon,Spice & Textile Freight (BharatBenz 1617R),2026-09-08T13:27:54.206321,9.9312,76.2673,45.0,34.6,22.7,0.0,High,Fog,100.0,In Transit,Moderate,0.5
TRK-110,DRV-810,Biju Menon,Spice & Textile Freight (BharatBenz 1617R),2026-09-09T02:11:54.206321,12.9716,77.5946,96.2,27.29,100.5,482.57,Low,Clear,0.0,In Transit,Low,300.0
TRK-110,DRV-810,Biju Menon,Spice & Textile Freight (BharatBenz 1617R),2026-09-09T02:15:54.206321,12.80773,77.75847,42.0,41.29,93.6,457.17,Severe,Clear,5.3,High Risk,High,1311.5
TRK-110,DRV-810,Biju Menon,Spice & Textile Freight (BharatBenz 1617R),2026-09-09T02:19:54.206321,12.62066,77.88988,52.7,32.34,91.9,431.77,High,Clear,10.5,High Risk,High,733.3
TRK-110,DRV-810,Biju Menon,Spice & Textile Freight (BharatBenz 1617R),2026-09-09T02:23:54.206321,12.41763,77.99893,88.0,24.85,92.1,406.37,Low,Clear,15.8,In Transit,Low,273.7
TRK-110,DRV-810,Biju Menon,Spice & Textile Freight (BharatBenz 1617R),2026-09-09T02:27:54.206321,12.21459,78.10798,94.1,23.88,80.5,380.97,Low,Clear,21.1,In Transit,Low,248.5
TRK-110,DRV-810,Biju Menon,Spice & Textile Freight (BharatBenz 1617R),2026-09-09T02:31:54.206321,11.99727,78.15489,78.6,28.43,79.7,355.58,Moderate,Clear,26.3,High Risk,High,326.2
TRK-110,DRV-810,Biju Menon,Spice & Textile Freight (BharatBenz 1617R),2026-09-09T02:35:54.206321,11.76775,78.14876,80.0,29.05,78.0,330.18,Low,Clear,31.6,In Transit,Low,251.8
TRK-110,DRV-810,Biju Menon,Spice & Textile Freight (BharatBenz 1617R),2026-09-09T02:39:54.206321,11.58771,78.04442,87.2,22.87,72.9,304.78,Low,Clear,36.8,In Transit,Low,210.3
TRK-110,DRV-810,Biju Menon,Spice & Textile Freight (BharatBenz 1617R),2026-09-09T02:43:54.206321,11.44826,77.85947,88.5,26.71,69.6,279.38,Low,Clear,42.1,In Transit,Low,192.1
TRK-110,DRV-810,Biju Menon,Spice & Textile Freight (BharatBenz 1617R),2026-09-09T02:47:54.206321,11.31288,77.67171,80.7,25.47,64.6,253.98,Low,Clear,47.4,In Transit,Low,184.0
TRK-110,DRV-810,Biju Menon,Spice & Textile Freight (BharatBenz 1617R),2026-09-09T02:51:54.206321,11.19102,77.47459,84.0,26.59,63.1,228.58,Low,Clear,52.6,In Transit,Low,156.5
TRK-110,DRV-810,Biju Menon,Spice & Textile Freight (BharatBenz 1617R),2026-09-09T02:55:54.206321,11.09114,77.26815,57.1,28.39,59.0,203.19,High,Clear,57.9,High Risk,High,320.5
TRK-110,DRV-810,Biju Menon,Spice & Textile Freight (BharatBenz 1617R),2026-09-09T02:59:54.206321,11.03736,77.04217,45.4,40.76,49.6,177.79,Severe,Clear,63.2,High Risk,High,469.9
TRK-110,DRV-810,Biju Menon,Spice & Textile Freight (BharatBenz 1617R),2026-09-09T03:03:54.206321,10.93001,76.84227,76.2,29.6,47.7,152.39,Moderate,Clear,68.4,High Risk,High,145.9
TRK-110,DRV-810,Biju Menon,Spice & Textile Freight (BharatBenz 1617R),2026-09-09T03:07:54.206321,10.78953,76.6585,96.2,24.37,42.7,126.99,Low,Clear,73.7,In Transit,Low,80.3
TRK-110,DRV-810,Biju Menon,Spice & Textile Freight (BharatBenz 1617R),2026-09-09T03:11:54.206321,10.67169,76.45931,72.7,25.98,41.0,101.59,Moderate,Clear,78.9,In Transit,Low,92.4
TRK-110,DRV-810,Biju Menon,Spice & Textile Freight (BharatBenz 1617R),2026-09-09T03:15:54.206321,10.55431,76.2598,69.8,26.8,38.3,76.19,Moderate,Clear,84.2,In Transit,Moderate,82.0
TRK-110,DRV-810,Biju Menon,Spice & Textile Freight (BharatBenz 1617R),2026-09-09T03:19:54.206321,10.35884,76.26953,70.1,28.33,29.9,50.8,Moderate,Clear,89.5,In Transit,Low,51.1
TRK-110,DRV-810,Biju Menon,Spice & Textile Freight (BharatBenz 1617R),2026-09-09T03:23:54.206321,10.14036,76.3409,55.5,31.78,28.7,25.4,High,Clear,94.7,In Transit,Moderate,42.7
TRK-110,DRV-810,Biju Menon,Spice & Textile Freight (BharatBenz 1617R),2026-09-09T03:27:54.206321,9.9312,76.2673,53.4,30.21,25.4,0.0,High,Clear,100.0,In Transit,Moderate,0.5
TRK-110,DRV-810,Biju Menon,Spice & Textile Freight (BharatBenz 1617R),2026-09-09T16:11:54.206321,12.9716,77.5946,70.3,26.75,97.6,482.57,Moderate,Clear,0.0,High Risk,High,492.8
TRK-110,DRV-810,Biju Menon,Spice & Textile Freight (BharatBenz 1617R),2026-09-09T16:15:54.206321,12.80773,77.75847,63.5,28.33,93.9,457.17,Moderate,Clear,5.3,High Risk,High,519.7
TRK-110,DRV-810,Biju Menon,Spice & Textile Freight (BharatBenz 1617R),2026-09-09T16:19:54.206321,12.62066,77.88988,78.1,26.51,93.4,431.77,Low,Clear,10.5,In Transit,Low,324.8
TRK-110,DRV-810,Biju Menon,Spice & Textile Freight (BharatBenz 1617R),2026-09-09T16:23:54.206321,12.41763,77.99893,80.1,27.83,88.6,406.37,Moderate,Clear,15.8,High Risk,High,365.8
TRK-110,DRV-810,Biju Menon,Spice & Textile Freight (BharatBenz 1617R),2026-09-09T16:27:54.206321,12.21459,78.10798,53.6,33.42,82.9,380.97,High,Clear,21.1,High Risk,High,643.3
TRK-110,DRV-810,Biju Menon,Spice & Textile Freight (BharatBenz 1617R),2026-09-09T16:31:54.206321,11.99727,78.15489,70.9,26.6,80.4,355.58,Moderate,Clear,26.3,High Risk,High,359.2
TRK-110,DRV-810,Biju Menon,Spice & Textile Freight (BharatBenz 1617R),2026-09-09T16:35:54.206321,11.76775,78.14876,86.7,28.06,73.6,330.18,Low,Clear,31.6,In Transit,Low,231.9
TRK-110,DRV-810,Biju Menon,Spice & Textile Freight (BharatBenz 1617R),2026-09-09T16:39:54.206321,11.58771,78.04442,53.0,37.49,72.8,304.78,High,Clear,36.8,High Risk,High,518.5
TRK-110,DRV-810,Biju Menon,Spice & Textile Freight (BharatBenz 1617R),2026-09-09T16:43:54.206321,11.44826,77.85947,85.0,25.5,70.7,279.38,Low,Clear,42.1,In Transit,Low,192.1
TRK-110,DRV-810,Biju Menon,Spice & Textile Freight (BharatBenz 1617R),2026-09-09T16:47:54.206321,11.31288,77.67171,73.7,30.12,67.4,253.98,Moderate,Clear,47.4,High Risk,High,252.7
TRK-110,DRV-810,Biju Menon,Spice & Textile Freight (BharatBenz 1617R),2026-09-09T16:51:54.206321,11.19102,77.47459,92.4,25.06,60.9,228.58,Low,Clear,52.6,In Transit,Low,144.6
TRK-110,DRV-810,Biju Menon,Spice & Textile Freight (BharatBenz 1617R),2026-09-09T16:55:54.206321,11.09114,77.26815,73.5,26.51,58.8,203.19,Moderate,Clear,57.9,High Risk,High,199.9
TRK-110,DRV-810,Biju Menon,Spice & Textile Freight (BharatBenz 1617R),2026-09-09T16:59:54.206321,11.03736,77.04217,74.3,27.7,52.9,177.79,Moderate,Clear,63.2,High Risk,High,175.7
TRK-110,DRV-810,Biju Menon,Spice & Textile Freight (BharatBenz 1617R),2026-09-09T17:03:54.206321,10.93001,76.84227,65.0,29.03,47.1,152.39,Moderate,Clear,68.4,High Risk,High,169.9
TRK-110,DRV-810,Biju Menon,Spice & Textile Freight (BharatBenz 1617R),2026-09-09T17:07:54.206321,10.78953,76.6585,67.2,27.56,45.0,126.99,Moderate,Clear,73.7,In Transit,Moderate,133.2
TRK-110,DRV-810,Biju Menon,Spice & Textile Freight (BharatBenz 1617R),2026-09-09T17:11:54.206321,10.67169,76.45931,96.7,28.14,47.4,101.59,Low,Clear,78.9,In Transit,Low,65.8
TRK-110,DRV-810,Biju Menon,Spice & Textile Freight (BharatBenz 1617R),2026-09-09T17:15:54.206321,10.55431,76.2598,60.1,34.59,37.6,76.19,High,Clear,84.2,High Risk,High,114.5
TRK-110,DRV-810,Biju Menon,Spice & Textile Freight (BharatBenz 1617R),2026-09-09T17:19:54.206321,10.35884,76.26953,67.4,27.98,32.4,50.8,Moderate,Clear,89.5,In Transit,Moderate,61.6
TRK-110,DRV-810,Biju Menon,Spice & Textile Freight (BharatBenz 1617R),2026-09-09T17:23:54.206321,10.14036,76.3409,86.6,23.91,30.3,25.4,Low,Clear,94.7,In Transit,Low,10.7
TRK-110,DRV-810,Biju Menon,Spice & Textile Freight (BharatBenz 1617R),2026-09-09T17:27:54.206321,9.9312,76.2673,54.1,30.29,26.7,0.0,High,Clear,100.0,In Transit,Moderate,0.5
TRK-110,DRV-810,Biju Menon,Spice & Textile Freight (BharatBenz 1617R),2026-09-10T06:11:54.206321,12.9716,77.5946,42.8,39.84,97.3,482.57,Severe,Clear,0.0,High Risk,High,1353.7
TRK-110,DRV-810,Biju Menon,Spice & Textile Freight (BharatBenz 1617R),2026-09-10T06:15:54.206321,12.80773,77.75847,72.2,25.75,95.7,457.17,Moderate,Clear,5.3,High Risk,High,454.3
TRK-110,DRV-810,Biju Menon,Spice & Textile Freight (BharatBenz 1617R),2026-09-10T06:19:54.206321,12.62066,77.88988,78.6,25.79,96.0,431.77,Low,Clear,10.5,In Transit,Low,327.2
TRK-110,DRV-810,Biju Menon,Spice & Textile Freight (BharatBenz 1617R),2026-09-10T06:23:54.206321,12.41763,77.99893,83.8,25.46,88.6,406.37,Low,Clear,15.8,In Transit,Low,289.2
TRK-110,DRV-810,Biju Menon,Spice & Textile Freight (BharatBenz 1617R),2026-09-10T06:27:54.206321,12.21459,78.10798,84.1,28.0,82.9,380.97,Low,Clear,21.1,In Transit,Low,270.9
TRK-110,DRV-810,Biju Menon,Spice & Textile Freight (BharatBenz 1617R),2026-09-10T06:31:54.206321,11.99727,78.15489,36.0,36.59,81.2,355.58,Severe,Clear,26.3,Delayed,High,1187.1
TRK-110,DRV-810,Biju Menon,Spice & Textile Freight (BharatBenz 1617R),2026-09-10T06:35:54.206321,11.76775,78.14876,92.5,26.56,77.7,330.18,Low,Clear,31.6,In Transit,Low,215.0
TRK-110,DRV-810,Biju Menon,Spice & Textile Freight (BharatBenz 1617R),2026-09-10T06:39:54.206321,11.58771,78.04442,66.0,29.58,69.3,304.78,Moderate,Clear,36.8,High Risk,High,325.5
TRK-110,DRV-810,Biju Menon,Spice & Textile Freight (BharatBenz 1617R),2026-09-10T06:43:54.206321,11.44826,77.85947,86.4,25.28,67.3,279.38,Low,Clear,42.1,In Transit,Low,193.0
TRK-110,DRV-810,Biju Menon,Spice & Textile Freight (BharatBenz 1617R),2026-09-10T06:47:54.206321,11.31288,77.67171,91.5,24.42,64.4,253.98,Low,Clear,47.4,In Transit,Low,162.2
TRK-110,DRV-810,Biju Menon,Spice & Textile Freight (BharatBenz 1617R),2026-09-10T06:51:54.206321,11.19102,77.47459,42.9,38.98,65.2,228.58,Severe,Clear,52.6,High Risk,High,635.0
TRK-110,DRV-810,Biju Menon,Spice & Textile Freight (BharatBenz 1617R),2026-09-10T06:55:54.206321,11.09114,77.26815,69.5,26.85,53.6,203.19,Moderate,Clear,57.9,High Risk,High,209.8
TRK-110,DRV-810,Biju Menon,Spice & Textile Freight (BharatBenz 1617R),2026-09-10T06:59:54.206321,11.03736,77.04217,89.5,25.69,51.7,177.79,Low,Clear,63.2,In Transit,Low,119.5
TRK-110,DRV-810,Biju Menon,Spice & Textile Freight (BharatBenz 1617R),2026-09-10T07:03:54.206321,10.93001,76.84227,61.5,32.63,50.5,152.39,High,Clear,68.4,High Risk,High,221.9
TRK-110,DRV-810,Biju Menon,Spice & Textile Freight (BharatBenz 1617R),2026-09-10T07:07:54.206321,10.78953,76.6585,70.1,27.88,42.2,126.99,Moderate,Clear,73.7,High Risk,High,141.3
TRK-110,DRV-810,Biju Menon,Spice & Textile Freight (BharatBenz 1617R),2026-09-10T07:11:54.206321,10.67169,76.45931,81.7,25.61,41.2,101.59,Low,Clear,78.9,In Transit,Low,77.6
TRK-110,DRV-810,Biju Menon,Spice & Textile Freight (BharatBenz 1617R),2026-09-10T07:15:54.206321,10.55431,76.2598,53.5,34.87,38.6,76.19,High,Clear,84.2,High Risk,High,125.5
TRK-110,DRV-810,Biju Menon,Spice & Textile Freight (BharatBenz 1617R),2026-09-10T07:19:54.206321,10.35884,76.26953,78.8,24.93,31.0,50.8,Low,Clear,89.5,In Transit,Low,32.1
TRK-110,DRV-810,Biju Menon,Spice & Textile Freight (BharatBenz 1617R),2026-09-10T07:23:54.206321,10.14036,76.3409,68.1,26.58,29.2,25.4,Moderate,Clear,94.7,In Transit,Low,23.2
TRK-110,DRV-810,Biju Menon,Spice & Textile Freight (BharatBenz 1617R),2026-09-10T07:27:54.206321,9.9312,76.2673,79.4,25.94,25.3,0.0,Low,Clear,100.0,Arrived,Low,3.1
TRK-110,DRV-810,Biju Menon,Spice & Textile Freight (BharatBenz 1617R),2026-09-10T20:11:54.206321,12.9716,77.5946,61.7,29.16,100.7,482.57,Moderate,Fog,0.0,High Risk,High,765.7
TRK-110,DRV-810,Biju Menon,Spice & Textile Freight (BharatBenz 1617R),2026-09-10T20:15:54.206321,12.80773,77.75847,59.2,31.78,95.7,457.17,Moderate,Fog,5.3,High Risk,High,758.0
TRK-110,DRV-810,Biju Menon,Spice & Textile Freight (BharatBenz 1617R),2026-09-10T20:19:54.206321,12.62066,77.88988,56.2,35.91,94.0,431.77,High,Fog,10.5,High Risk,High,935.7
TRK-110,DRV-810,Biju Menon,Spice & Textile Freight (BharatBenz 1617R),2026-09-10T20:23:54.206321,12.41763,77.99893,86.7,30.68,86.6,406.37,Low,Fog,15.8,High Risk,High,381.3
TRK-110,DRV-810,Biju Menon,Spice & Textile Freight (BharatBenz 1617R),2026-09-10T20:27:54.206321,12.21459,78.10798,76.8,25.94,80.1,380.97,Low,Fog,21.1,High Risk,High,393.9
TRK-110,DRV-810,Biju Menon,Spice & Textile Freight (BharatBenz 1617R),2026-09-10T20:31:54.206321,11.99727,78.15489,68.9,28.98,78.8,355.58,Moderate,Fog,26.3,High Risk,High,505.9
TRK-110,DRV-810,Biju Menon,Spice & Textile Freight (BharatBenz 1617R),2026-09-10T20:35:54.206321,11.76775,78.14876,65.0,29.92,74.3,330.18,Moderate,Fog,31.6,High Risk,High,494.2
TRK-110,DRV-810,Biju Menon,Spice & Textile Freight (BharatBenz 1617R),2026-09-10T20:39:54.206321,11.58771,78.04442,80.2,27.52,72.3,304.78,Low,Fog,36.8,High Risk,High,312.1
TRK-110,DRV-810,Biju Menon,Spice & Textile Freight (BharatBenz 1617R),2026-09-10T20:43:54.206321,11.44826,77.85947,70.7,26.71,70.6,279.38,Low,Fog,42.1,High Risk,High,320.8
TRK-110,DRV-810,Biju Menon,Spice & Textile Freight (BharatBenz 1617R),2026-09-10T20:47:54.206321,11.31288,77.67171,52.6,36.65,61.7,253.98,High,Fog,47.4,High Risk,High,588.5
TRK-110,DRV-810,Biju Menon,Spice & Textile Freight (BharatBenz 1617R),2026-09-10T20:51:54.206321,11.19102,77.47459,80.1,29.21,59.8,228.58,Low,Fog,52.6,High Risk,High,231.8
TRK-110,DRV-810,Biju Menon,Spice & Textile Freight (BharatBenz 1617R),2026-09-10T20:55:54.206321,11.09114,77.26815,70.2,27.66,54.5,203.19,Low,Fog,57.9,High Risk,High,231.8
TRK-110,DRV-810,Biju Menon,Spice & Textile Freight (BharatBenz 1617R),2026-09-10T20:59:54.206321,11.03736,77.04217,68.2,31.15,52.0,177.79,Low,Fog,63.2,High Risk,High,216.5
TRK-110,DRV-810,Biju Menon,Spice & Textile Freight (BharatBenz 1617R),2026-09-10T21:03:54.206321,10.93001,76.84227,73.9,31.52,47.1,152.39,Low,Fog,68.4,High Risk,High,164.9
TRK-110,DRV-810,Biju Menon,Spice & Textile Freight (BharatBenz 1617R),2026-09-10T21:07:54.206321,10.78953,76.6585,72.9,29.29,47.6,126.99,Low,Fog,73.7,High Risk,High,142.2
TRK-110,DRV-810,Biju Menon,Spice & Textile Freight (BharatBenz 1617R),2026-09-10T21:11:54.206321,10.67169,76.45931,75.0,28.31,37.9,101.59,Low,Fog,78.9,In Transit,Moderate,106.2
TRK-110,DRV-810,Biju Menon,Spice & Textile Freight (BharatBenz 1617R),2026-09-10T21:15:54.206321,10.55431,76.2598,67.6,25.37,37.2,76.19,Low,Fog,84.2,In Transit,Moderate,88.9
TRK-110,DRV-810,Biju Menon,Spice & Textile Freight (BharatBenz 1617R),2026-09-10T21:19:54.206321,10.35884,76.26953,34.6,41.31,35.1,50.8,Severe,Fog,89.5,Delayed,High,227.3
TRK-110,DRV-810,Biju Menon,Spice & Textile Freight (BharatBenz 1617R),2026-09-10T21:23:54.206321,10.14036,76.3409,54.3,33.65,32.9,25.4,Moderate,Fog,94.7,In Transit,Moderate,51.4
TRK-110,DRV-810,Biju Menon,Spice & Textile Freight (BharatBenz 1617R),2026-09-10T21:27:54.206321,9.9312,76.2673,67.0,29.5,27.9,0.0,Low,Fog,100.0,Arrived,Low,0.5
TRK-110,DRV-810,Biju Menon,Spice & Textile Freight (BharatBenz 1617R),2026-09-11T10:11:54.206321,12.9716,77.5946,85.7,28.85,99.4,482.57,Low,Clear,0.0,In Transit,Low,341.5
TRK-110,DRV-810,Biju Menon,Spice & Textile Freight (BharatBenz 1617R),2026-09-11T10:15:54.206321,12.80773,77.75847,89.8,25.83,97.2,457.17,Low,Clear,5.3,In Transit,Low,301.5
TRK-110,DRV-810,Biju Menon,Spice & Textile Freight (BharatBenz 1617R),2026-09-11T10:19:54.206321,12.62066,77.88988,48.6,29.42,96.1,431.77,High,Clear,10.5,High Risk,High,803.1
TRK-110,DRV-810,Biju Menon,Spice & Textile Freight (BharatBenz 1617R),2026-09-11T10:23:54.206321,12.41763,77.99893,80.4,26.42,88.3,406.37,Low,Clear,15.8,In Transit,Low,297.1
TRK-110,DRV-810,Biju Menon,Spice & Textile Freight (BharatBenz 1617R),2026-09-11T10:27:54.206321,12.21459,78.10798,55.2,29.89,85.8,380.97,High,Clear,21.1,High Risk,High,618.1
TRK-110,DRV-810,Biju Menon,Spice & Textile Freight (BharatBenz 1617R),2026-09-11T10:31:54.206321,11.99727,78.15489,97.4,27.16,80.7,355.58,Low,Clear,26.3,In Transit,Low,216.6
TRK-110,DRV-810,Biju Menon,Spice & Textile Freight (BharatBenz 1617R),2026-09-11T10:35:54.206321,11.76775,78.14876,62.6,28.82,76.6,330.18,Moderate,Clear,31.6,High Risk,High,374.5
TRK-110,DRV-810,Biju Menon,Spice & Textile Freight (BharatBenz 1617R),2026-09-11T10:39:54.206321,11.58771,78.04442,85.3,27.9,72.7,304.78,Low,Clear,36.8,In Transit,Low,214.8
TRK-110,DRV-810,Biju Menon,Spice & Textile Freight (BharatBenz 1617R),2026-09-11T10:43:54.206321,11.44826,77.85947,91.2,26.59,71.9,279.38,Low,Clear,42.1,In Transit,Low,185.7
TRK-110,DRV-810,Biju Menon,Spice & Textile Freight (BharatBenz 1617R),2026-09-11T10:47:54.206321,11.31288,77.67171,62.4,31.61,62.5,253.98,High,Clear,47.4,High Risk,High,367.1
TRK-110,DRV-810,Biju Menon,Spice & Textile Freight (BharatBenz 1617R),2026-09-11T10:51:54.206321,11.19102,77.47459,68.3,27.65,58.3,228.58,Moderate,Clear,52.6,High Risk,High,245.9
TRK-110,DRV-810,Biju Menon,Spice & Textile Freight (BharatBenz 1617R),2026-09-11T10:55:54.206321,11.09114,77.26815,62.1,30.57,56.9,203.19,Moderate,Clear,57.9,High Risk,High,234.0
TRK-110,DRV-810,Biju Menon,Spice & Textile Freight (BharatBenz 1617R),2026-09-11T10:59:54.206321,11.03736,77.04217,57.7,30.08,50.5,177.79,High,Clear,63.2,High Risk,High,280.2
TRK-110,DRV-810,Biju Menon,Spice & Textile Freight (BharatBenz 1617R),2026-09-11T11:03:54.206321,10.93001,76.84227,82.9,24.3,46.5,152.39,Low,Clear,68.4,In Transit,Low,104.5
TRK-110,DRV-810,Biju Menon,Spice & Textile Freight (BharatBenz 1617R),2026-09-11T11:07:54.206321,10.78953,76.6585,75.0,28.72,45.6,126.99,Low,Clear,73.7,In Transit,Low,104.2
TRK-110,DRV-810,Biju Menon,Spice & Textile Freight (BharatBenz 1617R),2026-09-11T11:11:54.206321,10.67169,76.45931,75.1,26.53,41.5,101.59,Moderate,Clear,78.9,In Transit,Moderate,96.9
TRK-110,DRV-810,Biju Menon,Spice & Textile Freight (BharatBenz 1617R),2026-09-11T11:15:54.206321,10.55431,76.2598,79.8,29.62,37.7,76.19,Moderate,Clear,84.2,In Transit,Moderate,76.0
TRK-110,DRV-810,Biju Menon,Spice & Textile Freight (BharatBenz 1617R),2026-09-11T11:19:54.206321,10.35884,76.26953,74.3,28.26,34.7,50.8,Moderate,Clear,89.5,In Transit,Low,49.4
TRK-110,DRV-810,Biju Menon,Spice & Textile Freight (BharatBenz 1617R),2026-09-11T11:23:54.206321,10.14036,76.3409,52.7,32.64,28.6,25.4,High,Clear,94.7,In Transit,Moderate,41.4
TRK-110,DRV-810,Biju Menon,Spice & Textile Freight (BharatBenz 1617R),2026-09-11T11:27:54.206321,9.9312,76.2673,93.9,25.71,25.1,0.0,Low,Clear,100.0,Arrived,Low,0.5
TRK-110,DRV-810,Biju Menon,Spice & Textile Freight (BharatBenz 1617R),2026-09-12T00:11:54.206321,12.9716,77.5946,72.3,28.35,100.4,482.57,Low,Heatwave,0.0,High Risk,High,565.0
TRK-110,DRV-810,Biju Menon,Spice & Textile Freight (BharatBenz 1617R),2026-09-12T00:15:54.206321,12.80773,77.75847,76.0,29.03,96.1,457.17,Low,Heatwave,5.3,High Risk,High,504.5
TRK-110,DRV-810,Biju Menon,Spice & Textile Freight (BharatBenz 1617R),2026-09-12T00:19:54.206321,12.62066,77.88988,72.2,30.3,91.8,431.77,Low,Heatwave,10.5,High Risk,High,506.8
TRK-110,DRV-810,Biju Menon,Spice & Textile Freight (BharatBenz 1617R),2026-09-12T00:23:54.206321,12.41763,77.99893,58.6,29.85,84.3,406.37,Low,Heatwave,15.8,High Risk,High,589.9
TRK-110,DRV-810,Biju Menon,Spice & Textile Freight (BharatBenz 1617R),2026-09-12T00:27:54.206321,12.21459,78.10798,70.2,29.51,87.5,380.97,Low,Heatwave,21.1,High Risk,High,454.3
TRK-110,DRV-810,Biju Menon,Spice & Textile Freight (BharatBenz 1617R),2026-09-12T00:31:54.206321,11.99727,78.15489,51.4,34.36,80.2,355.58,High,Heatwave,26.3,High Risk,High,876.7
TRK-110,DRV-810,Biju Menon,Spice & Textile Freight (BharatBenz 1617R),2026-09-12T00:35:54.206321,11.76775,78.14876,42.7,36.1,75.2,330.18,High,Heatwave,31.6,High Risk,High,965.1
TRK-110,DRV-810,Biju Menon,Spice & Textile Freight (BharatBenz 1617R),2026-09-12T00:39:54.206321,11.58771,78.04442,84.1,27.94,73.2,304.78,Low,Heatwave,36.8,High Risk,High,307.1
TRK-110,DRV-810,Biju Menon,Spice & Textile Freight (BharatBenz 1617R),2026-09-12T00:43:54.206321,11.44826,77.85947,72.3,32.56,68.7,279.38,Low,Heatwave,42.1,High Risk,High,325.4
TRK-110,DRV-810,Biju Menon,Spice & Textile Freight (BharatBenz 1617R),2026-09-12T00:47:54.206321,11.31288,77.67171,71.3,30.52,60.6,253.98,Low,Heatwave,47.4,High Risk,High,299.4
TRK-110,DRV-810,Biju Menon,Spice & Textile Freight (BharatBenz 1617R),2026-09-12T00:51:54.206321,11.19102,77.47459,41.8,35.83,62.3,228.58,High,Heatwave,52.6,High Risk,High,687.1
TRK-110,DRV-810,Biju Menon,Spice & Textile Freight (BharatBenz 1617R),2026-09-12T00:55:54.206321,11.09114,77.26815,50.7,37.35,56.5,203.19,High,Heatwave,57.9,High Risk,High,509.2
TRK-110,DRV-810,Biju Menon,Spice & Textile Freight (BharatBenz 1617R),2026-09-12T00:59:54.206321,11.03736,77.04217,52.9,36.97,52.7,177.79,High,Heatwave,63.2,High Risk,High,428.3
TRK-110,DRV-810,Biju Menon,Spice & Textile Freight (BharatBenz 1617R),2026-09-12T01:03:54.206321,10.93001,76.84227,69.6,29.12,50.0,152.39,Low,Heatwave,68.4,High Risk,High,195.3
TRK-110,DRV-810,Biju Menon,Spice & Textile Freight (BharatBenz 1617R),2026-09-12T01:07:54.206321,10.78953,76.6585,79.0,31.28,43.9,126.99,Low,Heatwave,73.7,High Risk,High,135.9
TRK-110,DRV-810,Biju Menon,Spice & Textile Freight (BharatBenz 1617R),2026-09-12T01:11:54.206321,10.67169,76.45931,61.2,30.21,42.9,101.59,Moderate,Heatwave,78.9,High Risk,High,166.3
TRK-110,DRV-810,Biju Menon,Spice & Textile Freight (BharatBenz 1617R),2026-09-12T01:15:54.206321,10.55431,76.2598,75.8,30.77,37.0,76.19,Low,Heatwave,84.2,In Transit,Moderate,81.7
TRK-110,DRV-810,Biju Menon,Spice & Textile Freight (BharatBenz 1617R),2026-09-12T01:19:54.206321,10.35884,76.26953,48.2,33.91,28.8,50.8,High,Heatwave,89.5,High Risk,High,129.0
TRK-110,DRV-810,Biju Menon,Spice & Textile Freight (BharatBenz 1617R),2026-09-12T01:23:54.206321,10.14036,76.3409,32.1,38.39,29.2,25.4,Severe,Heatwave,94.7,Delayed,High,132.4
TRK-110,DRV-810,Biju Menon,Spice & Textile Freight (BharatBenz 1617R),2026-09-12T01:27:54.206321,9.9312,76.2673,64.6,32.69,21.6,0.0,Moderate,Heatwave,100.0,Arrived,Low,0.5
TRK-111,DRV-811,Mahendra Yadav,FMCG Distribution (Eicher Pro 3019),2026-09-01T10:11:54.206321,26.9124,75.7873,68.5,33.55,102.2,266.43,Moderate,Fog,0.0,High Risk,High,373.4
TRK-111,DRV-811,Mahendra Yadav,FMCG Distribution (Eicher Pro 3019),2026-09-01T10:15:54.206321,27.03075,75.83739,77.0,30.1,96.4,252.41,Low,Fog,5.3,High Risk,High,270.3
TRK-111,DRV-811,Mahendra Yadav,FMCG Distribution (Eicher Pro 3019),2026-09-01T10:19:54.206321,27.14909,75.88749,69.1,31.72,91.9,238.39,Low,Fog,10.5,High Risk,High,279.5
TRK-111,DRV-811,Mahendra Yadav,FMCG Distribution (Eicher Pro 3019),2026-09-01T10:23:54.206321,27.26744,75.93758,69.3,34.19,92.7,224.36,Moderate,Fog,15.8,High Risk,High,315.2
TRK-111,DRV-811,Mahendra Yadav,FMCG Distribution (Eicher Pro 3019),2026-09-01T10:27:54.206321,27.32048,76.05064,55.4,35.0,83.1,210.34,Moderate,Fog,21.1,High Risk,High,363.1
TRK-111,DRV-811,Mahendra Yadav,FMCG Distribution (Eicher Pro 3019),2026-09-01T10:31:54.206321,27.34983,76.18771,66.4,28.63,79.8,196.32,Low,Fog,26.3,High Risk,High,237.7
TRK-111,DRV-811,Mahendra Yadav,FMCG Distribution (Eicher Pro 3019),2026-09-01T10:35:54.206321,27.43014,76.29738,54.7,33.44,74.0,182.29,Moderate,Fog,31.6,High Risk,High,322.4
TRK-111,DRV-811,Mahendra Yadav,FMCG Distribution (Eicher Pro 3019),2026-09-01T10:39:54.206321,27.51044,76.40706,76.5,29.76,69.9,168.27,Low,Fog,36.8,High Risk,High,176.6
TRK-111,DRV-811,Mahendra Yadav,FMCG Distribution (Eicher Pro 3019),2026-09-01T10:43:54.206321,27.59075,76.51673,56.9,31.41,64.5,154.25,Moderate,Fog,42.1,High Risk,High,265.9
TRK-111,DRV-811,Mahendra Yadav,FMCG Distribution (Eicher Pro 3019),2026-09-01T10:47:54.206321,27.67946,76.61323,51.6,34.41,62.8,140.23,Moderate,Fog,47.4,High Risk,High,266.0
TRK-111,DRV-811,Mahendra Yadav,FMCG Distribution (Eicher Pro 3019),2026-09-01T10:51:54.206321,27.79803,76.66294,55.9,37.26,60.0,126.2,High,Fog,52.6,High Risk,High,274.3
TRK-111,DRV-811,Mahendra Yadav,FMCG Distribution (Eicher Pro 3019),2026-09-01T10:55:54.206321,27.9166,76.71266,45.2,35.28,56.6,112.18,High,Fog,57.9,High Risk,High,306.3
TRK-111,DRV-811,Mahendra Yadav,FMCG Distribution (Eicher Pro 3019),2026-09-01T10:59:54.206321,28.01688,76.69745,58.1,31.72,52.5,98.16,Moderate,Fog,63.2,High Risk,High,167.4
TRK-111,DRV-811,Mahendra Yadav,FMCG Distribution (Eicher Pro 3019),2026-09-01T11:03:54.206321,28.08821,76.59875,38.5,43.1,47.0,84.14,Severe,Fog,68.4,Delayed,High,353.0
TRK-111,DRV-811,Mahendra Yadav,FMCG Distribution (Eicher Pro 3019),2026-09-01T11:07:54.206321,28.15898,76.71709,87.2,30.24,45.4,70.11,Low,Fog,73.7,In Transit,Moderate,61.7
TRK-111,DRV-811,Mahendra Yadav,FMCG Distribution (Eicher Pro 3019),2026-09-01T11:11:54.206321,28.23958,76.82531,48.6,35.78,45.7,56.09,High,Fog,78.9,High Risk,High,140.8
TRK-111,DRV-811,Mahendra Yadav,FMCG Distribution (Eicher Pro 3019),2026-09-01T11:15:54.206321,28.33791,76.91531,58.0,34.84,38.0,42.07,Moderate,Fog,84.2,High Risk,High,72.8
TRK-111,DRV-811,Mahendra Yadav,FMCG Distribution (Eicher Pro 3019),2026-09-01T11:19:54.206321,28.43624,77.00531,79.3,32.89,33.6,28.05,Low,Fog,89.5,In Transit,Low,16.8
TRK-111,DRV-811,Mahendra Yadav,FMCG Distribution (Eicher Pro 3019),2026-09-01T11:23:54.206321,28.52634,77.10557,42.0,43.16,29.0,14.02,Severe,Fog,94.7,High Risk,High,54.5
TRK-111,DRV-811,Mahendra Yadav,FMCG Distribution (Eicher Pro 3019),2026-09-01T11:27:54.206321,28.6139,77.209,30.9,42.99,23.0,0.0,Severe,Fog,100.0,Arrived,Low,0.6
TRK-111,DRV-811,Mahendra Yadav,FMCG Distribution (Eicher Pro 3019),2026-09-02T00:11:54.206321,26.9124,75.7873,65.0,27.98,101.2,266.43,Moderate,Clear,0.0,High Risk,High,296.2
TRK-111,DRV-811,Mahendra Yadav,FMCG Distribution (Eicher Pro 3019),2026-09-02T00:15:54.206321,27.03075,75.83739,47.3,37.48,97.4,252.41,Severe,Clear,5.3,High Risk,High,641.8
TRK-111,DRV-811,Mahendra Yadav,FMCG Distribution (Eicher Pro 3019),2026-09-02T00:19:54.206321,27.14909,75.88749,51.8,36.56,92.6,238.39,High,Clear,10.5,High Risk,High,413.8
TRK-111,DRV-811,Mahendra Yadav,FMCG Distribution (Eicher Pro 3019),2026-09-02T00:23:54.206321,27.26744,75.93758,58.2,34.29,84.1,224.36,High,Clear,15.8,High Risk,High,349.8
TRK-111,DRV-811,Mahendra Yadav,FMCG Distribution (Eicher Pro 3019),2026-09-02T00:27:54.206321,27.32048,76.05064,92.2,27.52,83.9,210.34,Low,Clear,21.1,In Transit,Low,139.6
TRK-111,DRV-811,Mahendra Yadav,FMCG Distribution (Eicher Pro 3019),2026-09-02T00:31:54.206321,27.34983,76.18771,72.0,29.54,79.2,196.32,Moderate,Clear,26.3,High Risk,High,192.7
TRK-111,DRV-811,Mahendra Yadav,FMCG Distribution (Eicher Pro 3019),2026-09-02T00:35:54.206321,27.43014,76.29738,72.4,30.23,78.3,182.29,Moderate,Clear,31.6,High Risk,High,187.7
TRK-111,DRV-811,Mahendra Yadav,FMCG Distribution (Eicher Pro 3019),2026-09-02T00:39:54.206321,27.51044,76.40706,52.7,32.1,72.4,168.27,High,Clear,36.8,High Risk,High,284.7
TRK-111,DRV-811,Mahendra Yadav,FMCG Distribution (Eicher Pro 3019),2026-09-02T00:43:54.206321,27.59075,76.51673,63.6,31.68,69.9,154.25,Moderate,Clear,42.1,High Risk,High,178.9
TRK-111,DRV-811,Mahendra Yadav,FMCG Distribution (Eicher Pro 3019),2026-09-02T00:47:54.206321,27.67946,76.61323,80.5,27.57,64.4,140.23,Low,Clear,47.4,In Transit,Low,108.9
TRK-111,DRV-811,Mahendra Yadav,FMCG Distribution (Eicher Pro 3019),2026-09-02T00:51:54.206321,27.79803,76.66294,36.6,39.69,58.9,126.2,Severe,Clear,52.6,Delayed,High,413.5
TRK-111,DRV-811,Mahendra Yadav,FMCG Distribution (Eicher Pro 3019),2026-09-02T00:55:54.206321,27.9166,76.71266,70.8,29.47,54.3,112.18,Moderate,Clear,57.9,In Transit,Moderate,115.4
TRK-111,DRV-811,Mahendra Yadav,FMCG Distribution (Eicher Pro 3019),2026-09-02T00:59:54.206321,28.01688,76.69745,46.7,32.01,52.6,98.16,High,Clear,63.2,High Risk,High,184.2
TRK-111,DRV-811,Mahendra Yadav,FMCG Distribution (Eicher Pro 3019),2026-09-02T01:03:54.206321,28.08821,76.59875,81.2,25.83,47.9,84.14,Moderate,Clear,68.4,In Transit,Moderate,75.9
TRK-111,DRV-811,Mahendra Yadav,FMCG Distribution (Eicher Pro 3019),2026-09-02T01:07:54.206321,28.15898,76.71709,54.4,34.9,46.4,70.11,High,Clear,73.7,High Risk,High,117.7
TRK-111,DRV-811,Mahendra Yadav,FMCG Distribution (Eicher Pro 3019),2026-09-02T01:11:54.206321,28.23958,76.82531,86.0,27.18,41.5,56.09,Low,Clear,78.9,In Transit,Low,39.1
TRK-111,DRV-811,Mahendra Yadav,FMCG Distribution (Eicher Pro 3019),2026-09-02T01:15:54.206321,28.33791,76.91531,81.2,31.03,36.2,42.07,Low,Clear,84.2,In Transit,Low,29.5
TRK-111,DRV-811,Mahendra Yadav,FMCG Distribution (Eicher Pro 3019),2026-09-02T01:19:54.206321,28.43624,77.00531,65.5,29.05,31.9,28.05,Moderate,Clear,89.5,In Transit,Low,35.2
TRK-111,DRV-811,Mahendra Yadav,FMCG Distribution (Eicher Pro 3019),2026-09-02T01:23:54.206321,28.52634,77.10557,52.2,32.89,30.0,14.02,High,Clear,94.7,In Transit,Moderate,21.1
TRK-111,DRV-811,Mahendra Yadav,FMCG Distribution (Eicher Pro 3019),2026-09-02T01:27:54.206321,28.6139,77.209,45.4,37.98,21.6,0.0,Severe,Clear,100.0,Arrived,Low,0.5
TRK-111,DRV-811,Mahendra Yadav,FMCG Distribution (Eicher Pro 3019),2026-09-02T14:11:54.206321,26.9124,75.7873,70.7,30.51,104.2,266.43,Moderate,Clear,0.0,High Risk,High,263.3
TRK-111,DRV-811,Mahendra Yadav,FMCG Distribution (Eicher Pro 3019),2026-09-02T14:15:54.206321,27.03075,75.83739,82.1,26.54,97.1,252.41,Low,Clear,5.3,In Transit,Low,187.6
TRK-111,DRV-811,Mahendra Yadav,FMCG Distribution (Eicher Pro 3019),2026-09-02T14:19:54.206321,27.14909,75.88749,80.6,26.08,93.2,238.39,Low,Clear,10.5,In Transit,Low,174.8
TRK-111,DRV-811,Mahendra Yadav,FMCG Distribution (Eicher Pro 3019),2026-09-02T14:23:54.206321,27.26744,75.93758,81.9,29.26,88.1,224.36,Moderate,Clear,15.8,High Risk,High,198.3
TRK-111,DRV-811,Mahendra Yadav,FMCG Distribution (Eicher Pro 3019),2026-09-02T14:27:54.206321,27.32048,76.05064,72.0,30.99,86.1,210.34,Moderate,Clear,21.1,High Risk,High,205.6
TRK-111,DRV-811,Mahendra Yadav,FMCG Distribution (Eicher Pro 3019),2026-09-02T14:31:54.206321,27.34983,76.18771,64.9,29.45,79.4,196.32,Moderate,Clear,26.3,High Risk,High,217.5
TRK-111,DRV-811,Mahendra Yadav,FMCG Distribution (Eicher Pro 3019),2026-09-02T14:35:54.206321,27.43014,76.29738,89.8,26.0,77.2,182.29,Low,Clear,31.6,In Transit,Low,119.8
TRK-111,DRV-811,Mahendra Yadav,FMCG Distribution (Eicher Pro 3019),2026-09-02T14:39:54.206321,27.51044,76.40706,98.8,30.38,70.0,168.27,Low,Clear,36.8,In Transit,Low,97.2
TRK-111,DRV-811,Mahendra Yadav,FMCG Distribution (Eicher Pro 3019),2026-09-02T14:43:54.206321,27.59075,76.51673,75.8,33.13,67.9,154.25,Moderate,Clear,42.1,In Transit,Moderate,142.4
TRK-111,DRV-811,Mahendra Yadav,FMCG Distribution (Eicher Pro 3019),2026-09-02T14:47:54.206321,27.67946,76.61323,89.3,26.38,65.3,140.23,Low,Clear,47.4,In Transit,Low,95.7
TRK-111,DRV-811,Mahendra Yadav,FMCG Distribution (Eicher Pro 3019),2026-09-02T14:51:54.206321,27.79803,76.66294,86.4,28.59,60.9,126.2,Low,Clear,52.6,In Transit,Low,85.8
TRK-111,DRV-811,Mahendra Yadav,FMCG Distribution (Eicher Pro 3019),2026-09-02T14:55:54.206321,27.9166,76.71266,84.5,28.56,57.2,112.18,Low,Clear,57.9,In Transit,Low,79.1
TRK-111,DRV-811,Mahendra Yadav,FMCG Distribution (Eicher Pro 3019),2026-09-02T14:59:54.206321,28.01688,76.69745,72.3,30.52,51.7,98.16,Moderate,Clear,63.2,In Transit,Moderate,95.8
TRK-111,DRV-811,Mahendra Yadav,FMCG Distribution (Eicher Pro 3019),2026-09-02T15:03:54.206321,28.08821,76.59875,78.3,28.33,49.0,84.14,Low,Clear,68.4,In Transit,Low,56.0
TRK-111,DRV-811,Mahendra Yadav,FMCG Distribution (Eicher Pro 3019),2026-09-02T15:07:54.206321,28.15898,76.71709,38.4,38.12,43.3,70.11,Severe,Clear,73.7,Delayed,High,220.7
TRK-111,DRV-811,Mahendra Yadav,FMCG Distribution (Eicher Pro 3019),2026-09-02T15:11:54.206321,28.23958,76.82531,93.9,26.82,43.0,56.09,Low,Clear,78.9,In Transit,Low,39.2
TRK-111,DRV-811,Mahendra Yadav,FMCG Distribution (Eicher Pro 3019),2026-09-02T15:15:54.206321,28.33791,76.91531,74.2,29.84,40.8,42.07,Moderate,Clear,84.2,In Transit,Low,43.5
TRK-111,DRV-811,Mahendra Yadav,FMCG Distribution (Eicher Pro 3019),2026-09-02T15:19:54.206321,28.43624,77.00531,62.6,31.96,31.5,28.05,High,Clear,89.5,In Transit,Moderate,43.6
TRK-111,DRV-811,Mahendra Yadav,FMCG Distribution (Eicher Pro 3019),2026-09-02T15:23:54.206321,28.52634,77.10557,88.2,25.33,28.9,14.02,Low,Clear,94.7,In Transit,Low,9.7
TRK-111,DRV-811,Mahendra Yadav,FMCG Distribution (Eicher Pro 3019),2026-09-02T15:27:54.206321,28.6139,77.209,92.9,27.8,26.0,0.0,Low,Clear,100.0,Arrived,Low,5.0
TRK-111,DRV-811,Mahendra Yadav,FMCG Distribution (Eicher Pro 3019),2026-09-03T04:11:54.206321,26.9124,75.7873,92.9,29.04,97.0,266.43,Low,Clear,0.0,In Transit,Low,170.0
TRK-111,DRV-811,Mahendra Yadav,FMCG Distribution (Eicher Pro 3019),2026-09-03T04:15:54.206321,27.03075,75.83739,62.5,30.26,95.5,252.41,Moderate,Clear,5.3,High Risk,High,292.9
TRK-111,DRV-811,Mahendra Yadav,FMCG Distribution (Eicher Pro 3019),2026-09-03T04:19:54.206321,27.14909,75.88749,83.2,29.43,90.0,238.39,Low,Clear,10.5,In Transit,Low,177.2
TRK-111,DRV-811,Mahendra Yadav,FMCG Distribution (Eicher Pro 3019),2026-09-03T04:23:54.206321,27.26744,75.93758,85.5,27.8,85.4,224.36,Low,Clear,15.8,In Transit,Low,160.0
TRK-111,DRV-811,Mahendra Yadav,FMCG Distribution (Eicher Pro 3019),2026-09-03T04:27:54.206321,27.32048,76.05064,89.7,26.54,87.7,210.34,Low,Clear,21.1,In Transit,Low,140.2
TRK-111,DRV-811,Mahendra Yadav,FMCG Distribution (Eicher Pro 3019),2026-09-03T04:31:54.206321,27.34983,76.18771,67.8,28.17,78.6,196.32,Moderate,Clear,26.3,High Risk,High,212.5
TRK-111,DRV-811,Mahendra Yadav,FMCG Distribution (Eicher Pro 3019),2026-09-03T04:35:54.206321,27.43014,76.29738,68.4,30.6,77.0,182.29,Moderate,Clear,31.6,High Risk,High,193.3
TRK-111,DRV-811,Mahendra Yadav,FMCG Distribution (Eicher Pro 3019),2026-09-03T04:39:54.206321,27.51044,76.40706,53.6,33.36,74.9,168.27,High,Clear,36.8,High Risk,High,287.0
TRK-111,DRV-811,Mahendra Yadav,FMCG Distribution (Eicher Pro 3019),2026-09-03T04:43:54.206321,27.59075,76.51673,87.3,28.16,67.0,154.25,Low,Clear,42.1,In Transit,Low,110.9
TRK-111,DRV-811,Mahendra Yadav,FMCG Distribution (Eicher Pro 3019),2026-09-03T04:47:54.206321,27.67946,76.61323,70.7,28.06,63.6,140.23,Moderate,Clear,47.4,High Risk,High,145.3
TRK-111,DRV-811,Mahendra Yadav,FMCG Distribution (Eicher Pro 3019),2026-09-03T04:51:54.206321,27.79803,76.66294,91.8,30.37,59.3,126.2,Low,Clear,52.6,In Transit,Low,84.2
TRK-111,DRV-811,Mahendra Yadav,FMCG Distribution (Eicher Pro 3019),2026-09-03T04:55:54.206321,27.9166,76.71266,78.4,26.16,56.5,112.18,Low,Clear,57.9,In Transit,Low,84.9
TRK-111,DRV-811,Mahendra Yadav,FMCG Distribution (Eicher Pro 3019),2026-09-03T04:59:54.206321,28.01688,76.69745,44.4,35.75,56.5,98.16,High,Clear,63.2,High Risk,High,195.5
TRK-111,DRV-811,Mahendra Yadav,FMCG Distribution (Eicher Pro 3019),2026-09-03T05:03:54.206321,28.08821,76.59875,64.5,32.51,43.3,84.14,Moderate,Clear,68.4,In Transit,Moderate,94.8
TRK-111,DRV-811,Mahendra Yadav,FMCG Distribution (Eicher Pro 3019),2026-09-03T05:07:54.206321,28.15898,76.71709,62.6,31.51,43.3,70.11,High,Clear,73.7,High Risk,High,99.8
TRK-111,DRV-811,Mahendra Yadav,FMCG Distribution (Eicher Pro 3019),2026-09-03T05:11:54.206321,28.23958,76.82531,70.5,31.8,40.2,56.09,Moderate,Clear,78.9,In Transit,Moderate,63.3
TRK-111,DRV-811,Mahendra Yadav,FMCG Distribution (Eicher Pro 3019),2026-09-03T05:15:54.206321,28.33791,76.91531,79.9,28.28,35.4,42.07,Moderate,Clear,84.2,In Transit,Low,39.0
TRK-111,DRV-811,Mahendra Yadav,FMCG Distribution (Eicher Pro 3019),2026-09-03T05:19:54.206321,28.43624,77.00531,88.4,32.53,28.1,28.05,Moderate,Clear,89.5,In Transit,Low,23.1
TRK-111,DRV-811,Mahendra Yadav,FMCG Distribution (Eicher Pro 3019),2026-09-03T05:23:54.206321,28.52634,77.10557,60.9,33.73,29.0,14.02,High,Clear,94.7,In Transit,Moderate,16.6
TRK-111,DRV-811,Mahendra Yadav,FMCG Distribution (Eicher Pro 3019),2026-09-03T05:27:54.206321,28.6139,77.209,92.5,30.68,22.8,0.0,Low,Clear,100.0,Arrived,Low,3.7
TRK-111,DRV-811,Mahendra Yadav,FMCG Distribution (Eicher Pro 3019),2026-09-03T18:11:54.206321,26.9124,75.7873,43.5,34.87,101.0,266.43,High,Rain,0.0,High Risk,High,687.5
TRK-111,DRV-811,Mahendra Yadav,FMCG Distribution (Eicher Pro 3019),2026-09-03T18:15:54.206321,27.03075,75.83739,38.6,40.93,96.8,252.41,Severe,Rain,5.3,Delayed,High,977.2
TRK-111,DRV-811,Mahendra Yadav,FMCG Distribution (Eicher Pro 3019),2026-09-03T18:19:54.206321,27.14909,75.88749,53.4,33.31,95.5,238.39,High,Rain,10.5,High Risk,High,501.2
TRK-111,DRV-811,Mahendra Yadav,FMCG Distribution (Eicher Pro 3019),2026-09-03T18:23:54.206321,27.26744,75.93758,41.3,44.4,87.6,224.36,Severe,Rain,15.8,High Risk,High,816.1
TRK-111,DRV-811,Mahendra Yadav,FMCG Distribution (Eicher Pro 3019),2026-09-03T18:27:54.206321,27.32048,76.05064,77.9,29.53,84.3,210.34,Low,Rain,21.1,High Risk,High,203.4
TRK-111,DRV-811,Mahendra Yadav,FMCG Distribution (Eicher Pro 3019),2026-09-03T18:31:54.206321,27.34983,76.18771,65.4,27.97,82.2,196.32,Moderate,Rain,26.3,High Risk,High,268.7
TRK-111,DRV-811,Mahendra Yadav,FMCG Distribution (Eicher Pro 3019),2026-09-03T18:35:54.206321,27.43014,76.29738,61.6,29.27,75.6,182.29,Moderate,Rain,31.6,High Risk,High,268.1
TRK-111,DRV-811,Mahendra Yadav,FMCG Distribution (Eicher Pro 3019),2026-09-03T18:39:54.206321,27.51044,76.40706,46.0,34.07,70.9,168.27,High,Rain,36.8,High Risk,High,409.5
TRK-111,DRV-811,Mahendra Yadav,FMCG Distribution (Eicher Pro 3019),2026-09-03T18:43:54.206321,27.59075,76.51673,75.8,29.05,67.5,154.25,Low,Rain,42.1,High Risk,High,150.8
TRK-111,DRV-811,Mahendra Yadav,FMCG Distribution (Eicher Pro 3019),2026-09-03T18:47:54.206321,27.67946,76.61323,71.1,29.51,65.2,140.23,Low,Rain,47.4,High Risk,High,152.8
TRK-111,DRV-811,Mahendra Yadav,FMCG Distribution (Eicher Pro 3019),2026-09-03T18:51:54.206321,27.79803,76.66294,69.4,29.36,62.4,126.2,Moderate,Rain,52.6,High Risk,High,170.6
TRK-111,DRV-811,Mahendra Yadav,FMCG Distribution (Eicher Pro 3019),2026-09-03T18:55:54.206321,27.9166,76.71266,39.0,43.16,57.7,112.18,Severe,Rain,57.9,Delayed,High,432.6
TRK-111,DRV-811,Mahendra Yadav,FMCG Distribution (Eicher Pro 3019),2026-09-03T18:59:54.206321,28.01688,76.69745,76.4,28.91,55.7,98.16,Low,Rain,63.2,In Transit,Moderate,99.1
TRK-111,DRV-811,Mahendra Yadav,FMCG Distribution (Eicher Pro 3019),2026-09-03T19:03:54.206321,28.08821,76.59875,51.9,33.22,51.6,84.14,Moderate,Rain,68.4,High Risk,High,145.4
TRK-111,DRV-811,Mahendra Yadav,FMCG Distribution (Eicher Pro 3019),2026-09-03T19:07:54.206321,28.15898,76.71709,74.8,29.94,46.1,70.11,Low,Rain,73.7,In Transit,Moderate,74.6
TRK-111,DRV-811,Mahendra Yadav,FMCG Distribution (Eicher Pro 3019),2026-09-03T19:11:54.206321,28.23958,76.82531,70.2,32.97,37.9,56.09,Moderate,Rain,78.9,High Risk,High,74.0
TRK-111,DRV-811,Mahendra Yadav,FMCG Distribution (Eicher Pro 3019),2026-09-03T19:15:54.206321,28.33791,76.91531,64.0,30.31,41.8,42.07,Moderate,Rain,84.2,In Transit,Moderate,61.7
TRK-111,DRV-811,Mahendra Yadav,FMCG Distribution (Eicher Pro 3019),2026-09-03T19:19:54.206321,28.43624,77.00531,84.5,29.46,30.9,28.05,Low,Rain,89.5,In Transit,Low,22.0
TRK-111,DRV-811,Mahendra Yadav,FMCG Distribution (Eicher Pro 3019),2026-09-03T19:23:54.206321,28.52634,77.10557,52.6,37.81,29.6,14.02,High,Rain,94.7,In Transit,Moderate,28.9
TRK-111,DRV-811,Mahendra Yadav,FMCG Distribution (Eicher Pro 3019),2026-09-03T19:27:54.206321,28.6139,77.209,67.2,29.08,26.7,0.0,Moderate,Rain,100.0,Arrived,Low,1.6
TRK-111,DRV-811,Mahendra Yadav,FMCG Distribution (Eicher Pro 3019),2026-09-04T08:11:54.206321,26.9124,75.7873,69.9,28.59,96.5,266.43,Low,Rain,0.0,High Risk,High,291.8
TRK-111,DRV-811,Mahendra Yadav,FMCG Distribution (Eicher Pro 3019),2026-09-04T08:15:54.206321,27.03075,75.83739,83.2,27.93,97.7,252.41,Low,Rain,5.3,High Risk,High,229.1
TRK-111,DRV-811,Mahendra Yadav,FMCG Distribution (Eicher Pro 3019),2026-09-04T08:19:54.206321,27.14909,75.88749,57.2,33.84,93.3,238.39,High,Rain,10.5,High Risk,High,462.3
TRK-111,DRV-811,Mahendra Yadav,FMCG Distribution (Eicher Pro 3019),2026-09-04T08:23:54.206321,27.26744,75.93758,48.4,35.62,89.5,224.36,High,Rain,15.8,High Risk,High,523.2
TRK-111,DRV-811,Mahendra Yadav,FMCG Distribution (Eicher Pro 3019),2026-09-04T08:27:54.206321,27.32048,76.05064,82.4,31.03,85.0,210.34,Low,Rain,21.1,High Risk,High,188.2
TRK-111,DRV-811,Mahendra Yadav,FMCG Distribution (Eicher Pro 3019),2026-09-04T08:31:54.206321,27.34983,76.18771,76.4,30.64,82.1,196.32,Low,Rain,26.3,High Risk,High,190.2
TRK-111,DRV-811,Mahendra Yadav,FMCG Distribution (Eicher Pro 3019),2026-09-04T08:35:54.206321,27.43014,76.29738,74.1,28.3,74.8,182.29,Low,Rain,31.6,High Risk,High,181.9
TRK-111,DRV-811,Mahendra Yadav,FMCG Distribution (Eicher Pro 3019),2026-09-04T08:39:54.206321,27.51044,76.40706,85.6,27.67,69.6,168.27,Low,Rain,36.8,High Risk,High,151.6
TRK-111,DRV-811,Mahendra Yadav,FMCG Distribution (Eicher Pro 3019),2026-09-04T08:43:54.206321,27.59075,76.51673,55.2,32.71,70.2,154.25,Moderate,Rain,42.1,High Risk,High,254.1
TRK-111,DRV-811,Mahendra Yadav,FMCG Distribution (Eicher Pro 3019),2026-09-04T08:47:54.206321,27.67946,76.61323,72.7,30.88,64.1,140.23,Low,Rain,47.4,High Risk,High,144.7
TRK-111,DRV-811,Mahendra Yadav,FMCG Distribution (Eicher Pro 3019),2026-09-04T08:51:54.206321,27.79803,76.66294,56.3,33.38,59.6,126.2,Moderate,Rain,52.6,High Risk,High,203.5
TRK-111,DRV-811,Mahendra Yadav,FMCG Distribution (Eicher Pro 3019),2026-09-04T08:55:54.206321,27.9166,76.71266,47.1,33.22,53.8,112.18,High,Rain,57.9,High Risk,High,272.2
TRK-111,DRV-811,Mahendra Yadav,FMCG Distribution (Eicher Pro 3019),2026-09-04T08:59:54.206321,28.01688,76.69745,60.6,29.87,53.1,98.16,Moderate,Rain,63.2,High Risk,High,150.3
TRK-111,DRV-811,Mahendra Yadav,FMCG Distribution (Eicher Pro 3019),2026-09-04T09:03:54.206321,28.08821,76.59875,59.3,30.54,47.1,84.14,Moderate,Rain,68.4,High Risk,High,118.1
TRK-111,DRV-811,Mahendra Yadav,FMCG Distribution (Eicher Pro 3019),2026-09-04T09:07:54.206321,28.15898,76.71709,56.8,27.43,44.9,70.11,Moderate,Rain,73.7,High Risk,High,114.2
TRK-111,DRV-811,Mahendra Yadav,FMCG Distribution (Eicher Pro 3019),2026-09-04T09:11:54.206321,28.23958,76.82531,56.7,34.88,36.7,56.09,Moderate,Rain,78.9,High Risk,High,91.6
TRK-111,DRV-811,Mahendra Yadav,FMCG Distribution (Eicher Pro 3019),2026-09-04T09:15:54.206321,28.33791,76.91531,77.6,34.63,37.2,42.07,Low,Rain,84.2,In Transit,Low,42.2
TRK-111,DRV-811,Mahendra Yadav,FMCG Distribution (Eicher Pro 3019),2026-09-04T09:19:54.206321,28.43624,77.00531,67.1,31.76,30.4,28.05,Low,Rain,89.5,In Transit,Low,33.7
TRK-111,DRV-811,Mahendra Yadav,FMCG Distribution (Eicher Pro 3019),2026-09-04T09:23:54.206321,28.52634,77.10557,53.7,35.45,28.6,14.02,High,Rain,94.7,In Transit,Moderate,28.0
TRK-111,DRV-811,Mahendra Yadav,FMCG Distribution (Eicher Pro 3019),2026-09-04T09:27:54.206321,28.6139,77.209,44.1,42.42,27.1,0.0,Severe,Rain,100.0,Arrived,Low,0.5
TRK-111,DRV-811,Mahendra Yadav,FMCG Distribution (Eicher Pro 3019),2026-09-04T22:11:54.206321,26.9124,75.7873,75.1,27.11,101.6,266.43,Low,Rain,0.0,High Risk,High,266.1
TRK-111,DRV-811,Mahendra Yadav,FMCG Distribution (Eicher Pro 3019),2026-09-04T22:15:54.206321,27.03075,75.83739,77.8,30.19,98.3,252.41,Low,Rain,5.3,High Risk,High,239.4
TRK-111,DRV-811,Mahendra Yadav,FMCG Distribution (Eicher Pro 3019),2026-09-04T22:19:54.206321,27.14909,75.88749,34.9,42.24,90.3,238.39,Severe,Rain,10.5,Delayed,High,1025.6
TRK-111,DRV-811,Mahendra Yadav,FMCG Distribution (Eicher Pro 3019),2026-09-04T22:23:54.206321,27.26744,75.93758,63.6,29.66,86.4,224.36,Low,Rain,15.8,High Risk,High,264.4
TRK-111,DRV-811,Mahendra Yadav,FMCG Distribution (Eicher Pro 3019),2026-09-04T22:27:54.206321,27.32048,76.05064,69.0,29.17,84.1,210.34,Low,Rain,21.1,High Risk,High,225.7
TRK-111,DRV-811,Mahendra Yadav,FMCG Distribution (Eicher Pro 3019),2026-09-04T22:31:54.206321,27.34983,76.18771,70.1,31.96,83.4,196.32,Moderate,Rain,26.3,High Risk,High,252.0
TRK-111,DRV-811,Mahendra Yadav,FMCG Distribution (Eicher Pro 3019),2026-09-04T22:35:54.206321,27.43014,76.29738,71.1,31.84,77.4,182.29,Low,Rain,31.6,High Risk,High,191.2
TRK-111,DRV-811,Mahendra Yadav,FMCG Distribution (Eicher Pro 3019),2026-09-04T22:39:54.206321,27.51044,76.40706,72.6,29.91,70.2,168.27,Low,Rain,36.8,High Risk,High,174.8
TRK-111,DRV-811,Mahendra Yadav,FMCG Distribution (Eicher Pro 3019),2026-09-04T22:43:54.206321,27.59075,76.51673,55.8,28.68,65.9,154.25,Moderate,Rain,42.1,High Risk,High,246.8
TRK-111,DRV-811,Mahendra Yadav,FMCG Distribution (Eicher Pro 3019),2026-09-04T22:47:54.206321,27.67946,76.61323,49.2,37.19,63.8,140.23,High,Rain,47.4,High Risk,High,321.5
TRK-111,DRV-811,Mahendra Yadav,FMCG Distribution (Eicher Pro 3019),2026-09-04T22:51:54.206321,27.79803,76.66294,62.6,31.51,61.9,126.2,Moderate,Rain,52.6,High Risk,High,179.3
TRK-111,DRV-811,Mahendra Yadav,FMCG Distribution (Eicher Pro 3019),2026-09-04T22:55:54.206321,27.9166,76.71266,73.2,28.31,54.5,112.18,Low,Rain,57.9,High Risk,High,118.4
TRK-111,DRV-811,Mahendra Yadav,FMCG Distribution (Eicher Pro 3019),2026-09-04T22:59:54.206321,28.01688,76.69745,85.7,26.78,52.8,98.16,Low,Rain,63.2,In Transit,Moderate,85.5
TRK-111,DRV-811,Mahendra Yadav,FMCG Distribution (Eicher Pro 3019),2026-09-04T23:03:54.206321,28.08821,76.59875,39.6,40.97,50.2,84.14,Severe,Rain,68.4,Delayed,High,318.3
TRK-111,DRV-811,Mahendra Yadav,FMCG Distribution (Eicher Pro 3019),2026-09-04T23:07:54.206321,28.15898,76.71709,81.7,26.96,42.8,70.11,Low,Rain,73.7,In Transit,Moderate,66.0
TRK-111,DRV-811,Mahendra Yadav,FMCG Distribution (Eicher Pro 3019),2026-09-04T23:11:54.206321,28.23958,76.82531,52.2,32.56,40.5,56.09,Moderate,Rain,78.9,High Risk,High,93.8
TRK-111,DRV-811,Mahendra Yadav,FMCG Distribution (Eicher Pro 3019),2026-09-04T23:15:54.206321,28.33791,76.91531,35.0,42.03,37.9,42.07,Severe,Rain,84.2,Delayed,High,180.2
TRK-111,DRV-811,Mahendra Yadav,FMCG Distribution (Eicher Pro 3019),2026-09-04T23:19:54.206321,28.43624,77.00531,48.0,33.2,30.9,28.05,Moderate,Rain,89.5,In Transit,Moderate,46.2
TRK-111,DRV-811,Mahendra Yadav,FMCG Distribution (Eicher Pro 3019),2026-09-04T23:23:54.206321,28.52634,77.10557,47.5,35.58,29.4,14.02,High,Rain,94.7,In Transit,Moderate,33.2
TRK-111,DRV-811,Mahendra Yadav,FMCG Distribution (Eicher Pro 3019),2026-09-04T23:27:54.206321,28.6139,77.209,75.4,28.85,21.0,0.0,Low,Rain,100.0,Arrived,Low,0.5
TRK-111,DRV-811,Mahendra Yadav,FMCG Distribution (Eicher Pro 3019),2026-09-05T12:11:54.206321,26.9124,75.7873,76.4,26.31,96.5,266.43,Low,Clear,0.0,In Transit,Low,211.1
TRK-111,DRV-811,Mahendra Yadav,FMCG Distribution (Eicher Pro 3019),2026-09-05T12:15:54.206321,27.03075,75.83739,65.7,34.71,89.4,252.41,High,Clear,5.3,High Risk,High,343.0
TRK-111,DRV-811,Mahendra Yadav,FMCG Distribution (Eicher Pro 3019),2026-09-05T12:19:54.206321,27.14909,75.88749,87.8,29.57,88.1,238.39,Low,Clear,10.5,In Transit,Low,161.0
TRK-111,DRV-811,Mahendra Yadav,FMCG Distribution (Eicher Pro 3019),2026-09-05T12:23:54.206321,27.26744,75.93758,65.3,28.22,91.0,224.36,Moderate,Clear,15.8,High Risk,High,249.4
TRK-111,DRV-811,Mahendra Yadav,FMCG Distribution (Eicher Pro 3019),2026-09-05T12:27:54.206321,27.32048,76.05064,65.0,28.98,84.5,210.34,Moderate,Clear,21.1,High Risk,High,232.6
TRK-111,DRV-811,Mahendra Yadav,FMCG Distribution (Eicher Pro 3019),2026-09-05T12:31:54.206321,27.34983,76.18771,76.4,28.12,80.6,196.32,Low,Clear,26.3,In Transit,Low,148.9
TRK-111,DRV-811,Mahendra Yadav,FMCG Distribution (Eicher Pro 3019),2026-09-05T12:35:54.206321,27.43014,76.29738,53.7,32.27,79.0,182.29,High,Clear,31.6,High Risk,High,307.9
TRK-111,DRV-811,Mahendra Yadav,FMCG Distribution (Eicher Pro 3019),2026-09-05T12:39:54.206321,27.51044,76.40706,79.1,32.16,75.9,168.27,Moderate,Clear,36.8,In Transit,Moderate,151.5
TRK-111,DRV-811,Mahendra Yadav,FMCG Distribution (Eicher Pro 3019),2026-09-05T12:43:54.206321,27.59075,76.51673,80.7,26.92,66.3,154.25,Low,Clear,42.1,In Transit,Low,116.6
TRK-111,DRV-811,Mahendra Yadav,FMCG Distribution (Eicher Pro 3019),2026-09-05T12:47:54.206321,27.67946,76.61323,74.9,28.59,65.2,140.23,Moderate,Clear,47.4,High Risk,High,139.5
TRK-111,DRV-811,Mahendra Yadav,FMCG Distribution (Eicher Pro 3019),2026-09-05T12:51:54.206321,27.79803,76.66294,42.1,43.12,61.2,126.2,Severe,Clear,52.6,High Risk,High,362.6
TRK-111,DRV-811,Mahendra Yadav,FMCG Distribution (Eicher Pro 3019),2026-09-05T12:55:54.206321,27.9166,76.71266,72.9,26.02,52.6,112.18,Moderate,Clear,57.9,In Transit,Moderate,109.9
TRK-111,DRV-811,Mahendra Yadav,FMCG Distribution (Eicher Pro 3019),2026-09-05T12:59:54.206321,28.01688,76.69745,92.2,27.28,51.3,98.16,Low,Clear,63.2,In Transit,Low,64.8
TRK-111,DRV-811,Mahendra Yadav,FMCG Distribution (Eicher Pro 3019),2026-09-05T13:03:54.206321,28.08821,76.59875,88.6,27.12,48.9,84.14,Low,Clear,68.4,In Transit,Low,46.2
TRK-111,DRV-811,Mahendra Yadav,FMCG Distribution (Eicher Pro 3019),2026-09-05T13:07:54.206321,28.15898,76.71709,38.5,39.99,42.8,70.11,Severe,Clear,73.7,Delayed,High,216.8
TRK-111,DRV-811,Mahendra Yadav,FMCG Distribution (Eicher Pro 3019),2026-09-05T13:11:54.206321,28.23958,76.82531,91.0,28.95,38.0,56.09,Low,Clear,78.9,In Transit,Low,36.7
TRK-111,DRV-811,Mahendra Yadav,FMCG Distribution (Eicher Pro 3019),2026-09-05T13:15:54.206321,28.33791,76.91531,68.4,29.33,35.3,42.07,Moderate,Clear,84.2,In Transit,Moderate,47.8
TRK-111,DRV-811,Mahendra Yadav,FMCG Distribution (Eicher Pro 3019),2026-09-05T13:19:54.206321,28.43624,77.00531,87.8,27.92,35.0,28.05,Low,Clear,89.5,In Transit,Low,14.8
TRK-111,DRV-811,Mahendra Yadav,FMCG Distribution (Eicher Pro 3019),2026-09-05T13:23:54.206321,28.52634,77.10557,90.2,25.65,31.3,14.02,Low,Clear,94.7,In Transit,Low,6.2
TRK-111,DRV-811,Mahendra Yadav,FMCG Distribution (Eicher Pro 3019),2026-09-05T13:27:54.206321,28.6139,77.209,83.1,27.02,25.1,0.0,Low,Clear,100.0,Arrived,Low,0.8
TRK-111,DRV-811,Mahendra Yadav,FMCG Distribution (Eicher Pro 3019),2026-09-06T02:11:54.206321,26.9124,75.7873,93.2,23.25,99.0,266.43,Low,Clear,0.0,In Transit,Low,171.5
TRK-111,DRV-811,Mahendra Yadav,FMCG Distribution (Eicher Pro 3019),2026-09-06T02:15:54.206321,27.03075,75.83739,54.4,32.79,92.4,252.41,High,Clear,5.3,High Risk,High,410.7
TRK-111,DRV-811,Mahendra Yadav,FMCG Distribution (Eicher Pro 3019),2026-09-06T02:19:54.206321,27.14909,75.88749,51.4,37.57,90.5,238.39,High,Clear,10.5,High Risk,High,425.7
TRK-111,DRV-811,Mahendra Yadav,FMCG Distribution (Eicher Pro 3019),2026-09-06T02:23:54.206321,27.26744,75.93758,86.4,30.07,84.2,224.36,Low,Clear,15.8,In Transit,Low,159.0
TRK-111,DRV-811,Mahendra Yadav,FMCG Distribution (Eicher Pro 3019),2026-09-06T02:27:54.206321,27.32048,76.05064,71.6,31.96,85.5,210.34,Low,Clear,21.1,In Transit,Low,177.7
TRK-111,DRV-811,Mahendra Yadav,FMCG Distribution (Eicher Pro 3019),2026-09-06T02:31:54.206321,27.34983,76.18771,72.1,25.23,78.6,196.32,Low,Clear,26.3,In Transit,Low,161.0
TRK-111,DRV-811,Mahendra Yadav,FMCG Distribution (Eicher Pro 3019),2026-09-06T02:35:54.206321,27.43014,76.29738,85.3,29.83,76.5,182.29,Low,Clear,31.6,In Transit,Low,120.2
TRK-111,DRV-811,Mahendra Yadav,FMCG Distribution (Eicher Pro 3019),2026-09-06T02:39:54.206321,27.51044,76.40706,77.9,26.14,68.1,168.27,Low,Clear,36.8,In Transit,Low,131.9
TRK-111,DRV-811,Mahendra Yadav,FMCG Distribution (Eicher Pro 3019),2026-09-06T02:43:54.206321,27.59075,76.51673,73.6,28.8,67.5,154.25,Moderate,Clear,42.1,In Transit,Moderate,148.1
TRK-111,DRV-811,Mahendra Yadav,FMCG Distribution (Eicher Pro 3019),2026-09-06T02:47:54.206321,27.67946,76.61323,88.4,27.55,65.5,140.23,Low,Clear,47.4,In Transit,Low,96.6
TRK-111,DRV-811,Mahendra Yadav,FMCG Distribution (Eicher Pro 3019),2026-09-06T02:51:54.206321,27.79803,76.66294,85.1,25.3,61.3,126.2,Low,Clear,52.6,In Transit,Low,84.9
TRK-111,DRV-811,Mahendra Yadav,FMCG Distribution (Eicher Pro 3019),2026-09-06T02:55:54.206321,27.9166,76.71266,42.4,40.47,58.7,112.18,Severe,Clear,57.9,High Risk,High,315.0
TRK-111,DRV-811,Mahendra Yadav,FMCG Distribution (Eicher Pro 3019),2026-09-06T02:59:54.206321,28.01688,76.69745,40.1,42.24,49.2,98.16,Severe,Clear,63.2,High Risk,High,297.6
TRK-111,DRV-811,Mahendra Yadav,FMCG Distribution (Eicher Pro 3019),2026-09-06T03:03:54.206321,28.08821,76.59875,96.0,29.74,47.1,84.14,Low,Clear,68.4,In Transit,Low,52.6
TRK-111,DRV-811,Mahendra Yadav,FMCG Distribution (Eicher Pro 3019),2026-09-06T03:07:54.206321,28.15898,76.71709,53.4,35.27,44.7,70.11,High,Clear,73.7,High Risk,High,114.3
TRK-111,DRV-811,Mahendra Yadav,FMCG Distribution (Eicher Pro 3019),2026-09-06T03:11:54.206321,28.23958,76.82531,77.0,32.74,39.5,56.09,Low,Clear,78.9,In Transit,Low,39.9
TRK-111,DRV-811,Mahendra Yadav,FMCG Distribution (Eicher Pro 3019),2026-09-06T03:15:54.206321,28.33791,76.91531,82.1,29.14,35.3,42.07,Low,Clear,84.2,In Transit,Low,28.1
TRK-111,DRV-811,Mahendra Yadav,FMCG Distribution (Eicher Pro 3019),2026-09-06T03:19:54.206321,28.43624,77.00531,77.6,27.84,34.0,28.05,Low,Clear,89.5,In Transit,Low,12.8
TRK-111,DRV-811,Mahendra Yadav,FMCG Distribution (Eicher Pro 3019),2026-09-06T03:23:54.206321,28.52634,77.10557,74.0,31.15,27.7,14.02,Moderate,Clear,94.7,In Transit,Low,10.5
TRK-111,DRV-811,Mahendra Yadav,FMCG Distribution (Eicher Pro 3019),2026-09-06T03:27:54.206321,28.6139,77.209,87.9,31.05,22.8,0.0,Low,Clear,100.0,Arrived,Low,0.5
TRK-111,DRV-811,Mahendra Yadav,FMCG Distribution (Eicher Pro 3019),2026-09-06T16:11:54.206321,26.9124,75.7873,89.8,28.32,94.1,266.43,Low,Clear,0.0,In Transit,Low,177.6
TRK-111,DRV-811,Mahendra Yadav,FMCG Distribution (Eicher Pro 3019),2026-09-06T16:15:54.206321,27.03075,75.83739,71.4,29.07,96.9,252.41,Moderate,Clear,5.3,High Risk,High,249.2
TRK-111,DRV-811,Mahendra Yadav,FMCG Distribution (Eicher Pro 3019),2026-09-06T16:19:54.206321,27.14909,75.88749,53.6,32.43,93.6,238.39,High,Clear,10.5,High Risk,High,402.1
TRK-111,DRV-811,Mahendra Yadav,FMCG Distribution (Eicher Pro 3019),2026-09-06T16:23:54.206321,27.26744,75.93758,85.5,28.95,89.5,224.36,Low,Clear,15.8,In Transit,Low,156.6
TRK-111,DRV-811,Mahendra Yadav,FMCG Distribution (Eicher Pro 3019),2026-09-06T16:27:54.206321,27.32048,76.05064,79.2,26.56,85.5,210.34,Low,Clear,21.1,In Transit,Low,160.8
TRK-111,DRV-811,Mahendra Yadav,FMCG Distribution (Eicher Pro 3019),2026-09-06T16:31:54.206321,27.34983,76.18771,91.0,25.94,77.0,196.32,Low,Clear,26.3,In Transit,Low,122.5
TRK-111,DRV-811,Mahendra Yadav,FMCG Distribution (Eicher Pro 3019),2026-09-06T16:35:54.206321,27.43014,76.29738,88.0,27.74,74.9,182.29,Low,Clear,31.6,In Transit,Low,125.3
TRK-111,DRV-811,Mahendra Yadav,FMCG Distribution (Eicher Pro 3019),2026-09-06T16:39:54.206321,27.51044,76.40706,68.6,32.01,72.2,168.27,Moderate,Clear,36.8,High Risk,High,181.2
TRK-111,DRV-811,Mahendra Yadav,FMCG Distribution (Eicher Pro 3019),2026-09-06T16:43:54.206321,27.59075,76.51673,78.9,30.87,67.1,154.25,Moderate,Clear,42.1,In Transit,Moderate,136.8
TRK-111,DRV-811,Mahendra Yadav,FMCG Distribution (Eicher Pro 3019),2026-09-06T16:47:54.206321,27.67946,76.61323,56.4,31.29,67.3,140.23,High,Clear,47.4,High Risk,High,219.5
TRK-111,DRV-811,Mahendra Yadav,FMCG Distribution (Eicher Pro 3019),2026-09-06T16:51:54.206321,27.79803,76.66294,83.3,26.82,58.7,126.2,Low,Clear,52.6,In Transit,Low,89.7
TRK-111,DRV-811,Mahendra Yadav,FMCG Distribution (Eicher Pro 3019),2026-09-06T16:55:54.206321,27.9166,76.71266,70.7,28.7,53.7,112.18,Moderate,Clear,57.9,In Transit,Moderate,110.6
TRK-111,DRV-811,Mahendra Yadav,FMCG Distribution (Eicher Pro 3019),2026-09-06T16:59:54.206321,28.01688,76.69745,58.6,31.88,51.3,98.16,High,Clear,63.2,High Risk,High,151.5
TRK-111,DRV-811,Mahendra Yadav,FMCG Distribution (Eicher Pro 3019),2026-09-06T17:03:54.206321,28.08821,76.59875,62.1,29.56,50.9,84.14,Moderate,Clear,68.4,In Transit,Moderate,92.3
TRK-111,DRV-811,Mahendra Yadav,FMCG Distribution (Eicher Pro 3019),2026-09-06T17:07:54.206321,28.15898,76.71709,69.0,30.71,43.6,70.11,Moderate,Clear,73.7,In Transit,Moderate,74.9
TRK-111,DRV-811,Mahendra Yadav,FMCG Distribution (Eicher Pro 3019),2026-09-06T17:11:54.206321,28.23958,76.82531,64.7,29.99,39.4,56.09,Moderate,Clear,78.9,In Transit,Moderate,67.3
TRK-111,DRV-811,Mahendra Yadav,FMCG Distribution (Eicher Pro 3019),2026-09-06T17:15:54.206321,28.33791,76.91531,55.9,35.56,35.6,42.07,High,Clear,84.2,High Risk,High,72.5
TRK-111,DRV-811,Mahendra Yadav,FMCG Distribution (Eicher Pro 3019),2026-09-06T17:19:54.206321,28.43624,77.00531,85.7,31.41,32.6,28.05,Low,Clear,89.5,In Transit,Low,17.6
TRK-111,DRV-811,Mahendra Yadav,FMCG Distribution (Eicher Pro 3019),2026-09-06T17:23:54.206321,28.52634,77.10557,62.6,37.84,27.7,14.02,High,Clear,94.7,In Transit,Moderate,15.4
TRK-111,DRV-811,Mahendra Yadav,FMCG Distribution (Eicher Pro 3019),2026-09-06T17:27:54.206321,28.6139,77.209,79.1,30.25,25.1,0.0,Low,Clear,100.0,Arrived,Low,0.5
TRK-111,DRV-811,Mahendra Yadav,FMCG Distribution (Eicher Pro 3019),2026-09-07T06:11:54.206321,26.9124,75.7873,81.3,28.41,100.7,266.43,Moderate,Clear,0.0,High Risk,High,236.7
TRK-111,DRV-811,Mahendra Yadav,FMCG Distribution (Eicher Pro 3019),2026-09-07T06:15:54.206321,27.03075,75.83739,64.3,33.85,95.4,252.41,Moderate,Clear,5.3,High Risk,High,281.3
TRK-111,DRV-811,Mahendra Yadav,FMCG Distribution (Eicher Pro 3019),2026-09-07T06:19:54.206321,27.14909,75.88749,69.1,29.99,89.8,238.39,Moderate,Clear,10.5,High Risk,High,251.2
TRK-111,DRV-811,Mahendra Yadav,FMCG Distribution (Eicher Pro 3019),2026-09-07T06:23:54.206321,27.26744,75.93758,68.5,27.7,87.2,224.36,Moderate,Clear,15.8,High Risk,High,233.3
TRK-111,DRV-811,Mahendra Yadav,FMCG Distribution (Eicher Pro 3019),2026-09-07T06:27:54.206321,27.32048,76.05064,100.5,25.77,82.7,210.34,Low,Clear,21.1,In Transit,Low,129.1
TRK-111,DRV-811,Mahendra Yadav,FMCG Distribution (Eicher Pro 3019),2026-09-07T06:31:54.206321,27.34983,76.18771,73.1,26.47,79.5,196.32,Low,Clear,26.3,In Transit,Low,162.8
TRK-111,DRV-811,Mahendra Yadav,FMCG Distribution (Eicher Pro 3019),2026-09-07T06:35:54.206321,27.43014,76.29738,95.9,30.52,76.9,182.29,Low,Clear,31.6,In Transit,Low,115.7
TRK-111,DRV-811,Mahendra Yadav,FMCG Distribution (Eicher Pro 3019),2026-09-07T06:39:54.206321,27.51044,76.40706,62.9,35.32,73.0,168.27,Moderate,Clear,36.8,High Risk,High,194.7
TRK-111,DRV-811,Mahendra Yadav,FMCG Distribution (Eicher Pro 3019),2026-09-07T06:43:54.206321,27.59075,76.51673,57.4,29.9,68.1,154.25,Moderate,Clear,42.1,High Risk,High,200.6
TRK-111,DRV-811,Mahendra Yadav,FMCG Distribution (Eicher Pro 3019),2026-09-07T06:47:54.206321,27.67946,76.61323,70.2,34.23,64.5,140.23,High,Clear,47.4,High Risk,High,173.3
TRK-111,DRV-811,Mahendra Yadav,FMCG Distribution (Eicher Pro 3019),2026-09-07T06:51:54.206321,27.79803,76.66294,75.0,27.33,62.8,126.2,Moderate,Clear,52.6,In Transit,Moderate,111.3
TRK-111,DRV-811,Mahendra Yadav,FMCG Distribution (Eicher Pro 3019),2026-09-07T06:55:54.206321,27.9166,76.71266,77.5,28.8,57.4,112.18,Low,Clear,57.9,In Transit,Low,89.2
TRK-111,DRV-811,Mahendra Yadav,FMCG Distribution (Eicher Pro 3019),2026-09-07T06:59:54.206321,28.01688,76.69745,71.9,28.52,50.5,98.16,Moderate,Clear,63.2,In Transit,Moderate,97.7
TRK-111,DRV-811,Mahendra Yadav,FMCG Distribution (Eicher Pro 3019),2026-09-07T07:03:54.206321,28.08821,76.59875,37.6,43.5,47.4,84.14,Severe,Clear,68.4,Delayed,High,267.5
TRK-111,DRV-811,Mahendra Yadav,FMCG Distribution (Eicher Pro 3019),2026-09-07T07:07:54.206321,28.15898,76.71709,86.2,28.3,45.1,70.11,Low,Clear,73.7,In Transit,Low,52.2
TRK-111,DRV-811,Mahendra Yadav,FMCG Distribution (Eicher Pro 3019),2026-09-07T07:11:54.206321,28.23958,76.82531,52.3,35.27,41.9,56.09,High,Clear,78.9,High Risk,High,99.3
TRK-111,DRV-811,Mahendra Yadav,FMCG Distribution (Eicher Pro 3019),2026-09-07T07:15:54.206321,28.33791,76.91531,76.0,32.67,36.7,42.07,Moderate,Clear,84.2,In Transit,Low,35.9
TRK-111,DRV-811,Mahendra Yadav,FMCG Distribution (Eicher Pro 3019),2026-09-07T07:19:54.206321,28.43624,77.00531,68.3,32.59,35.1,28.05,Moderate,Clear,89.5,In Transit,Low,32.7
TRK-111,DRV-811,Mahendra Yadav,FMCG Distribution (Eicher Pro 3019),2026-09-07T07:23:54.206321,28.52634,77.10557,78.9,26.44,26.6,14.02,Low,Clear,94.7,In Transit,Low,9.9
TRK-111,DRV-811,Mahendra Yadav,FMCG Distribution (Eicher Pro 3019),2026-09-07T07:27:54.206321,28.6139,77.209,82.1,28.15,26.4,0.0,Low,Clear,100.0,Arrived,Low,0.5
TRK-111,DRV-811,Mahendra Yadav,FMCG Distribution (Eicher Pro 3019),2026-09-07T20:11:54.206321,26.9124,75.7873,32.2,34.23,102.9,266.43,High,Rain,0.0,Delayed,High,934.9
TRK-111,DRV-811,Mahendra Yadav,FMCG Distribution (Eicher Pro 3019),2026-09-07T20:15:54.206321,27.03075,75.83739,36.1,44.93,98.1,252.41,Severe,Rain,5.3,Delayed,High,1052.8
TRK-111,DRV-811,Mahendra Yadav,FMCG Distribution (Eicher Pro 3019),2026-09-07T20:19:54.206321,27.14909,75.88749,46.1,36.23,91.8,238.39,High,Rain,10.5,High Risk,High,582.3
TRK-111,DRV-811,Mahendra Yadav,FMCG Distribution (Eicher Pro 3019),2026-09-07T20:23:54.206321,27.26744,75.93758,74.3,27.68,87.1,224.36,Low,Rain,15.8,High Risk,High,226.1
TRK-111,DRV-811,Mahendra Yadav,FMCG Distribution (Eicher Pro 3019),2026-09-07T20:27:54.206321,27.32048,76.05064,70.1,31.17,84.7,210.34,Low,Rain,21.1,High Risk,High,222.3
TRK-111,DRV-811,Mahendra Yadav,FMCG Distribution (Eicher Pro 3019),2026-09-07T20:31:54.206321,27.34983,76.18771,81.2,29.13,79.6,196.32,Low,Rain,26.3,High Risk,High,184.2
TRK-111,DRV-811,Mahendra Yadav,FMCG Distribution (Eicher Pro 3019),2026-09-07T20:35:54.206321,27.43014,76.29738,86.7,31.93,78.1,182.29,Low,Rain,31.6,High Risk,High,155.2
TRK-111,DRV-811,Mahendra Yadav,FMCG Distribution (Eicher Pro 3019),2026-09-07T20:39:54.206321,27.51044,76.40706,55.8,35.63,70.5,168.27,High,Rain,36.8,High Risk,High,332.5
TRK-111,DRV-811,Mahendra Yadav,FMCG Distribution (Eicher Pro 3019),2026-09-07T20:43:54.206321,27.59075,76.51673,65.7,36.01,69.9,154.25,High,Rain,42.1,High Risk,High,261.9
TRK-111,DRV-811,Mahendra Yadav,FMCG Distribution (Eicher Pro 3019),2026-09-07T20:47:54.206321,27.67946,76.61323,63.9,30.97,62.9,140.23,Moderate,Rain,47.4,High Risk,High,201.0
TRK-111,DRV-811,Mahendra Yadav,FMCG Distribution (Eicher Pro 3019),2026-09-07T20:51:54.206321,27.79803,76.66294,76.0,26.46,60.3,126.2,Low,Rain,52.6,In Transit,Moderate,121.3
TRK-111,DRV-811,Mahendra Yadav,FMCG Distribution (Eicher Pro 3019),2026-09-07T20:55:54.206321,27.9166,76.71266,72.0,29.73,60.4,112.18,Low,Rain,57.9,High Risk,High,118.6
TRK-111,DRV-811,Mahendra Yadav,FMCG Distribution (Eicher Pro 3019),2026-09-07T20:59:54.206321,28.01688,76.69745,85.7,29.33,52.8,98.16,Low,Rain,63.2,In Transit,Moderate,87.0
TRK-111,DRV-811,Mahendra Yadav,FMCG Distribution (Eicher Pro 3019),2026-09-07T21:03:54.206321,28.08821,76.59875,77.6,25.62,49.5,84.14,Low,Rain,68.4,In Transit,Moderate,79.3
TRK-111,DRV-811,Mahendra Yadav,FMCG Distribution (Eicher Pro 3019),2026-09-07T21:07:54.206321,28.15898,76.71709,54.6,36.55,48.7,70.11,High,Rain,73.7,High Risk,High,143.7
TRK-111,DRV-811,Mahendra Yadav,FMCG Distribution (Eicher Pro 3019),2026-09-07T21:11:54.206321,28.23958,76.82531,45.4,35.69,39.1,56.09,High,Rain,78.9,High Risk,High,142.6
TRK-111,DRV-811,Mahendra Yadav,FMCG Distribution (Eicher Pro 3019),2026-09-07T21:15:54.206321,28.33791,76.91531,47.6,34.97,36.9,42.07,High,Rain,84.2,High Risk,High,92.9
TRK-111,DRV-811,Mahendra Yadav,FMCG Distribution (Eicher Pro 3019),2026-09-07T21:19:54.206321,28.43624,77.00531,75.3,28.51,32.1,28.05,Low,Rain,89.5,In Transit,Low,30.4
TRK-111,DRV-811,Mahendra Yadav,FMCG Distribution (Eicher Pro 3019),2026-09-07T21:23:54.206321,28.52634,77.10557,85.3,29.85,30.6,14.02,Low,Rain,94.7,In Transit,Low,13.7
TRK-111,DRV-811,Mahendra Yadav,FMCG Distribution (Eicher Pro 3019),2026-09-07T21:27:54.206321,28.6139,77.209,51.4,35.19,24.4,0.0,High,Rain,100.0,In Transit,Moderate,10.3
TRK-111,DRV-811,Mahendra Yadav,FMCG Distribution (Eicher Pro 3019),2026-09-08T10:11:54.206321,26.9124,75.7873,80.2,27.61,101.4,266.43,Low,Clear,0.0,In Transit,Low,201.5
TRK-111,DRV-811,Mahendra Yadav,FMCG Distribution (Eicher Pro 3019),2026-09-08T10:15:54.206321,27.03075,75.83739,85.9,26.64,96.4,252.41,Low,Clear,5.3,In Transit,Low,175.9
TRK-111,DRV-811,Mahendra Yadav,FMCG Distribution (Eicher Pro 3019),2026-09-08T10:19:54.206321,27.14909,75.88749,57.1,34.14,91.7,238.39,High,Clear,10.5,High Risk,High,371.4
TRK-111,DRV-811,Mahendra Yadav,FMCG Distribution (Eicher Pro 3019),2026-09-08T10:23:54.206321,27.26744,75.93758,49.3,42.99,90.1,224.36,Severe,Clear,15.8,High Risk,High,547.3
TRK-111,DRV-811,Mahendra Yadav,FMCG Distribution (Eicher Pro 3019),2026-09-08T10:27:54.206321,27.32048,76.05064,95.7,24.26,82.7,210.34,Low,Clear,21.1,In Transit,Low,132.6
TRK-111,DRV-811,Mahendra Yadav,FMCG Distribution (Eicher Pro 3019),2026-09-08T10:31:54.206321,27.34983,76.18771,86.6,28.61,79.7,196.32,Low,Clear,26.3,In Transit,Low,135.5
TRK-111,DRV-811,Mahendra Yadav,FMCG Distribution (Eicher Pro 3019),2026-09-08T10:35:54.206321,27.43014,76.29738,53.7,32.95,78.0,182.29,High,Clear,31.6,High Risk,High,306.9
TRK-111,DRV-811,Mahendra Yadav,FMCG Distribution (Eicher Pro 3019),2026-09-08T10:39:54.206321,27.51044,76.40706,85.8,29.48,71.1,168.27,Low,Clear,36.8,In Transit,Low,114.8
TRK-111,DRV-811,Mahendra Yadav,FMCG Distribution (Eicher Pro 3019),2026-09-08T10:43:54.206321,27.59075,76.51673,54.9,32.5,69.0,154.25,High,Clear,42.1,High Risk,High,249.9
TRK-111,DRV-811,Mahendra Yadav,FMCG Distribution (Eicher Pro 3019),2026-09-08T10:47:54.206321,27.67946,76.61323,52.8,35.85,62.4,140.23,High,Clear,47.4,High Risk,High,244.6
TRK-111,DRV-811,Mahendra Yadav,FMCG Distribution (Eicher Pro 3019),2026-09-08T10:51:54.206321,27.79803,76.66294,79.2,27.54,62.3,126.2,Low,Clear,52.6,In Transit,Low,93.7
TRK-111,DRV-811,Mahendra Yadav,FMCG Distribution (Eicher Pro 3019),2026-09-08T10:55:54.206321,27.9166,76.71266,80.1,30.42,55.4,112.18,Moderate,Clear,57.9,In Transit,Moderate,99.7
TRK-111,DRV-811,Mahendra Yadav,FMCG Distribution (Eicher Pro 3019),2026-09-08T10:59:54.206321,28.01688,76.69745,62.1,33.21,48.8,98.16,Moderate,Clear,63.2,In Transit,Moderate,116.4
TRK-111,DRV-811,Mahendra Yadav,FMCG Distribution (Eicher Pro 3019),2026-09-08T11:03:54.206321,28.08821,76.59875,70.8,28.71,50.3,84.14,Moderate,Clear,68.4,In Transit,Moderate,81.3
TRK-111,DRV-811,Mahendra Yadav,FMCG Distribution (Eicher Pro 3019),2026-09-08T11:07:54.206321,28.15898,76.71709,41.6,36.58,43.8,70.11,Severe,Clear,73.7,High Risk,High,200.9
TRK-111,DRV-811,Mahendra Yadav,FMCG Distribution (Eicher Pro 3019),2026-09-08T11:11:54.206321,28.23958,76.82531,90.2,29.31,40.8,56.09,Low,Clear,78.9,In Transit,Low,37.3
TRK-111,DRV-811,Mahendra Yadav,FMCG Distribution (Eicher Pro 3019),2026-09-08T11:15:54.206321,28.33791,76.91531,75.5,29.52,41.1,42.07,Moderate,Clear,84.2,In Transit,Moderate,44.1
TRK-111,DRV-811,Mahendra Yadav,FMCG Distribution (Eicher Pro 3019),2026-09-08T11:19:54.206321,28.43624,77.00531,82.2,24.87,36.7,28.05,Low,Clear,89.5,In Transit,Low,22.4
TRK-111,DRV-811,Mahendra Yadav,FMCG Distribution (Eicher Pro 3019),2026-09-08T11:23:54.206321,28.52634,77.10557,96.7,27.63,29.4,14.02,Low,Clear,94.7,In Transit,Low,13.1
TRK-111,DRV-811,Mahendra Yadav,FMCG Distribution (Eicher Pro 3019),2026-09-08T11:27:54.206321,28.6139,77.209,69.7,26.25,27.7,0.0,Moderate,Clear,100.0,Arrived,Low,0.5
TRK-111,DRV-811,Mahendra Yadav,FMCG Distribution (Eicher Pro 3019),2026-09-09T00:11:54.206321,26.9124,75.7873,82.9,28.09,103.4,266.43,Low,Clear,0.0,In Transit,Moderate,203.0
TRK-111,DRV-811,Mahendra Yadav,FMCG Distribution (Eicher Pro 3019),2026-09-09T00:15:54.206321,27.03075,75.83739,87.3,26.52,94.6,252.41,Low,Clear,5.3,In Transit,Low,171.3
TRK-111,DRV-811,Mahendra Yadav,FMCG Distribution (Eicher Pro 3019),2026-09-09T00:19:54.206321,27.14909,75.88749,99.6,29.89,90.6,238.39,Low,Clear,10.5,In Transit,Low,144.2
TRK-111,DRV-811,Mahendra Yadav,FMCG Distribution (Eicher Pro 3019),2026-09-09T00:23:54.206321,27.26744,75.93758,53.7,33.49,87.5,224.36,High,Clear,15.8,High Risk,High,379.6
TRK-111,DRV-811,Mahendra Yadav,FMCG Distribution (Eicher Pro 3019),2026-09-09T00:27:54.206321,27.32048,76.05064,67.6,29.37,85.6,210.34,Moderate,Clear,21.1,High Risk,High,221.8
TRK-111,DRV-811,Mahendra Yadav,FMCG Distribution (Eicher Pro 3019),2026-09-09T00:31:54.206321,27.34983,76.18771,66.4,28.27,81.5,196.32,Moderate,Clear,26.3,High Risk,High,216.8
TRK-111,DRV-811,Mahendra Yadav,FMCG Distribution (Eicher Pro 3019),2026-09-09T00:35:54.206321,27.43014,76.29738,68.1,29.6,76.0,182.29,Moderate,Clear,31.6,High Risk,High,198.9
TRK-111,DRV-811,Mahendra Yadav,FMCG Distribution (Eicher Pro 3019),2026-09-09T00:39:54.206321,27.51044,76.40706,89.6,27.52,72.4,168.27,Low,Clear,36.8,In Transit,Low,105.7
TRK-111,DRV-811,Mahendra Yadav,FMCG Distribution (Eicher Pro 3019),2026-09-09T00:43:54.206321,27.59075,76.51673,65.3,29.84,68.3,154.25,Moderate,Clear,42.1,High Risk,High,176.8
TRK-111,DRV-811,Mahendra Yadav,FMCG Distribution (Eicher Pro 3019),2026-09-09T00:47:54.206321,27.67946,76.61323,82.8,29.37,64.3,140.23,Low,Clear,47.4,In Transit,Low,102.9
TRK-111,DRV-811,Mahendra Yadav,FMCG Distribution (Eicher Pro 3019),2026-09-09T00:51:54.206321,27.79803,76.66294,79.5,29.91,60.9,126.2,Low,Clear,52.6,In Transit,Low,98.5
TRK-111,DRV-811,Mahendra Yadav,FMCG Distribution (Eicher Pro 3019),2026-09-09T00:55:54.206321,27.9166,76.71266,73.3,30.45,56.6,112.18,Moderate,Clear,57.9,High Risk,High,117.0
TRK-111,DRV-811,Mahendra Yadav,FMCG Distribution (Eicher Pro 3019),2026-09-09T00:59:54.206321,28.01688,76.69745,71.6,28.35,55.4,98.16,Moderate,Clear,63.2,In Transit,Moderate,101.8
TRK-111,DRV-811,Mahendra Yadav,FMCG Distribution (Eicher Pro 3019),2026-09-09T01:03:54.206321,28.08821,76.59875,76.1,28.07,50.0,84.14,Low,Clear,68.4,In Transit,Low,70.5
TRK-111,DRV-811,Mahendra Yadav,FMCG Distribution (Eicher Pro 3019),2026-09-09T01:07:54.206321,28.15898,76.71709,45.8,44.01,43.9,70.11,Severe,Clear,73.7,High Risk,High,177.9
TRK-111,DRV-811,Mahendra Yadav,FMCG Distribution (Eicher Pro 3019),2026-09-09T01:11:54.206321,28.23958,76.82531,86.0,27.95,38.5,56.09,Low,Clear,78.9,In Transit,Low,37.6
TRK-111,DRV-811,Mahendra Yadav,FMCG Distribution (Eicher Pro 3019),2026-09-09T01:15:54.206321,28.33791,76.91531,77.8,27.94,38.2,42.07,Low,Clear,84.2,In Transit,Low,30.6
TRK-111,DRV-811,Mahendra Yadav,FMCG Distribution (Eicher Pro 3019),2026-09-09T01:19:54.206321,28.43624,77.00531,80.7,24.97,30.6,28.05,Low,Clear,89.5,In Transit,Low,24.5
TRK-111,DRV-811,Mahendra Yadav,FMCG Distribution (Eicher Pro 3019),2026-09-09T01:23:54.206321,28.52634,77.10557,85.5,27.39,27.8,14.02,Low,Clear,94.7,In Transit,Low,8.0
TRK-111,DRV-811,Mahendra Yadav,FMCG Distribution (Eicher Pro 3019),2026-09-09T01:27:54.206321,28.6139,77.209,62.8,28.71,25.6,0.0,Moderate,Clear,100.0,Arrived,Low,4.9
TRK-111,DRV-811,Mahendra Yadav,FMCG Distribution (Eicher Pro 3019),2026-09-09T14:11:54.206321,26.9124,75.7873,48.0,36.97,99.0,266.43,High,Fog,0.0,High Risk,High,674.7
TRK-111,DRV-811,Mahendra Yadav,FMCG Distribution (Eicher Pro 3019),2026-09-09T14:15:54.206321,27.03075,75.83739,54.5,37.54,99.5,252.41,High,Fog,5.3,High Risk,High,570.4
TRK-111,DRV-811,Mahendra Yadav,FMCG Distribution (Eicher Pro 3019),2026-09-09T14:19:54.206321,27.14909,75.88749,69.0,35.43,93.8,238.39,Moderate,Fog,10.5,High Risk,High,336.4
TRK-111,DRV-811,Mahendra Yadav,FMCG Distribution (Eicher Pro 3019),2026-09-09T14:23:54.206321,27.26744,75.93758,70.2,34.19,87.2,224.36,Low,Fog,15.8,High Risk,High,254.9
TRK-111,DRV-811,Mahendra Yadav,FMCG Distribution (Eicher Pro 3019),2026-09-09T14:27:54.206321,27.32048,76.05064,61.4,28.64,87.6,210.34,Moderate,Fog,21.1,High Risk,High,331.1
TRK-111,DRV-811,Mahendra Yadav,FMCG Distribution (Eicher Pro 3019),2026-09-09T14:31:54.206321,27.34983,76.18771,77.8,32.69,78.6,196.32,Low,Fog,26.3,High Risk,High,202.6
TRK-111,DRV-811,Mahendra Yadav,FMCG Distribution (Eicher Pro 3019),2026-09-09T14:35:54.206321,27.43014,76.29738,64.8,30.08,74.4,182.29,Low,Fog,31.6,High Risk,High,227.9
TRK-111,DRV-811,Mahendra Yadav,FMCG Distribution (Eicher Pro 3019),2026-09-09T14:39:54.206321,27.51044,76.40706,85.8,30.83,72.2,168.27,Low,Fog,36.8,High Risk,High,158.8
TRK-111,DRV-811,Mahendra Yadav,FMCG Distribution (Eicher Pro 3019),2026-09-09T14:43:54.206321,27.59075,76.51673,56.2,37.43,68.2,154.25,High,Fog,42.1,High Risk,High,341.3
TRK-111,DRV-811,Mahendra Yadav,FMCG Distribution (Eicher Pro 3019),2026-09-09T14:47:54.206321,27.67946,76.61323,40.0,44.27,67.7,140.23,Severe,Fog,47.4,High Risk,High,570.6
TRK-111,DRV-811,Mahendra Yadav,FMCG Distribution (Eicher Pro 3019),2026-09-09T14:51:54.206321,27.79803,76.66294,43.0,36.33,58.6,126.2,High,Fog,52.6,High Risk,High,356.7
TRK-111,DRV-811,Mahendra Yadav,FMCG Distribution (Eicher Pro 3019),2026-09-09T14:55:54.206321,27.9166,76.71266,57.9,30.35,54.6,112.18,Moderate,Fog,57.9,High Risk,High,185.4
TRK-111,DRV-811,Mahendra Yadav,FMCG Distribution (Eicher Pro 3019),2026-09-09T14:59:54.206321,28.01688,76.69745,51.0,34.88,51.7,98.16,High,Fog,63.2,High Risk,High,233.9
TRK-111,DRV-811,Mahendra Yadav,FMCG Distribution (Eicher Pro 3019),2026-09-09T15:03:54.206321,28.08821,76.59875,58.3,32.99,50.7,84.14,Moderate,Fog,68.4,High Risk,High,138.9
TRK-111,DRV-811,Mahendra Yadav,FMCG Distribution (Eicher Pro 3019),2026-09-09T15:07:54.206321,28.15898,76.71709,61.0,31.1,47.5,70.11,Low,Fog,73.7,In Transit,Moderate,90.4
TRK-111,DRV-811,Mahendra Yadav,FMCG Distribution (Eicher Pro 3019),2026-09-09T15:11:54.206321,28.23958,76.82531,57.8,33.92,43.3,56.09,Moderate,Fog,78.9,High Risk,High,95.4
TRK-111,DRV-811,Mahendra Yadav,FMCG Distribution (Eicher Pro 3019),2026-09-09T15:15:54.206321,28.33791,76.91531,34.0,42.73,38.1,42.07,Severe,Fog,84.2,Delayed,High,200.8
TRK-111,DRV-811,Mahendra Yadav,FMCG Distribution (Eicher Pro 3019),2026-09-09T15:19:54.206321,28.43624,77.00531,47.1,37.85,34.3,28.05,High,Fog,89.5,High Risk,High,75.0
TRK-111,DRV-811,Mahendra Yadav,FMCG Distribution (Eicher Pro 3019),2026-09-09T15:23:54.206321,28.52634,77.10557,58.1,34.14,27.2,14.02,High,Fog,94.7,In Transit,Moderate,29.6
TRK-111,DRV-811,Mahendra Yadav,FMCG Distribution (Eicher Pro 3019),2026-09-09T15:27:54.206321,28.6139,77.209,73.9,26.16,21.2,0.0,Low,Fog,100.0,Arrived,Low,5.4
TRK-111,DRV-811,Mahendra Yadav,FMCG Distribution (Eicher Pro 3019),2026-09-10T04:11:54.206321,26.9124,75.7873,64.9,33.5,97.0,266.43,Moderate,Heatwave,0.0,High Risk,High,413.8
TRK-111,DRV-811,Mahendra Yadav,FMCG Distribution (Eicher Pro 3019),2026-09-10T04:15:54.206321,27.03075,75.83739,51.8,39.83,98.1,252.41,High,Heatwave,5.3,High Risk,High,611.4
TRK-111,DRV-811,Mahendra Yadav,FMCG Distribution (Eicher Pro 3019),2026-09-10T04:19:54.206321,27.14909,75.88749,55.8,31.88,93.0,238.39,Low,Heatwave,10.5,High Risk,High,359.7
TRK-111,DRV-811,Mahendra Yadav,FMCG Distribution (Eicher Pro 3019),2026-09-10T04:23:54.206321,27.26744,75.93758,42.0,42.56,87.8,224.36,Severe,Heatwave,15.8,High Risk,High,900.4
TRK-111,DRV-811,Mahendra Yadav,FMCG Distribution (Eicher Pro 3019),2026-09-10T04:27:54.206321,27.32048,76.05064,65.4,34.8,82.7,210.34,Moderate,Heatwave,21.1,High Risk,High,323.1
TRK-111,DRV-811,Mahendra Yadav,FMCG Distribution (Eicher Pro 3019),2026-09-10T04:31:54.206321,27.34983,76.18771,61.1,31.58,80.3,196.32,Moderate,Heatwave,26.3,High Risk,High,323.4
TRK-111,DRV-811,Mahendra Yadav,FMCG Distribution (Eicher Pro 3019),2026-09-10T04:35:54.206321,27.43014,76.29738,49.3,35.54,74.6,182.29,High,Heatwave,31.6,High Risk,High,460.8
TRK-111,DRV-811,Mahendra Yadav,FMCG Distribution (Eicher Pro 3019),2026-09-10T04:39:54.206321,27.51044,76.40706,80.3,28.2,70.7,168.27,Low,Heatwave,36.8,High Risk,High,178.1
TRK-111,DRV-811,Mahendra Yadav,FMCG Distribution (Eicher Pro 3019),2026-09-10T04:43:54.206321,27.59075,76.51673,51.6,38.98,67.6,154.25,High,Heatwave,42.1,High Risk,High,378.8
TRK-111,DRV-811,Mahendra Yadav,FMCG Distribution (Eicher Pro 3019),2026-09-10T04:47:54.206321,27.67946,76.61323,77.0,29.17,63.6,140.23,Low,Heatwave,47.4,High Risk,High,156.5
TRK-111,DRV-811,Mahendra Yadav,FMCG Distribution (Eicher Pro 3019),2026-09-10T04:51:54.206321,27.79803,76.66294,64.6,31.47,64.8,126.2,Moderate,Heatwave,52.6,High Risk,High,195.2
TRK-111,DRV-811,Mahendra Yadav,FMCG Distribution (Eicher Pro 3019),2026-09-10T04:55:54.206321,27.9166,76.71266,68.0,30.32,60.9,112.18,Low,Heatwave,57.9,High Risk,High,139.9
TRK-111,DRV-811,Mahendra Yadav,FMCG Distribution (Eicher Pro 3019),2026-09-10T04:59:54.206321,28.01688,76.69745,69.9,30.26,54.2,98.16,Moderate,Heatwave,63.2,High Risk,High,146.4
TRK-111,DRV-811,Mahendra Yadav,FMCG Distribution (Eicher Pro 3019),2026-09-10T05:03:54.206321,28.08821,76.59875,61.5,36.22,50.4,84.14,High,Heatwave,68.4,High Risk,High,176.7
TRK-111,DRV-811,Mahendra Yadav,FMCG Distribution (Eicher Pro 3019),2026-09-10T05:07:54.206321,28.15898,76.71709,62.2,30.25,45.4,70.11,Moderate,Heatwave,73.7,High Risk,High,110.9
TRK-111,DRV-811,Mahendra Yadav,FMCG Distribution (Eicher Pro 3019),2026-09-10T05:11:54.206321,28.23958,76.82531,68.6,30.96,41.6,56.09,Low,Heatwave,78.9,In Transit,Moderate,63.3
TRK-111,DRV-811,Mahendra Yadav,FMCG Distribution (Eicher Pro 3019),2026-09-10T05:15:54.206321,28.33791,76.91531,70.4,31.47,35.8,42.07,Low,Heatwave,84.2,In Transit,Moderate,48.5
TRK-111,DRV-811,Mahendra Yadav,FMCG Distribution (Eicher Pro 3019),2026-09-10T05:19:54.206321,28.43624,77.00531,65.0,31.44,34.8,28.05,Moderate,Heatwave,89.5,In Transit,Moderate,44.5
TRK-111,DRV-811,Mahendra Yadav,FMCG Distribution (Eicher Pro 3019),2026-09-10T05:23:54.206321,28.52634,77.10557,59.4,36.25,31.5,14.02,High,Heatwave,94.7,In Transit,Moderate,30.6
TRK-111,DRV-811,Mahendra Yadav,FMCG Distribution (Eicher Pro 3019),2026-09-10T05:27:54.206321,28.6139,77.209,41.8,38.55,26.8,0.0,High,Heatwave,100.0,In Transit,Moderate,0.5
TRK-111,DRV-811,Mahendra Yadav,FMCG Distribution (Eicher Pro 3019),2026-09-10T18:11:54.206321,26.9124,75.7873,62.6,28.85,99.6,266.43,Moderate,Rain,0.0,High Risk,High,383.2
TRK-111,DRV-811,Mahendra Yadav,FMCG Distribution (Eicher Pro 3019),2026-09-10T18:15:54.206321,27.03075,75.83739,68.3,30.36,98.1,252.41,Moderate,Rain,5.3,High Risk,High,338.3
TRK-111,DRV-811,Mahendra Yadav,FMCG Distribution (Eicher Pro 3019),2026-09-10T18:19:54.206321,27.14909,75.88749,59.1,29.45,87.2,238.39,Moderate,Rain,10.5,High Risk,High,361.3
TRK-111,DRV-811,Mahendra Yadav,FMCG Distribution (Eicher Pro 3019),2026-09-10T18:23:54.206321,27.26744,75.93758,75.6,27.08,87.4,224.36,Low,Rain,15.8,High Risk,High,225.7
TRK-111,DRV-811,Mahendra Yadav,FMCG Distribution (Eicher Pro 3019),2026-09-10T18:27:54.206321,27.32048,76.05064,51.2,35.95,83.3,210.34,High,Rain,21.1,High Risk,High,460.8
TRK-111,DRV-811,Mahendra Yadav,FMCG Distribution (Eicher Pro 3019),2026-09-10T18:31:54.206321,27.34983,76.18771,49.9,36.36,77.3,196.32,High,Rain,26.3,High Risk,High,439.2
TRK-111,DRV-811,Mahendra Yadav,FMCG Distribution (Eicher Pro 3019),2026-09-10T18:35:54.206321,27.43014,76.29738,60.8,32.42,76.4,182.29,Moderate,Rain,31.6,High Risk,High,273.8
TRK-111,DRV-811,Mahendra Yadav,FMCG Distribution (Eicher Pro 3019),2026-09-10T18:39:54.206321,27.51044,76.40706,78.6,28.94,71.2,168.27,Low,Rain,36.8,High Risk,High,163.1
TRK-111,DRV-811,Mahendra Yadav,FMCG Distribution (Eicher Pro 3019),2026-09-10T18:43:54.206321,27.59075,76.51673,59.4,33.63,68.1,154.25,Moderate,Rain,42.1,High Risk,High,228.0
TRK-111,DRV-811,Mahendra Yadav,FMCG Distribution (Eicher Pro 3019),2026-09-10T18:47:54.206321,27.67946,76.61323,56.4,31.54,61.7,140.23,Moderate,Rain,47.4,High Risk,High,225.6
TRK-111,DRV-811,Mahendra Yadav,FMCG Distribution (Eicher Pro 3019),2026-09-10T18:51:54.206321,27.79803,76.66294,54.6,29.5,62.0,126.2,Moderate,Rain,52.6,High Risk,High,207.8
TRK-111,DRV-811,Mahendra Yadav,FMCG Distribution (Eicher Pro 3019),2026-09-10T18:55:54.206321,27.9166,76.71266,53.2,35.79,56.2,112.18,High,Rain,57.9,High Risk,High,238.9
TRK-111,DRV-811,Mahendra Yadav,FMCG Distribution (Eicher Pro 3019),2026-09-10T18:59:54.206321,28.01688,76.69745,51.5,34.77,53.0,98.16,High,Rain,63.2,High Risk,High,212.2
TRK-111,DRV-811,Mahendra Yadav,FMCG Distribution (Eicher Pro 3019),2026-09-10T19:03:54.206321,28.08821,76.59875,60.9,31.75,46.9,84.14,Moderate,Rain,68.4,High Risk,High,122.8
TRK-111,DRV-811,Mahendra Yadav,FMCG Distribution (Eicher Pro 3019),2026-09-10T19:07:54.206321,28.15898,76.71709,75.8,29.97,46.8,70.11,Low,Rain,73.7,In Transit,Moderate,73.5
TRK-111,DRV-811,Mahendra Yadav,FMCG Distribution (Eicher Pro 3019),2026-09-10T19:11:54.206321,28.23958,76.82531,39.4,45.55,39.2,56.09,Severe,Rain,78.9,Delayed,High,219.8
TRK-111,DRV-811,Mahendra Yadav,FMCG Distribution (Eicher Pro 3019),2026-09-10T19:15:54.206321,28.33791,76.91531,63.3,31.52,38.7,42.07,Moderate,Rain,84.2,In Transit,Moderate,59.1
TRK-111,DRV-811,Mahendra Yadav,FMCG Distribution (Eicher Pro 3019),2026-09-10T19:19:54.206321,28.43624,77.00531,53.6,34.7,28.2,28.05,High,Rain,89.5,High Risk,High,63.4
TRK-111,DRV-811,Mahendra Yadav,FMCG Distribution (Eicher Pro 3019),2026-09-10T19:23:54.206321,28.52634,77.10557,57.7,39.31,28.2,14.02,High,Rain,94.7,In Transit,Moderate,23.5
TRK-111,DRV-811,Mahendra Yadav,FMCG Distribution (Eicher Pro 3019),2026-09-10T19:27:54.206321,28.6139,77.209,57.6,34.63,23.9,0.0,Moderate,Rain,100.0,Arrived,Low,0.5
TRK-111,DRV-811,Mahendra Yadav,FMCG Distribution (Eicher Pro 3019),2026-09-11T08:11:54.206321,26.9124,75.7873,55.4,32.72,101.2,266.43,High,Clear,0.0,High Risk,High,435.5
TRK-111,DRV-811,Mahendra Yadav,FMCG Distribution (Eicher Pro 3019),2026-09-11T08:15:54.206321,27.03075,75.83739,77.1,28.9,94.8,252.41,Moderate,Clear,5.3,High Risk,High,234.7
TRK-111,DRV-811,Mahendra Yadav,FMCG Distribution (Eicher Pro 3019),2026-09-11T08:19:54.206321,27.14909,75.88749,61.8,29.82,92.9,238.39,Moderate,Clear,10.5,High Risk,High,280.8
TRK-111,DRV-811,Mahendra Yadav,FMCG Distribution (Eicher Pro 3019),2026-09-11T08:23:54.206321,27.26744,75.93758,42.7,41.28,86.2,224.36,Severe,Clear,15.8,High Risk,High,633.0
TRK-111,DRV-811,Mahendra Yadav,FMCG Distribution (Eicher Pro 3019),2026-09-11T08:27:54.206321,27.32048,76.05064,86.3,30.05,84.8,210.34,Low,Clear,21.1,In Transit,Low,143.8
TRK-111,DRV-811,Mahendra Yadav,FMCG Distribution (Eicher Pro 3019),2026-09-11T08:31:54.206321,27.34983,76.18771,87.4,29.08,80.4,196.32,Low,Clear,26.3,In Transit,Low,138.3
TRK-111,DRV-811,Mahendra Yadav,FMCG Distribution (Eicher Pro 3019),2026-09-11T08:35:54.206321,27.43014,76.29738,68.8,30.05,75.4,182.29,Moderate,Clear,31.6,High Risk,High,187.7
TRK-111,DRV-811,Mahendra Yadav,FMCG Distribution (Eicher Pro 3019),2026-09-11T08:39:54.206321,27.51044,76.40706,60.9,34.62,73.9,168.27,High,Clear,36.8,High Risk,High,246.9
TRK-111,DRV-811,Mahendra Yadav,FMCG Distribution (Eicher Pro 3019),2026-09-11T08:43:54.206321,27.59075,76.51673,67.7,34.34,68.5,154.25,Moderate,Clear,42.1,In Transit,Moderate,161.3
TRK-111,DRV-811,Mahendra Yadav,FMCG Distribution (Eicher Pro 3019),2026-09-11T08:47:54.206321,27.67946,76.61323,79.4,27.91,65.5,140.23,Low,Clear,47.4,In Transit,Low,113.3
TRK-111,DRV-811,Mahendra Yadav,FMCG Distribution (Eicher Pro 3019),2026-09-11T08:51:54.206321,27.79803,76.66294,86.8,28.18,61.6,126.2,Low,Clear,52.6,In Transit,Low,82.5
TRK-111,DRV-811,Mahendra Yadav,FMCG Distribution (Eicher Pro 3019),2026-09-11T08:55:54.206321,27.9166,76.71266,80.8,29.03,53.4,112.18,Low,Clear,57.9,In Transit,Low,76.6
TRK-111,DRV-811,Mahendra Yadav,FMCG Distribution (Eicher Pro 3019),2026-09-11T08:59:54.206321,28.01688,76.69745,86.7,23.08,49.6,98.16,Low,Clear,63.2,In Transit,Low,64.6
TRK-111,DRV-811,Mahendra Yadav,FMCG Distribution (Eicher Pro 3019),2026-09-11T09:03:54.206321,28.08821,76.59875,77.3,28.66,47.0,84.14,Low,Clear,68.4,In Transit,Low,62.1
TRK-111,DRV-811,Mahendra Yadav,FMCG Distribution (Eicher Pro 3019),2026-09-11T09:07:54.206321,28.15898,76.71709,89.8,27.45,41.4,70.11,Low,Clear,73.7,In Transit,Low,53.2
TRK-111,DRV-811,Mahendra Yadav,FMCG Distribution (Eicher Pro 3019),2026-09-11T09:11:54.206321,28.23958,76.82531,86.6,27.35,41.6,56.09,Low,Clear,78.9,In Transit,Low,36.8
TRK-111,DRV-811,Mahendra Yadav,FMCG Distribution (Eicher Pro 3019),2026-09-11T09:15:54.206321,28.33791,76.91531,50.9,30.03,35.2,42.07,High,Clear,84.2,In Transit,Moderate,74.5
TRK-111,DRV-811,Mahendra Yadav,FMCG Distribution (Eicher Pro 3019),2026-09-11T09:19:54.206321,28.43624,77.00531,57.2,32.48,32.3,28.05,High,Clear,89.5,In Transit,Moderate,39.0
TRK-111,DRV-811,Mahendra Yadav,FMCG Distribution (Eicher Pro 3019),2026-09-11T09:23:54.206321,28.52634,77.10557,63.0,31.41,28.3,14.02,Moderate,Clear,94.7,In Transit,Low,13.4
TRK-111,DRV-811,Mahendra Yadav,FMCG Distribution (Eicher Pro 3019),2026-09-11T09:27:54.206321,28.6139,77.209,59.4,34.08,25.1,0.0,High,Clear,100.0,In Transit,Moderate,0.5
TRK-111,DRV-811,Mahendra Yadav,FMCG Distribution (Eicher Pro 3019),2026-09-11T22:11:54.206321,26.9124,75.7873,78.3,27.4,101.8,266.43,Low,Clear,0.0,In Transit,Low,203.6
TRK-111,DRV-811,Mahendra Yadav,FMCG Distribution (Eicher Pro 3019),2026-09-11T22:15:54.206321,27.03075,75.83739,71.4,29.72,96.4,252.41,Moderate,Clear,5.3,High Risk,High,257.0
TRK-111,DRV-811,Mahendra Yadav,FMCG Distribution (Eicher Pro 3019),2026-09-11T22:19:54.206321,27.14909,75.88749,80.9,29.77,90.7,238.39,Low,Clear,10.5,In Transit,Low,178.1
TRK-111,DRV-811,Mahendra Yadav,FMCG Distribution (Eicher Pro 3019),2026-09-11T22:23:54.206321,27.26744,75.93758,91.3,26.75,89.0,224.36,Low,Clear,15.8,In Transit,Low,149.8
TRK-111,DRV-811,Mahendra Yadav,FMCG Distribution (Eicher Pro 3019),2026-09-11T22:27:54.206321,27.32048,76.05064,66.1,29.78,82.0,210.34,Moderate,Clear,21.1,High Risk,High,237.6
TRK-111,DRV-811,Mahendra Yadav,FMCG Distribution (Eicher Pro 3019),2026-09-11T22:31:54.206321,27.34983,76.18771,66.8,33.12,82.4,196.32,Moderate,Clear,26.3,High Risk,High,214.8
TRK-111,DRV-811,Mahendra Yadav,FMCG Distribution (Eicher Pro 3019),2026-09-11T22:35:54.206321,27.43014,76.29738,85.4,29.2,77.8,182.29,Low,Clear,31.6,In Transit,Low,126.5
TRK-111,DRV-811,Mahendra Yadav,FMCG Distribution (Eicher Pro 3019),2026-09-11T22:39:54.206321,27.51044,76.40706,73.6,31.89,74.3,168.27,Moderate,Clear,36.8,High Risk,High,163.0
TRK-111,DRV-811,Mahendra Yadav,FMCG Distribution (Eicher Pro 3019),2026-09-11T22:43:54.206321,27.59075,76.51673,81.7,28.34,67.6,154.25,Moderate,Clear,42.1,High Risk,High,141.1
TRK-111,DRV-811,Mahendra Yadav,FMCG Distribution (Eicher Pro 3019),2026-09-11T22:47:54.206321,27.67946,76.61323,84.3,30.37,64.1,140.23,Low,Clear,47.4,In Transit,Low,99.1
TRK-111,DRV-811,Mahendra Yadav,FMCG Distribution (Eicher Pro 3019),2026-09-11T22:51:54.206321,27.79803,76.66294,65.1,29.55,61.1,126.2,Moderate,Clear,52.6,In Transit,Moderate,132.8
TRK-111,DRV-811,Mahendra Yadav,FMCG Distribution (Eicher Pro 3019),2026-09-11T22:55:54.206321,27.9166,76.71266,95.0,27.88,61.2,112.18,Low,Clear,57.9,In Transit,Low,72.0
TRK-111,DRV-811,Mahendra Yadav,FMCG Distribution (Eicher Pro 3019),2026-09-11T22:59:54.206321,28.01688,76.69745,91.1,27.48,55.4,98.16,Low,Clear,63.2,In Transit,Low,64.8
TRK-111,DRV-811,Mahendra Yadav,FMCG Distribution (Eicher Pro 3019),2026-09-11T23:03:54.206321,28.08821,76.59875,70.0,30.93,49.3,84.14,Moderate,Clear,68.4,In Transit,Moderate,82.5
TRK-111,DRV-811,Mahendra Yadav,FMCG Distribution (Eicher Pro 3019),2026-09-11T23:07:54.206321,28.15898,76.71709,45.9,39.97,42.0,70.11,Severe,Clear,73.7,High Risk,High,181.6
TRK-111,DRV-811,Mahendra Yadav,FMCG Distribution (Eicher Pro 3019),2026-09-11T23:11:54.206321,28.23958,76.82531,75.5,30.75,43.5,56.09,Moderate,Clear,78.9,In Transit,Low,52.1
TRK-111,DRV-811,Mahendra Yadav,FMCG Distribution (Eicher Pro 3019),2026-09-11T23:15:54.206321,28.33791,76.91531,55.3,34.64,38.4,42.07,High,Clear,84.2,High Risk,High,73.2
TRK-111,DRV-811,Mahendra Yadav,FMCG Distribution (Eicher Pro 3019),2026-09-11T23:19:54.206321,28.43624,77.00531,45.3,30.28,30.9,28.05,High,Clear,89.5,In Transit,Moderate,55.5
TRK-111,DRV-811,Mahendra Yadav,FMCG Distribution (Eicher Pro 3019),2026-09-11T23:23:54.206321,28.52634,77.10557,71.7,32.37,28.3,14.02,Moderate,Clear,94.7,In Transit,Low,12.4
TRK-111,DRV-811,Mahendra Yadav,FMCG Distribution (Eicher Pro 3019),2026-09-11T23:27:54.206321,28.6139,77.209,87.2,27.53,22.2,0.0,Low,Clear,100.0,Arrived,Low,0.9
TRK-111,DRV-811,Mahendra Yadav,FMCG Distribution (Eicher Pro 3019),2026-09-12T12:11:54.206321,26.9124,75.7873,71.5,34.6,100.1,266.43,Low,Fog,0.0,High Risk,High,309.1
TRK-111,DRV-811,Mahendra Yadav,FMCG Distribution (Eicher Pro 3019),2026-09-12T12:15:54.206321,27.03075,75.83739,89.7,28.01,96.2,252.41,Low,Fog,5.3,High Risk,High,230.8
TRK-111,DRV-811,Mahendra Yadav,FMCG Distribution (Eicher Pro 3019),2026-09-12T12:19:54.206321,27.14909,75.88749,74.2,33.6,90.3,238.39,Low,Fog,10.5,High Risk,High,258.6
TRK-111,DRV-811,Mahendra Yadav,FMCG Distribution (Eicher Pro 3019),2026-09-12T12:23:54.206321,27.26744,75.93758,55.3,33.37,87.3,224.36,High,Fog,15.8,High Risk,High,494.1
TRK-111,DRV-811,Mahendra Yadav,FMCG Distribution (Eicher Pro 3019),2026-09-12T12:27:54.206321,27.32048,76.05064,61.6,30.33,84.0,210.34,Low,Fog,21.1,High Risk,High,284.2
TRK-111,DRV-811,Mahendra Yadav,FMCG Distribution (Eicher Pro 3019),2026-09-12T12:31:54.206321,27.34983,76.18771,36.4,34.75,82.0,196.32,High,Fog,26.3,Delayed,High,657.8
TRK-111,DRV-811,Mahendra Yadav,FMCG Distribution (Eicher Pro 3019),2026-09-12T12:35:54.206321,27.43014,76.29738,58.5,30.05,79.6,182.29,Moderate,Fog,31.6,High Risk,High,305.7
TRK-111,DRV-811,Mahendra Yadav,FMCG Distribution (Eicher Pro 3019),2026-09-12T12:39:54.206321,27.51044,76.40706,50.6,37.38,74.8,168.27,High,Fog,36.8,High Risk,High,405.1
TRK-111,DRV-811,Mahendra Yadav,FMCG Distribution (Eicher Pro 3019),2026-09-12T12:43:54.206321,27.59075,76.51673,74.3,30.69,67.0,154.25,Low,Fog,42.1,High Risk,High,169.2
TRK-111,DRV-811,Mahendra Yadav,FMCG Distribution (Eicher Pro 3019),2026-09-12T12:47:54.206321,27.67946,76.61323,64.9,29.71,63.7,140.23,Low,Fog,47.4,High Risk,High,177.7
TRK-111,DRV-811,Mahendra Yadav,FMCG Distribution (Eicher Pro 3019),2026-09-12T12:51:54.206321,27.79803,76.66294,61.8,30.33,58.8,126.2,Moderate,Fog,52.6,High Risk,High,194.4
TRK-111,DRV-811,Mahendra Yadav,FMCG Distribution (Eicher Pro 3019),2026-09-12T12:55:54.206321,27.9166,76.71266,67.8,28.91,54.6,112.18,Low,Fog,57.9,High Risk,High,130.0
TRK-111,DRV-811,Mahendra Yadav,FMCG Distribution (Eicher Pro 3019),2026-09-12T12:59:54.206321,28.01688,76.69745,82.9,30.06,50.2,98.16,Low,Fog,63.2,In Transit,Moderate,92.7
TRK-111,DRV-811,Mahendra Yadav,FMCG Distribution (Eicher Pro 3019),2026-09-12T13:03:54.206321,28.08821,76.59875,57.0,32.56,49.7,84.14,Moderate,Fog,68.4,High Risk,High,145.9
TRK-111,DRV-811,Mahendra Yadav,FMCG Distribution (Eicher Pro 3019),2026-09-12T13:07:54.206321,28.15898,76.71709,76.5,25.03,43.2,70.11,Low,Fog,73.7,In Transit,Moderate,72.5
TRK-111,DRV-811,Mahendra Yadav,FMCG Distribution (Eicher Pro 3019),2026-09-12T13:11:54.206321,28.23958,76.82531,40.5,39.43,40.9,56.09,Severe,Fog,78.9,High Risk,High,218.9
TRK-111,DRV-811,Mahendra Yadav,FMCG Distribution (Eicher Pro 3019),2026-09-12T13:15:54.206321,28.33791,76.91531,56.8,32.53,37.6,42.07,High,Fog,84.2,High Risk,High,84.1
TRK-111,DRV-811,Mahendra Yadav,FMCG Distribution (Eicher Pro 3019),2026-09-12T13:19:54.206321,28.43624,77.00531,83.6,28.59,36.0,28.05,Low,Fog,89.5,In Transit,Low,29.7
TRK-111,DRV-811,Mahendra Yadav,FMCG Distribution (Eicher Pro 3019),2026-09-12T13:23:54.206321,28.52634,77.10557,38.0,37.97,26.4,14.02,High,Fog,94.7,In Transit,Moderate,44.9
TRK-111,DRV-811,Mahendra Yadav,FMCG Distribution (Eicher Pro 3019),2026-09-12T13:27:54.206321,28.6139,77.209,65.1,33.5,25.7,0.0,Moderate,Fog,100.0,Arrived,Low,0.5
TRK-112,DRV-812,Ananya Sen,Dry Bulk Carrier (Tata Ultra T.19),2026-09-01T22:11:54.206321,17.385,78.4867,90.0,26.93,99.8,551.26,Low,Clear,0.0,In Transit,Low,367.1
TRK-112,DRV-812,Ananya Sen,Dry Bulk Carrier (Tata Ultra T.19),2026-09-01T22:15:54.206321,17.53067,78.25964,70.4,30.9,97.9,522.25,Moderate,Clear,5.3,High Risk,High,532.1
TRK-112,DRV-812,Ananya Sen,Dry Bulk Carrier (Tata Ultra T.19),2026-09-01T22:19:54.206321,17.61918,78.00903,78.0,27.18,92.0,493.23,Low,Clear,10.5,In Transit,Low,377.8
TRK-112,DRV-812,Ananya Sen,Dry Bulk Carrier (Tata Ultra T.19),2026-09-01T22:23:54.206321,17.61603,77.73567,86.6,27.2,88.8,464.22,Low,Clear,15.8,In Transit,Low,324.1
TRK-112,DRV-812,Ananya Sen,Dry Bulk Carrier (Tata Ultra T.19),2026-09-01T22:27:54.206321,17.63209,77.46368,82.4,26.3,86.7,435.21,Low,Clear,21.1,In Transit,Low,311.5
TRK-112,DRV-812,Ananya Sen,Dry Bulk Carrier (Tata Ultra T.19),2026-09-01T22:31:54.206321,17.67158,77.19334,85.6,29.5,81.3,406.19,Low,Clear,26.3,In Transit,Low,289.4
TRK-112,DRV-812,Ananya Sen,Dry Bulk Carrier (Tata Ultra T.19),2026-09-01T22:35:54.206321,17.71106,76.92301,33.7,37.23,77.2,377.18,Severe,Clear,31.6,Delayed,High,1340.9
TRK-112,DRV-812,Ananya Sen,Dry Bulk Carrier (Tata Ultra T.19),2026-09-01T22:39:54.206321,17.81422,76.675,82.6,27.49,72.2,348.17,Low,Clear,36.8,In Transit,Low,251.7
TRK-112,DRV-812,Ananya Sen,Dry Bulk Carrier (Tata Ultra T.19),2026-09-01T22:43:54.206321,17.79015,76.41611,82.5,29.74,69.9,319.15,Low,Clear,42.1,In Transit,Low,238.4
TRK-112,DRV-812,Ananya Sen,Dry Bulk Carrier (Tata Ultra T.19),2026-09-01T22:47:54.206321,17.7226,76.15177,49.9,33.78,67.7,290.14,High,Clear,47.4,High Risk,High,522.6
TRK-112,DRV-812,Ananya Sen,Dry Bulk Carrier (Tata Ultra T.19),2026-09-01T22:51:54.206321,17.67003,75.88986,67.6,30.42,60.4,261.12,Moderate,Clear,52.6,High Risk,High,273.8
TRK-112,DRV-812,Ananya Sen,Dry Bulk Carrier (Tata Ultra T.19),2026-09-01T22:55:54.206321,17.81123,75.65937,47.5,34.26,53.0,232.11,High,Clear,57.9,High Risk,High,438.4
TRK-112,DRV-812,Ananya Sen,Dry Bulk Carrier (Tata Ultra T.19),2026-09-01T22:59:54.206321,17.89518,75.40031,51.7,35.29,53.9,203.1,High,Clear,63.2,High Risk,High,354.2
TRK-112,DRV-812,Ananya Sen,Dry Bulk Carrier (Tata Ultra T.19),2026-09-01T23:03:54.206321,17.97615,75.13977,72.7,29.36,47.6,174.08,Moderate,Clear,68.4,In Transit,Moderate,168.2
TRK-112,DRV-812,Ananya Sen,Dry Bulk Carrier (Tata Ultra T.19),2026-09-01T23:07:54.206321,18.05711,74.87922,85.7,28.7,45.7,145.07,Low,Clear,73.7,In Transit,Low,104.4
TRK-112,DRV-812,Ananya Sen,Dry Bulk Carrier (Tata Ultra T.19),2026-09-01T23:11:54.206321,18.13808,74.61868,87.9,28.14,42.4,116.06,Low,Clear,78.9,In Transit,Low,79.4
TRK-112,DRV-812,Ananya Sen,Dry Bulk Carrier (Tata Ultra T.19),2026-09-01T23:15:54.206321,18.37107,74.58061,60.4,28.25,35.4,87.04,High,Clear,84.2,High Risk,High,128.1
TRK-112,DRV-812,Ananya Sen,Dry Bulk Carrier (Tata Ultra T.19),2026-09-01T23:19:54.206321,18.47511,74.40381,57.0,30.1,31.7,58.03,High,Clear,89.5,High Risk,High,89.6
TRK-112,DRV-812,Ananya Sen,Dry Bulk Carrier (Tata Ultra T.19),2026-09-01T23:23:54.206321,18.49448,74.12983,71.1,31.14,28.3,29.01,Moderate,Clear,94.7,In Transit,Low,27.0
TRK-112,DRV-812,Ananya Sen,Dry Bulk Carrier (Tata Ultra T.19),2026-09-01T23:27:54.206321,18.5204,73.8567,83.4,28.61,28.1,0.0,Low,Clear,100.0,Arrived,Low,0.5
TRK-112,DRV-812,Ananya Sen,Dry Bulk Carrier (Tata Ultra T.19),2026-09-02T12:11:54.206321,17.385,78.4867,67.3,27.53,101.2,551.26,Moderate,Clear,0.0,High Risk,High,591.0
TRK-112,DRV-812,Ananya Sen,Dry Bulk Carrier (Tata Ultra T.19),2026-09-02T12:15:54.206321,17.53067,78.25964,81.4,28.3,96.5,522.25,Low,Clear,5.3,In Transit,Low,375.9
TRK-112,DRV-812,Ananya Sen,Dry Bulk Carrier (Tata Ultra T.19),2026-09-02T12:19:54.206321,17.61918,78.00903,83.0,26.38,91.3,493.23,Low,Clear,10.5,In Transit,Low,353.8
TRK-112,DRV-812,Ananya Sen,Dry Bulk Carrier (Tata Ultra T.19),2026-09-02T12:23:54.206321,17.61603,77.73567,77.5,28.43,80.6,464.22,Moderate,Clear,15.8,High Risk,High,434.0
TRK-112,DRV-812,Ananya Sen,Dry Bulk Carrier (Tata Ultra T.19),2026-09-02T12:27:54.206321,17.63209,77.46368,82.0,27.66,83.5,435.21,Moderate,Clear,21.1,High Risk,High,378.7
TRK-112,DRV-812,Ananya Sen,Dry Bulk Carrier (Tata Ultra T.19),2026-09-02T12:31:54.206321,17.67158,77.19334,64.1,33.79,85.4,406.19,High,Clear,26.3,High Risk,High,565.1
TRK-112,DRV-812,Ananya Sen,Dry Bulk Carrier (Tata Ultra T.19),2026-09-02T12:35:54.206321,17.71106,76.92301,61.9,34.69,75.6,377.18,High,Clear,31.6,High Risk,High,545.5
TRK-112,DRV-812,Ananya Sen,Dry Bulk Carrier (Tata Ultra T.19),2026-09-02T12:39:54.206321,17.81422,76.675,69.1,30.04,68.3,348.17,Moderate,Clear,36.8,High Risk,High,364.3
TRK-112,DRV-812,Ananya Sen,Dry Bulk Carrier (Tata Ultra T.19),2026-09-02T12:43:54.206321,17.79015,76.41611,68.0,27.74,67.0,319.15,Moderate,Clear,42.1,High Risk,High,337.6
TRK-112,DRV-812,Ananya Sen,Dry Bulk Carrier (Tata Ultra T.19),2026-09-02T12:47:54.206321,17.7226,76.15177,83.7,26.96,64.0,290.14,Low,Clear,47.4,In Transit,Low,209.8
TRK-112,DRV-812,Ananya Sen,Dry Bulk Carrier (Tata Ultra T.19),2026-09-02T12:51:54.206321,17.67003,75.88986,38.7,42.75,58.4,261.12,Severe,Clear,52.6,Delayed,High,813.1
TRK-112,DRV-812,Ananya Sen,Dry Bulk Carrier (Tata Ultra T.19),2026-09-02T12:55:54.206321,17.81123,75.65937,72.6,28.41,59.1,232.11,Moderate,Clear,57.9,High Risk,High,234.2
TRK-112,DRV-812,Ananya Sen,Dry Bulk Carrier (Tata Ultra T.19),2026-09-02T12:59:54.206321,17.89518,75.40031,80.1,27.85,50.3,203.1,Moderate,Clear,63.2,High Risk,High,182.4
TRK-112,DRV-812,Ananya Sen,Dry Bulk Carrier (Tata Ultra T.19),2026-09-02T13:03:54.206321,17.97615,75.13977,75.0,29.54,46.2,174.08,Moderate,Clear,68.4,High Risk,High,168.1
TRK-112,DRV-812,Ananya Sen,Dry Bulk Carrier (Tata Ultra T.19),2026-09-02T13:07:54.206321,18.05711,74.87922,59.4,37.44,42.8,145.07,High,Clear,73.7,High Risk,High,221.9
TRK-112,DRV-812,Ananya Sen,Dry Bulk Carrier (Tata Ultra T.19),2026-09-02T13:11:54.206321,18.13808,74.61868,54.5,32.4,42.5,116.06,High,Clear,78.9,High Risk,High,190.2
TRK-112,DRV-812,Ananya Sen,Dry Bulk Carrier (Tata Ultra T.19),2026-09-02T13:15:54.206321,18.37107,74.58061,96.2,27.0,34.4,87.04,Low,Clear,84.2,In Transit,Low,55.6
TRK-112,DRV-812,Ananya Sen,Dry Bulk Carrier (Tata Ultra T.19),2026-09-02T13:19:54.206321,18.47511,74.40381,94.8,25.32,36.4,58.03,Low,Clear,89.5,In Transit,Low,36.8
TRK-112,DRV-812,Ananya Sen,Dry Bulk Carrier (Tata Ultra T.19),2026-09-02T13:23:54.206321,18.49448,74.12983,77.3,27.07,29.8,29.01,Low,Clear,94.7,In Transit,Low,26.5
TRK-112,DRV-812,Ananya Sen,Dry Bulk Carrier (Tata Ultra T.19),2026-09-02T13:27:54.206321,18.5204,73.8567,69.8,28.7,24.8,0.0,Moderate,Clear,100.0,Arrived,Low,0.5
TRK-112,DRV-812,Ananya Sen,Dry Bulk Carrier (Tata Ultra T.19),2026-09-03T02:11:54.206321,17.385,78.4867,83.0,28.19,100.1,551.26,Low,Clear,0.0,In Transit,Low,393.8
TRK-112,DRV-812,Ananya Sen,Dry Bulk Carrier (Tata Ultra T.19),2026-09-03T02:15:54.206321,17.53067,78.25964,68.6,35.81,97.3,522.25,High,Clear,5.3,High Risk,High,682.1
TRK-112,DRV-812,Ananya Sen,Dry Bulk Carrier (Tata Ultra T.19),2026-09-03T02:19:54.206321,17.61918,78.00903,84.2,24.54,91.1,493.23,Low,Clear,10.5,In Transit,Low,347.3
TRK-112,DRV-812,Ananya Sen,Dry Bulk Carrier (Tata Ultra T.19),2026-09-03T02:23:54.206321,17.61603,77.73567,79.8,25.83,85.8,464.22,Low,Clear,15.8,In Transit,Low,345.2
TRK-112,DRV-812,Ananya Sen,Dry Bulk Carrier (Tata Ultra T.19),2026-09-03T02:27:54.206321,17.63209,77.46368,25.6,38.66,87.1,435.21,Severe,Clear,21.1,Delayed,High,2043.1
TRK-112,DRV-812,Ananya Sen,Dry Bulk Carrier (Tata Ultra T.19),2026-09-03T02:31:54.206321,17.67158,77.19334,68.8,32.84,81.4,406.19,Moderate,Clear,26.3,High Risk,High,421.9
TRK-112,DRV-812,Ananya Sen,Dry Bulk Carrier (Tata Ultra T.19),2026-09-03T02:35:54.206321,17.71106,76.92301,36.9,39.99,78.7,377.18,Severe,Clear,31.6,Delayed,High,1228.9
TRK-112,DRV-812,Ananya Sen,Dry Bulk Carrier (Tata Ultra T.19),2026-09-03T02:39:54.206321,17.81422,76.675,49.2,32.36,74.3,348.17,High,Clear,36.8,High Risk,High,638.6
TRK-112,DRV-812,Ananya Sen,Dry Bulk Carrier (Tata Ultra T.19),2026-09-03T02:43:54.206321,17.79015,76.41611,87.3,26.73,66.2,319.15,Low,Clear,42.1,In Transit,Low,223.4
TRK-112,DRV-812,Ananya Sen,Dry Bulk Carrier (Tata Ultra T.19),2026-09-03T02:47:54.206321,17.7226,76.15177,62.0,33.07,65.0,290.14,High,Clear,47.4,High Risk,High,417.4
TRK-112,DRV-812,Ananya Sen,Dry Bulk Carrier (Tata Ultra T.19),2026-09-03T02:51:54.206321,17.67003,75.88986,66.2,32.2,64.2,261.12,Moderate,Clear,52.6,High Risk,High,280.5
TRK-112,DRV-812,Ananya Sen,Dry Bulk Carrier (Tata Ultra T.19),2026-09-03T02:55:54.206321,17.81123,75.65937,57.8,32.13,61.1,232.11,High,Clear,57.9,High Risk,High,357.9
TRK-112,DRV-812,Ananya Sen,Dry Bulk Carrier (Tata Ultra T.19),2026-09-03T02:59:54.206321,17.89518,75.40031,79.8,29.73,52.3,203.1,Moderate,Clear,63.2,High Risk,High,187.2
TRK-112,DRV-812,Ananya Sen,Dry Bulk Carrier (Tata Ultra T.19),2026-09-03T03:03:54.206321,17.97615,75.13977,95.6,28.96,52.1,174.08,Low,Clear,68.4,In Transit,Low,112.0
TRK-112,DRV-812,Ananya Sen,Dry Bulk Carrier (Tata Ultra T.19),2026-09-03T03:07:54.206321,18.05711,74.87922,67.3,30.74,47.2,145.07,Moderate,Clear,73.7,High Risk,High,154.4
TRK-112,DRV-812,Ananya Sen,Dry Bulk Carrier (Tata Ultra T.19),2026-09-03T03:11:54.206321,18.13808,74.61868,48.2,31.88,38.3,116.06,High,Clear,78.9,High Risk,High,218.0
TRK-112,DRV-812,Ananya Sen,Dry Bulk Carrier (Tata Ultra T.19),2026-09-03T03:15:54.206321,18.37107,74.58061,65.0,30.29,38.4,87.04,Moderate,Clear,84.2,In Transit,Moderate,98.2
TRK-112,DRV-812,Ananya Sen,Dry Bulk Carrier (Tata Ultra T.19),2026-09-03T03:19:54.206321,18.47511,74.40381,87.2,27.64,33.5,58.03,Low,Clear,89.5,In Transit,Low,44.1
TRK-112,DRV-812,Ananya Sen,Dry Bulk Carrier (Tata Ultra T.19),2026-09-03T03:23:54.206321,18.49448,74.12983,70.1,31.29,32.0,29.01,Moderate,Clear,94.7,In Transit,Low,28.3
TRK-112,DRV-812,Ananya Sen,Dry Bulk Carrier (Tata Ultra T.19),2026-09-03T03:27:54.206321,18.5204,73.8567,64.0,28.88,26.7,0.0,Moderate,Clear,100.0,Arrived,Low,0.5
TRK-112,DRV-812,Ananya Sen,Dry Bulk Carrier (Tata Ultra T.19),2026-09-03T16:11:54.206321,17.385,78.4867,73.6,30.46,99.3,551.26,Moderate,Clear,0.0,High Risk,High,538.6
TRK-112,DRV-812,Ananya Sen,Dry Bulk Carrier (Tata Ultra T.19),2026-09-03T16:15:54.206321,17.53067,78.25964,76.8,30.82,95.1,522.25,Moderate,Clear,5.3,High Risk,High,491.1
TRK-112,DRV-812,Ananya Sen,Dry Bulk Carrier (Tata Ultra T.19),2026-09-03T16:19:54.206321,17.61918,78.00903,81.3,28.13,88.5,493.23,Low,Clear,10.5,In Transit,Low,367.5
TRK-112,DRV-812,Ananya Sen,Dry Bulk Carrier (Tata Ultra T.19),2026-09-03T16:23:54.206321,17.61603,77.73567,78.0,27.31,86.3,464.22,Low,Clear,15.8,In Transit,Low,355.7
TRK-112,DRV-812,Ananya Sen,Dry Bulk Carrier (Tata Ultra T.19),2026-09-03T16:27:54.206321,17.63209,77.46368,84.4,25.98,86.4,435.21,Low,Clear,21.1,In Transit,Low,311.7
TRK-112,DRV-812,Ananya Sen,Dry Bulk Carrier (Tata Ultra T.19),2026-09-03T16:31:54.206321,17.67158,77.19334,68.2,26.47,81.1,406.19,Moderate,Clear,26.3,High Risk,High,423.8
TRK-112,DRV-812,Ananya Sen,Dry Bulk Carrier (Tata Ultra T.19),2026-09-03T16:35:54.206321,17.71106,76.92301,71.6,29.59,76.4,377.18,Low,Clear,31.6,In Transit,Low,319.0
TRK-112,DRV-812,Ananya Sen,Dry Bulk Carrier (Tata Ultra T.19),2026-09-03T16:39:54.206321,17.81422,76.675,86.9,27.41,73.5,348.17,Low,Clear,36.8,In Transit,Low,244.0
TRK-112,DRV-812,Ananya Sen,Dry Bulk Carrier (Tata Ultra T.19),2026-09-03T16:43:54.206321,17.79015,76.41611,46.5,32.19,70.3,319.15,High,Clear,42.1,High Risk,High,615.5
TRK-112,DRV-812,Ananya Sen,Dry Bulk Carrier (Tata Ultra T.19),2026-09-03T16:47:54.206321,17.7226,76.15177,63.3,29.28,64.5,290.14,Moderate,Clear,47.4,High Risk,High,328.7
TRK-112,DRV-812,Ananya Sen,Dry Bulk Carrier (Tata Ultra T.19),2026-09-03T16:51:54.206321,17.67003,75.88986,89.2,27.16,58.2,261.12,Low,Clear,52.6,In Transit,Low,171.0
TRK-112,DRV-812,Ananya Sen,Dry Bulk Carrier (Tata Ultra T.19),2026-09-03T16:55:54.206321,17.81123,75.65937,50.7,35.79,54.1,232.11,High,Clear,57.9,High Risk,High,419.7
TRK-112,DRV-812,Ananya Sen,Dry Bulk Carrier (Tata Ultra T.19),2026-09-03T16:59:54.206321,17.89518,75.40031,72.9,29.6,49.9,203.1,Moderate,Clear,63.2,High Risk,High,195.5
TRK-112,DRV-812,Ananya Sen,Dry Bulk Carrier (Tata Ultra T.19),2026-09-03T17:03:54.206321,17.97615,75.13977,76.6,28.85,49.3,174.08,Low,Clear,68.4,In Transit,Low,132.9
TRK-112,DRV-812,Ananya Sen,Dry Bulk Carrier (Tata Ultra T.19),2026-09-03T17:07:54.206321,18.05711,74.87922,58.0,33.02,44.6,145.07,High,Clear,73.7,High Risk,High,229.2
TRK-112,DRV-812,Ananya Sen,Dry Bulk Carrier (Tata Ultra T.19),2026-09-03T17:11:54.206321,18.13808,74.61868,37.2,37.61,38.2,116.06,Severe,Clear,78.9,Delayed,High,369.7
TRK-112,DRV-812,Ananya Sen,Dry Bulk Carrier (Tata Ultra T.19),2026-09-03T17:15:54.206321,18.37107,74.58061,88.0,30.75,36.0,87.04,Low,Clear,84.2,In Transit,Low,55.9
TRK-112,DRV-812,Ananya Sen,Dry Bulk Carrier (Tata Ultra T.19),2026-09-03T17:19:54.206321,18.47511,74.40381,100.3,27.38,30.5,58.03,Low,Clear,89.5,In Transit,Low,39.6
TRK-112,DRV-812,Ananya Sen,Dry Bulk Carrier (Tata Ultra T.19),2026-09-03T17:23:54.206321,18.49448,74.12983,76.5,27.08,28.1,29.01,Moderate,Clear,94.7,In Transit,Low,28.0
TRK-112,DRV-812,Ananya Sen,Dry Bulk Carrier (Tata Ultra T.19),2026-09-03T17:27:54.206321,18.5204,73.8567,49.2,39.63,21.0,0.0,Severe,Clear,100.0,Arrived,Low,0.5
TRK-112,DRV-812,Ananya Sen,Dry Bulk Carrier (Tata Ultra T.19),2026-09-04T06:11:54.206321,17.385,78.4867,93.1,24.73,99.3,551.26,Low,Clear,0.0,In Transit,Low,357.6
TRK-112,DRV-812,Ananya Sen,Dry Bulk Carrier (Tata Ultra T.19),2026-09-04T06:15:54.206321,17.53067,78.25964,85.3,25.85,98.7,522.25,Low,Clear,5.3,In Transit,Low,364.7
TRK-112,DRV-812,Ananya Sen,Dry Bulk Carrier (Tata Ultra T.19),2026-09-04T06:19:54.206321,17.61918,78.00903,70.9,30.79,94.9,493.23,Moderate,Clear,10.5,High Risk,High,500.1
TRK-112,DRV-812,Ananya Sen,Dry Bulk Carrier (Tata Ultra T.19),2026-09-04T06:23:54.206321,17.61603,77.73567,75.2,28.12,85.6,464.22,Moderate,Clear,15.8,High Risk,High,440.0
TRK-112,DRV-812,Ananya Sen,Dry Bulk Carrier (Tata Ultra T.19),2026-09-04T06:27:54.206321,17.63209,77.46368,52.4,36.32,84.8,435.21,High,Clear,21.1,High Risk,High,746.0
TRK-112,DRV-812,Ananya Sen,Dry Bulk Carrier (Tata Ultra T.19),2026-09-04T06:31:54.206321,17.67158,77.19334,76.4,26.27,78.4,406.19,Low,Clear,26.3,In Transit,Low,319.1
TRK-112,DRV-812,Ananya Sen,Dry Bulk Carrier (Tata Ultra T.19),2026-09-04T06:35:54.206321,17.71106,76.92301,74.8,26.42,79.6,377.18,Low,Clear,31.6,In Transit,Low,300.4
TRK-112,DRV-812,Ananya Sen,Dry Bulk Carrier (Tata Ultra T.19),2026-09-04T06:39:54.206321,17.81422,76.675,74.4,28.47,75.1,348.17,Low,Clear,36.8,In Transit,Low,282.6
TRK-112,DRV-812,Ananya Sen,Dry Bulk Carrier (Tata Ultra T.19),2026-09-04T06:43:54.206321,17.79015,76.41611,30.1,40.26,66.5,319.15,Severe,Clear,42.1,Delayed,High,1272.4
TRK-112,DRV-812,Ananya Sen,Dry Bulk Carrier (Tata Ultra T.19),2026-09-04T06:47:54.206321,17.7226,76.15177,36.6,39.66,65.9,290.14,Severe,Clear,47.4,Delayed,High,953.1
TRK-112,DRV-812,Ananya Sen,Dry Bulk Carrier (Tata Ultra T.19),2026-09-04T06:51:54.206321,17.67003,75.88986,37.0,34.15,60.8,261.12,High,Clear,52.6,Delayed,High,636.9
TRK-112,DRV-812,Ananya Sen,Dry Bulk Carrier (Tata Ultra T.19),2026-09-04T06:55:54.206321,17.81123,75.65937,95.9,26.53,61.1,232.11,Low,Clear,57.9,In Transit,Low,145.9
TRK-112,DRV-812,Ananya Sen,Dry Bulk Carrier (Tata Ultra T.19),2026-09-04T06:59:54.206321,17.89518,75.40031,75.7,24.94,58.5,203.1,Low,Clear,63.2,In Transit,Low,160.3
TRK-112,DRV-812,Ananya Sen,Dry Bulk Carrier (Tata Ultra T.19),2026-09-04T07:03:54.206321,17.97615,75.13977,76.9,30.9,47.8,174.08,Moderate,Clear,68.4,High Risk,High,161.1
TRK-112,DRV-812,Ananya Sen,Dry Bulk Carrier (Tata Ultra T.19),2026-09-04T07:07:54.206321,18.05711,74.87922,48.7,41.0,46.9,145.07,Severe,Clear,73.7,High Risk,High,362.6
TRK-112,DRV-812,Ananya Sen,Dry Bulk Carrier (Tata Ultra T.19),2026-09-04T07:11:54.206321,18.13808,74.61868,95.3,29.16,41.6,116.06,Low,Clear,78.9,In Transit,Low,76.8
TRK-112,DRV-812,Ananya Sen,Dry Bulk Carrier (Tata Ultra T.19),2026-09-04T07:15:54.206321,18.37107,74.58061,82.5,28.66,38.0,87.04,Low,Clear,84.2,In Transit,Low,63.3
TRK-112,DRV-812,Ananya Sen,Dry Bulk Carrier (Tata Ultra T.19),2026-09-04T07:19:54.206321,18.47511,74.40381,70.6,33.31,32.7,58.03,Moderate,Clear,89.5,In Transit,Moderate,60.4
TRK-112,DRV-812,Ananya Sen,Dry Bulk Carrier (Tata Ultra T.19),2026-09-04T07:23:54.206321,18.49448,74.12983,83.5,26.38,29.1,29.01,Low,Clear,94.7,In Transit,Low,21.1
TRK-112,DRV-812,Ananya Sen,Dry Bulk Carrier (Tata Ultra T.19),2026-09-04T07:27:54.206321,18.5204,73.8567,63.9,32.48,25.7,0.0,High,Clear,100.0,In Transit,Moderate,0.5
TRK-112,DRV-812,Ananya Sen,Dry Bulk Carrier (Tata Ultra T.19),2026-09-04T20:11:54.206321,17.385,78.4867,80.1,29.11,97.3,551.26,Moderate,Clear,0.0,High Risk,High,493.8
TRK-112,DRV-812,Ananya Sen,Dry Bulk Carrier (Tata Ultra T.19),2026-09-04T20:15:54.206321,17.53067,78.25964,72.9,28.99,94.2,522.25,Moderate,Clear,5.3,High Risk,High,509.2
TRK-112,DRV-812,Ananya Sen,Dry Bulk Carrier (Tata Ultra T.19),2026-09-04T20:19:54.206321,17.61918,78.00903,81.8,31.27,93.9,493.23,Low,Clear,10.5,In Transit,Low,358.3
TRK-112,DRV-812,Ananya Sen,Dry Bulk Carrier (Tata Ultra T.19),2026-09-04T20:23:54.206321,17.61603,77.73567,86.0,25.5,91.3,464.22,Low,Clear,15.8,In Transit,Low,321.2
TRK-112,DRV-812,Ananya Sen,Dry Bulk Carrier (Tata Ultra T.19),2026-09-04T20:27:54.206321,17.63209,77.46368,58.0,34.42,86.3,435.21,High,Clear,21.1,High Risk,High,669.7
TRK-112,DRV-812,Ananya Sen,Dry Bulk Carrier (Tata Ultra T.19),2026-09-04T20:31:54.206321,17.67158,77.19334,62.1,32.6,80.4,406.19,High,Clear,26.3,High Risk,High,592.9
TRK-112,DRV-812,Ananya Sen,Dry Bulk Carrier (Tata Ultra T.19),2026-09-04T20:35:54.206321,17.71106,76.92301,85.2,27.04,73.1,377.18,Low,Clear,31.6,In Transit,Low,263.1
TRK-112,DRV-812,Ananya Sen,Dry Bulk Carrier (Tata Ultra T.19),2026-09-04T20:39:54.206321,17.81422,76.675,76.7,30.94,74.4,348.17,Moderate,Clear,36.8,High Risk,High,329.2
TRK-112,DRV-812,Ananya Sen,Dry Bulk Carrier (Tata Ultra T.19),2026-09-04T20:43:54.206321,17.79015,76.41611,77.4,30.61,67.1,319.15,Moderate,Clear,42.1,High Risk,High,300.7
TRK-112,DRV-812,Ananya Sen,Dry Bulk Carrier (Tata Ultra T.19),2026-09-04T20:47:54.206321,17.7226,76.15177,72.1,26.75,64.1,290.14,Low,Clear,47.4,In Transit,Low,248.4
TRK-112,DRV-812,Ananya Sen,Dry Bulk Carrier (Tata Ultra T.19),2026-09-04T20:51:54.206321,17.67003,75.88986,91.1,24.58,59.6,261.12,Low,Clear,52.6,In Transit,Low,166.7
TRK-112,DRV-812,Ananya Sen,Dry Bulk Carrier (Tata Ultra T.19),2026-09-04T20:55:54.206321,17.81123,75.65937,32.2,41.19,56.9,232.11,Severe,Clear,57.9,Delayed,High,865.4
TRK-112,DRV-812,Ananya Sen,Dry Bulk Carrier (Tata Ultra T.19),2026-09-04T20:59:54.206321,17.89518,75.40031,89.0,27.48,55.1,203.1,Low,Clear,63.2,In Transit,Low,135.9
TRK-112,DRV-812,Ananya Sen,Dry Bulk Carrier (Tata Ultra T.19),2026-09-04T21:03:54.206321,17.97615,75.13977,50.6,38.31,50.4,174.08,Severe,Clear,68.4,High Risk,High,411.8
TRK-112,DRV-812,Ananya Sen,Dry Bulk Carrier (Tata Ultra T.19),2026-09-04T21:07:54.206321,18.05711,74.87922,65.9,34.03,48.7,145.07,High,Clear,73.7,High Risk,High,199.2
TRK-112,DRV-812,Ananya Sen,Dry Bulk Carrier (Tata Ultra T.19),2026-09-04T21:11:54.206321,18.13808,74.61868,80.8,28.62,43.6,116.06,Low,Clear,78.9,In Transit,Low,88.1
TRK-112,DRV-812,Ananya Sen,Dry Bulk Carrier (Tata Ultra T.19),2026-09-04T21:15:54.206321,18.37107,74.58061,91.6,26.77,35.7,87.04,Low,Clear,84.2,In Transit,Low,54.9
TRK-112,DRV-812,Ananya Sen,Dry Bulk Carrier (Tata Ultra T.19),2026-09-04T21:19:54.206321,18.47511,74.40381,74.0,30.05,30.1,58.03,Moderate,Clear,89.5,In Transit,Low,54.7
TRK-112,DRV-812,Ananya Sen,Dry Bulk Carrier (Tata Ultra T.19),2026-09-04T21:23:54.206321,18.49448,74.12983,96.3,27.71,30.0,29.01,Low,Clear,94.7,In Transit,Low,16.8
TRK-112,DRV-812,Ananya Sen,Dry Bulk Carrier (Tata Ultra T.19),2026-09-04T21:27:54.206321,18.5204,73.8567,37.5,39.01,23.9,0.0,Severe,Clear,100.0,Arrived,Low,0.5
TRK-112,DRV-812,Ananya Sen,Dry Bulk Carrier (Tata Ultra T.19),2026-09-05T10:11:54.206321,17.385,78.4867,54.1,34.37,101.2,551.26,High,Rain,0.0,High Risk,High,1144.0
TRK-112,DRV-812,Ananya Sen,Dry Bulk Carrier (Tata Ultra T.19),2026-09-05T10:15:54.206321,17.53067,78.25964,87.4,30.58,96.8,522.25,Low,Rain,5.3,High Risk,High,446.9
TRK-112,DRV-812,Ananya Sen,Dry Bulk Carrier (Tata Ultra T.19),2026-09-05T10:19:54.206321,17.61918,78.00903,78.0,31.75,93.8,493.23,Low,Rain,10.5,High Risk,High,473.3
TRK-112,DRV-812,Ananya Sen,Dry Bulk Carrier (Tata Ultra T.19),2026-09-05T10:23:54.206321,17.61603,77.73567,69.2,28.6,88.3,464.22,Low,Rain,15.8,High Risk,High,503.0
TRK-112,DRV-812,Ananya Sen,Dry Bulk Carrier (Tata Ultra T.19),2026-09-05T10:27:54.206321,17.63209,77.46368,61.3,31.94,85.2,435.21,Moderate,Rain,21.1,High Risk,High,637.7
TRK-112,DRV-812,Ananya Sen,Dry Bulk Carrier (Tata Ultra T.19),2026-09-05T10:31:54.206321,17.67158,77.19334,51.5,28.94,80.7,406.19,Moderate,Rain,26.3,High Risk,High,708.6
TRK-112,DRV-812,Ananya Sen,Dry Bulk Carrier (Tata Ultra T.19),2026-09-05T10:35:54.206321,17.71106,76.92301,85.6,30.65,76.9,377.18,Low,Rain,31.6,High Risk,High,329.4
TRK-112,DRV-812,Ananya Sen,Dry Bulk Carrier (Tata Ultra T.19),2026-09-05T10:39:54.206321,17.81422,76.675,73.1,31.35,70.5,348.17,Moderate,Rain,36.8,High Risk,High,424.5
TRK-112,DRV-812,Ananya Sen,Dry Bulk Carrier (Tata Ultra T.19),2026-09-05T10:43:54.206321,17.79015,76.41611,52.2,35.07,68.5,319.15,High,Rain,42.1,High Risk,High,687.7
TRK-112,DRV-812,Ananya Sen,Dry Bulk Carrier (Tata Ultra T.19),2026-09-05T10:47:54.206321,17.7226,76.15177,64.1,28.7,64.6,290.14,Low,Rain,47.4,High Risk,High,335.1
TRK-112,DRV-812,Ananya Sen,Dry Bulk Carrier (Tata Ultra T.19),2026-09-05T10:51:54.206321,17.67003,75.88986,66.5,29.55,59.4,261.12,Low,Rain,52.6,High Risk,High,294.5
TRK-112,DRV-812,Ananya Sen,Dry Bulk Carrier (Tata Ultra T.19),2026-09-05T10:55:54.206321,17.81123,75.65937,80.5,29.6,59.1,232.11,Low,Rain,57.9,High Risk,High,218.6
TRK-112,DRV-812,Ananya Sen,Dry Bulk Carrier (Tata Ultra T.19),2026-09-05T10:59:54.206321,17.89518,75.40031,35.5,41.59,52.2,203.1,Severe,Rain,63.2,Delayed,High,851.3
TRK-112,DRV-812,Ananya Sen,Dry Bulk Carrier (Tata Ultra T.19),2026-09-05T11:03:54.206321,17.97615,75.13977,56.5,31.28,51.3,174.08,Moderate,Rain,68.4,High Risk,High,273.4
TRK-112,DRV-812,Ananya Sen,Dry Bulk Carrier (Tata Ultra T.19),2026-09-05T11:07:54.206321,18.05711,74.87922,75.5,28.33,43.2,145.07,Low,Rain,73.7,High Risk,High,145.7
TRK-112,DRV-812,Ananya Sen,Dry Bulk Carrier (Tata Ultra T.19),2026-09-05T11:11:54.206321,18.13808,74.61868,82.4,27.2,41.1,116.06,Low,Rain,78.9,In Transit,Moderate,100.7
TRK-112,DRV-812,Ananya Sen,Dry Bulk Carrier (Tata Ultra T.19),2026-09-05T11:15:54.206321,18.37107,74.58061,32.2,40.62,35.9,87.04,Severe,Rain,84.2,Delayed,High,403.2
TRK-112,DRV-812,Ananya Sen,Dry Bulk Carrier (Tata Ultra T.19),2026-09-05T11:19:54.206321,18.47511,74.40381,41.0,34.38,35.9,58.03,High,Rain,89.5,High Risk,High,151.6
TRK-112,DRV-812,Ananya Sen,Dry Bulk Carrier (Tata Ultra T.19),2026-09-05T11:23:54.206321,18.49448,74.12983,72.1,28.27,26.0,29.01,Low,Rain,94.7,In Transit,Low,33.4
TRK-112,DRV-812,Ananya Sen,Dry Bulk Carrier (Tata Ultra T.19),2026-09-05T11:27:54.206321,18.5204,73.8567,75.3,28.02,24.9,0.0,Low,Rain,100.0,Arrived,Low,5.3
TRK-112,DRV-812,Ananya Sen,Dry Bulk Carrier (Tata Ultra T.19),2026-09-06T00:11:54.206321,17.385,78.4867,57.1,31.74,98.4,551.26,Moderate,Clear,0.0,High Risk,High,694.9
TRK-112,DRV-812,Ananya Sen,Dry Bulk Carrier (Tata Ultra T.19),2026-09-06T00:15:54.206321,17.53067,78.25964,67.5,33.34,98.5,522.25,High,Clear,5.3,High Risk,High,704.8
TRK-112,DRV-812,Ananya Sen,Dry Bulk Carrier (Tata Ultra T.19),2026-09-06T00:19:54.206321,17.61918,78.00903,93.3,25.36,90.4,493.23,Low,Clear,10.5,In Transit,Low,313.7
TRK-112,DRV-812,Ananya Sen,Dry Bulk Carrier (Tata Ultra T.19),2026-09-06T00:23:54.206321,17.61603,77.73567,61.0,27.84,83.9,464.22,Moderate,Clear,15.8,High Risk,High,549.9
TRK-112,DRV-812,Ananya Sen,Dry Bulk Carrier (Tata Ultra T.19),2026-09-06T00:27:54.206321,17.63209,77.46368,49.3,30.47,81.6,435.21,High,Clear,21.1,High Risk,High,796.9
TRK-112,DRV-812,Ananya Sen,Dry Bulk Carrier (Tata Ultra T.19),2026-09-06T00:31:54.206321,17.67158,77.19334,68.0,29.49,80.5,406.19,Moderate,Clear,26.3,High Risk,High,425.3
TRK-112,DRV-812,Ananya Sen,Dry Bulk Carrier (Tata Ultra T.19),2026-09-06T00:35:54.206321,17.71106,76.92301,89.4,28.92,75.0,377.18,Low,Clear,31.6,In Transit,Low,248.7
TRK-112,DRV-812,Ananya Sen,Dry Bulk Carrier (Tata Ultra T.19),2026-09-06T00:39:54.206321,17.81422,76.675,93.0,27.02,75.0,348.17,Low,Clear,36.8,In Transit,Low,225.8
TRK-112,DRV-812,Ananya Sen,Dry Bulk Carrier (Tata Ultra T.19),2026-09-06T00:43:54.206321,17.79015,76.41611,49.9,36.32,68.6,319.15,High,Clear,42.1,High Risk,High,580.2
TRK-112,DRV-812,Ananya Sen,Dry Bulk Carrier (Tata Ultra T.19),2026-09-06T00:47:54.206321,17.7226,76.15177,92.3,28.14,67.0,290.14,Low,Clear,47.4,In Transit,Low,194.0
TRK-112,DRV-812,Ananya Sen,Dry Bulk Carrier (Tata Ultra T.19),2026-09-06T00:51:54.206321,17.67003,75.88986,93.9,28.24,59.3,261.12,Low,Clear,52.6,In Transit,Low,166.4
TRK-112,DRV-812,Ananya Sen,Dry Bulk Carrier (Tata Ultra T.19),2026-09-06T00:55:54.206321,17.81123,75.65937,47.4,38.24,53.3,232.11,Severe,Clear,57.9,High Risk,High,586.8
TRK-112,DRV-812,Ananya Sen,Dry Bulk Carrier (Tata Ultra T.19),2026-09-06T00:59:54.206321,17.89518,75.40031,84.5,26.1,53.9,203.1,Low,Clear,63.2,In Transit,Low,147.5
TRK-112,DRV-812,Ananya Sen,Dry Bulk Carrier (Tata Ultra T.19),2026-09-06T01:03:54.206321,17.97615,75.13977,86.6,30.1,47.0,174.08,Low,Clear,68.4,In Transit,Low,122.2
TRK-112,DRV-812,Ananya Sen,Dry Bulk Carrier (Tata Ultra T.19),2026-09-06T01:07:54.206321,18.05711,74.87922,55.5,30.4,40.5,145.07,High,Clear,73.7,High Risk,High,232.7
TRK-112,DRV-812,Ananya Sen,Dry Bulk Carrier (Tata Ultra T.19),2026-09-06T01:11:54.206321,18.13808,74.61868,75.6,37.24,43.2,116.06,Moderate,Clear,78.9,High Risk,High,117.7
TRK-112,DRV-812,Ananya Sen,Dry Bulk Carrier (Tata Ultra T.19),2026-09-06T01:15:54.206321,18.37107,74.58061,46.5,38.98,37.7,87.04,Severe,Clear,84.2,High Risk,High,224.8
TRK-112,DRV-812,Ananya Sen,Dry Bulk Carrier (Tata Ultra T.19),2026-09-06T01:19:54.206321,18.47511,74.40381,88.1,25.0,30.9,58.03,Low,Clear,89.5,In Transit,Low,41.7
TRK-112,DRV-812,Ananya Sen,Dry Bulk Carrier (Tata Ultra T.19),2026-09-06T01:23:54.206321,18.49448,74.12983,55.3,32.96,25.8,29.01,High,Clear,94.7,In Transit,Moderate,43.6
TRK-112,DRV-812,Ananya Sen,Dry Bulk Carrier (Tata Ultra T.19),2026-09-06T01:27:54.206321,18.5204,73.8567,81.4,31.46,23.6,0.0,Moderate,Clear,100.0,Arrived,Low,3.0
TRK-112,DRV-812,Ananya Sen,Dry Bulk Carrier (Tata Ultra T.19),2026-09-06T14:11:54.206321,17.385,78.4867,62.2,33.12,100.0,551.26,Moderate,Rain,0.0,High Risk,High,797.0
TRK-112,DRV-812,Ananya Sen,Dry Bulk Carrier (Tata Ultra T.19),2026-09-06T14:15:54.206321,17.53067,78.25964,62.6,29.82,96.2,522.25,Moderate,Rain,5.3,High Risk,High,751.6
TRK-112,DRV-812,Ananya Sen,Dry Bulk Carrier (Tata Ultra T.19),2026-09-06T14:19:54.206321,17.61918,78.00903,62.0,30.97,95.4,493.23,Moderate,Rain,10.5,High Risk,High,708.4
TRK-112,DRV-812,Ananya Sen,Dry Bulk Carrier (Tata Ultra T.19),2026-09-06T14:23:54.206321,17.61603,77.73567,73.4,31.41,92.1,464.22,Low,Rain,15.8,High Risk,High,471.8
TRK-112,DRV-812,Ananya Sen,Dry Bulk Carrier (Tata Ultra T.19),2026-09-06T14:27:54.206321,17.63209,77.46368,60.1,33.14,86.5,435.21,Moderate,Rain,21.1,High Risk,High,652.6
TRK-112,DRV-812,Ananya Sen,Dry Bulk Carrier (Tata Ultra T.19),2026-09-06T14:31:54.206321,17.67158,77.19334,38.2,39.91,79.3,406.19,Severe,Rain,26.3,Delayed,High,1597.3
TRK-112,DRV-812,Ananya Sen,Dry Bulk Carrier (Tata Ultra T.19),2026-09-06T14:35:54.206321,17.71106,76.92301,64.6,28.9,76.2,377.18,Moderate,Rain,31.6,High Risk,High,526.6
TRK-112,DRV-812,Ananya Sen,Dry Bulk Carrier (Tata Ultra T.19),2026-09-06T14:39:54.206321,17.81422,76.675,78.7,29.51,71.5,348.17,Low,Rain,36.8,High Risk,High,334.0
TRK-112,DRV-812,Ananya Sen,Dry Bulk Carrier (Tata Ultra T.19),2026-09-06T14:43:54.206321,17.79015,76.41611,83.1,28.01,67.4,319.15,Low,Rain,42.1,High Risk,High,293.6
TRK-112,DRV-812,Ananya Sen,Dry Bulk Carrier (Tata Ultra T.19),2026-09-06T14:47:54.206321,17.7226,76.15177,59.0,31.85,62.5,290.14,Moderate,Rain,47.4,High Risk,High,439.1
TRK-112,DRV-812,Ananya Sen,Dry Bulk Carrier (Tata Ultra T.19),2026-09-06T14:51:54.206321,17.67003,75.88986,71.7,30.86,61.7,261.12,Moderate,Rain,52.6,High Risk,High,331.4
TRK-112,DRV-812,Ananya Sen,Dry Bulk Carrier (Tata Ultra T.19),2026-09-06T14:55:54.206321,17.81123,75.65937,83.2,28.57,58.9,232.11,Low,Rain,57.9,High Risk,High,208.0
TRK-112,DRV-812,Ananya Sen,Dry Bulk Carrier (Tata Ultra T.19),2026-09-06T14:59:54.206321,17.89518,75.40031,68.5,30.64,53.2,203.1,Moderate,Rain,63.2,High Risk,High,264.7
TRK-112,DRV-812,Ananya Sen,Dry Bulk Carrier (Tata Ultra T.19),2026-09-06T15:03:54.206321,17.97615,75.13977,68.7,29.12,52.0,174.08,Moderate,Rain,68.4,High Risk,High,223.5
TRK-112,DRV-812,Ananya Sen,Dry Bulk Carrier (Tata Ultra T.19),2026-09-06T15:07:54.206321,18.05711,74.87922,81.4,25.7,44.6,145.07,Low,Rain,73.7,In Transit,Moderate,128.2
TRK-112,DRV-812,Ananya Sen,Dry Bulk Carrier (Tata Ultra T.19),2026-09-06T15:11:54.206321,18.13808,74.61868,84.7,28.06,38.1,116.06,Low,Rain,78.9,High Risk,High,107.5
TRK-112,DRV-812,Ananya Sen,Dry Bulk Carrier (Tata Ultra T.19),2026-09-06T15:15:54.206321,18.37107,74.58061,71.1,29.79,34.8,87.04,Low,Rain,84.2,In Transit,Moderate,96.3
TRK-112,DRV-812,Ananya Sen,Dry Bulk Carrier (Tata Ultra T.19),2026-09-06T15:19:54.206321,18.47511,74.40381,61.4,29.28,32.4,58.03,Moderate,Rain,89.5,High Risk,High,83.3
TRK-112,DRV-812,Ananya Sen,Dry Bulk Carrier (Tata Ultra T.19),2026-09-06T15:23:54.206321,18.49448,74.12983,70.4,27.95,30.2,29.01,Low,Rain,94.7,In Transit,Low,32.9
TRK-112,DRV-812,Ananya Sen,Dry Bulk Carrier (Tata Ultra T.19),2026-09-06T15:27:54.206321,18.5204,73.8567,74.7,29.26,26.8,0.0,Low,Rain,100.0,Arrived,Low,3.6
TRK-112,DRV-812,Ananya Sen,Dry Bulk Carrier (Tata Ultra T.19),2026-09-07T04:11:54.206321,17.385,78.4867,54.7,32.87,101.1,551.26,High,Rain,0.0,High Risk,High,1132.7
TRK-112,DRV-812,Ananya Sen,Dry Bulk Carrier (Tata Ultra T.19),2026-09-07T04:15:54.206321,17.53067,78.25964,75.3,31.11,96.3,522.25,Moderate,Rain,5.3,High Risk,High,625.1
TRK-112,DRV-812,Ananya Sen,Dry Bulk Carrier (Tata Ultra T.19),2026-09-07T04:19:54.206321,17.61918,78.00903,81.1,28.67,92.3,493.23,Low,Rain,10.5,High Risk,High,459.6
TRK-112,DRV-812,Ananya Sen,Dry Bulk Carrier (Tata Ultra T.19),2026-09-07T04:23:54.206321,17.61603,77.73567,79.2,28.65,88.7,464.22,Low,Rain,15.8,High Risk,High,438.7
TRK-112,DRV-812,Ananya Sen,Dry Bulk Carrier (Tata Ultra T.19),2026-09-07T04:27:54.206321,17.63209,77.46368,48.5,32.54,81.3,435.21,High,Rain,21.1,High Risk,High,1006.5
TRK-112,DRV-812,Ananya Sen,Dry Bulk Carrier (Tata Ultra T.19),2026-09-07T04:31:54.206321,17.67158,77.19334,81.3,30.17,81.7,406.19,Low,Rain,26.3,High Risk,High,375.3
TRK-112,DRV-812,Ananya Sen,Dry Bulk Carrier (Tata Ultra T.19),2026-09-07T04:35:54.206321,17.71106,76.92301,41.3,33.16,73.8,377.18,High,Rain,31.6,High Risk,High,1030.3
TRK-112,DRV-812,Ananya Sen,Dry Bulk Carrier (Tata Ultra T.19),2026-09-07T04:39:54.206321,17.81422,76.675,75.9,28.39,74.6,348.17,Low,Rain,36.8,High Risk,High,345.5
TRK-112,DRV-812,Ananya Sen,Dry Bulk Carrier (Tata Ultra T.19),2026-09-07T04:43:54.206321,17.79015,76.41611,44.7,40.31,67.2,319.15,Severe,Rain,42.1,High Risk,High,1072.2
TRK-112,DRV-812,Ananya Sen,Dry Bulk Carrier (Tata Ultra T.19),2026-09-07T04:47:54.206321,17.7226,76.15177,69.1,27.25,65.8,290.14,Low,Rain,47.4,High Risk,High,314.5
TRK-112,DRV-812,Ananya Sen,Dry Bulk Carrier (Tata Ultra T.19),2026-09-07T04:51:54.206321,17.67003,75.88986,66.6,31.72,59.5,261.12,Moderate,Rain,52.6,High Risk,High,352.3
TRK-112,DRV-812,Ananya Sen,Dry Bulk Carrier (Tata Ultra T.19),2026-09-07T04:55:54.206321,17.81123,75.65937,74.7,33.33,57.0,232.11,Moderate,Rain,57.9,High Risk,High,279.7
TRK-112,DRV-812,Ananya Sen,Dry Bulk Carrier (Tata Ultra T.19),2026-09-07T04:59:54.206321,17.89518,75.40031,54.2,34.25,55.1,203.1,High,Rain,63.2,High Risk,High,427.7
TRK-112,DRV-812,Ananya Sen,Dry Bulk Carrier (Tata Ultra T.19),2026-09-07T05:03:54.206321,17.97615,75.13977,44.9,38.55,48.3,174.08,High,Rain,68.4,High Risk,High,436.8
TRK-112,DRV-812,Ananya Sen,Dry Bulk Carrier (Tata Ultra T.19),2026-09-07T05:07:54.206321,18.05711,74.87922,72.4,26.62,47.3,145.07,Low,Rain,73.7,High Risk,High,155.7
TRK-112,DRV-812,Ananya Sen,Dry Bulk Carrier (Tata Ultra T.19),2026-09-07T05:11:54.206321,18.13808,74.61868,63.7,32.32,42.1,116.06,Moderate,Rain,78.9,High Risk,High,167.0
TRK-112,DRV-812,Ananya Sen,Dry Bulk Carrier (Tata Ultra T.19),2026-09-07T05:15:54.206321,18.37107,74.58061,41.0,41.84,38.0,87.04,Severe,Rain,84.2,High Risk,High,319.9
TRK-112,DRV-812,Ananya Sen,Dry Bulk Carrier (Tata Ultra T.19),2026-09-07T05:19:54.206321,18.47511,74.40381,49.0,35.63,34.9,58.03,High,Rain,89.5,High Risk,High,140.1
TRK-112,DRV-812,Ananya Sen,Dry Bulk Carrier (Tata Ultra T.19),2026-09-07T05:23:54.206321,18.49448,74.12983,67.8,27.77,31.2,29.01,Low,Rain,94.7,In Transit,Low,29.6
TRK-112,DRV-812,Ananya Sen,Dry Bulk Carrier (Tata Ultra T.19),2026-09-07T05:27:54.206321,18.5204,73.8567,58.7,38.5,26.6,0.0,High,Rain,100.0,In Transit,Moderate,0.5
TRK-112,DRV-812,Ananya Sen,Dry Bulk Carrier (Tata Ultra T.19),2026-09-07T18:11:54.206321,17.385,78.4867,73.4,28.28,102.3,551.26,Low,Rain,0.0,High Risk,High,562.5
TRK-112,DRV-812,Ananya Sen,Dry Bulk Carrier (Tata Ultra T.19),2026-09-07T18:15:54.206321,17.53067,78.25964,55.1,35.63,93.1,522.25,High,Rain,5.3,High Risk,High,1062.2
TRK-112,DRV-812,Ananya Sen,Dry Bulk Carrier (Tata Ultra T.19),2026-09-07T18:19:54.206321,17.61918,78.00903,76.0,27.45,89.2,493.23,Low,Rain,10.5,High Risk,High,488.3
TRK-112,DRV-812,Ananya Sen,Dry Bulk Carrier (Tata Ultra T.19),2026-09-07T18:23:54.206321,17.61603,77.73567,48.7,35.56,83.0,464.22,Moderate,Rain,15.8,High Risk,High,859.6
TRK-112,DRV-812,Ananya Sen,Dry Bulk Carrier (Tata Ultra T.19),2026-09-07T18:27:54.206321,17.63209,77.46368,53.7,34.27,85.5,435.21,High,Rain,21.1,High Risk,High,911.8
TRK-112,DRV-812,Ananya Sen,Dry Bulk Carrier (Tata Ultra T.19),2026-09-07T18:31:54.206321,17.67158,77.19334,69.3,29.03,81.8,406.19,Moderate,Rain,26.3,High Risk,High,528.0
TRK-112,DRV-812,Ananya Sen,Dry Bulk Carrier (Tata Ultra T.19),2026-09-07T18:35:54.206321,17.71106,76.92301,52.4,32.66,78.2,377.18,Moderate,Rain,31.6,High Risk,High,651.7
TRK-112,DRV-812,Ananya Sen,Dry Bulk Carrier (Tata Ultra T.19),2026-09-07T18:39:54.206321,17.81422,76.675,82.9,28.1,72.2,348.17,Low,Rain,36.8,High Risk,High,312.5
TRK-112,DRV-812,Ananya Sen,Dry Bulk Carrier (Tata Ultra T.19),2026-09-07T18:43:54.206321,17.79015,76.41611,76.7,28.72,67.5,319.15,Low,Rain,42.1,High Risk,High,311.9
TRK-112,DRV-812,Ananya Sen,Dry Bulk Carrier (Tata Ultra T.19),2026-09-07T18:47:54.206321,17.7226,76.15177,75.4,34.43,64.6,290.14,Moderate,Rain,47.4,High Risk,High,342.2
TRK-112,DRV-812,Ananya Sen,Dry Bulk Carrier (Tata Ultra T.19),2026-09-07T18:51:54.206321,17.67003,75.88986,83.3,28.54,61.7,261.12,Low,Rain,52.6,High Risk,High,232.7
TRK-112,DRV-812,Ananya Sen,Dry Bulk Carrier (Tata Ultra T.19),2026-09-07T18:55:54.206321,17.81123,75.65937,66.1,32.27,59.7,232.11,Moderate,Rain,57.9,High Risk,High,312.5
TRK-112,DRV-812,Ananya Sen,Dry Bulk Carrier (Tata Ultra T.19),2026-09-07T18:59:54.206321,17.89518,75.40031,78.4,26.46,51.4,203.1,Low,Rain,63.2,High Risk,High,193.6
TRK-112,DRV-812,Ananya Sen,Dry Bulk Carrier (Tata Ultra T.19),2026-09-07T19:03:54.206321,17.97615,75.13977,38.9,34.7,46.5,174.08,High,Rain,68.4,Delayed,High,508.3
TRK-112,DRV-812,Ananya Sen,Dry Bulk Carrier (Tata Ultra T.19),2026-09-07T19:07:54.206321,18.05711,74.87922,73.8,33.54,45.1,145.07,Moderate,Rain,73.7,High Risk,High,176.3
TRK-112,DRV-812,Ananya Sen,Dry Bulk Carrier (Tata Ultra T.19),2026-09-07T19:11:54.206321,18.13808,74.61868,61.7,29.9,44.5,116.06,Moderate,Rain,78.9,High Risk,High,167.8
TRK-112,DRV-812,Ananya Sen,Dry Bulk Carrier (Tata Ultra T.19),2026-09-07T19:15:54.206321,18.37107,74.58061,66.8,31.57,36.3,87.04,Moderate,Rain,84.2,High Risk,High,111.6
TRK-112,DRV-812,Ananya Sen,Dry Bulk Carrier (Tata Ultra T.19),2026-09-07T19:19:54.206321,18.47511,74.40381,82.8,30.57,32.9,58.03,Low,Rain,89.5,In Transit,Low,48.6
TRK-112,DRV-812,Ananya Sen,Dry Bulk Carrier (Tata Ultra T.19),2026-09-07T19:23:54.206321,18.49448,74.12983,81.5,30.34,28.1,29.01,Low,Rain,94.7,In Transit,Low,22.0
TRK-112,DRV-812,Ananya Sen,Dry Bulk Carrier (Tata Ultra T.19),2026-09-07T19:27:54.206321,18.5204,73.8567,62.4,31.4,27.4,0.0,Moderate,Rain,100.0,Arrived,Low,0.5
TRK-112,DRV-812,Ananya Sen,Dry Bulk Carrier (Tata Ultra T.19),2026-09-08T08:11:54.206321,17.385,78.4867,81.4,27.36,100.3,551.26,Low,Rain,0.0,High Risk,High,510.4
TRK-112,DRV-812,Ananya Sen,Dry Bulk Carrier (Tata Ultra T.19),2026-09-08T08:15:54.206321,17.53067,78.25964,81.5,28.53,95.5,522.25,Low,Rain,5.3,High Risk,High,478.7
TRK-112,DRV-812,Ananya Sen,Dry Bulk Carrier (Tata Ultra T.19),2026-09-08T08:19:54.206321,17.61918,78.00903,56.5,29.82,93.7,493.23,High,Rain,10.5,High Risk,High,974.5
TRK-112,DRV-812,Ananya Sen,Dry Bulk Carrier (Tata Ultra T.19),2026-09-08T08:23:54.206321,17.61603,77.73567,85.4,28.37,88.2,464.22,Low,Rain,15.8,High Risk,High,411.1
TRK-112,DRV-812,Ananya Sen,Dry Bulk Carrier (Tata Ultra T.19),2026-09-08T08:27:54.206321,17.63209,77.46368,86.3,31.55,85.6,435.21,Low,Rain,21.1,High Risk,High,384.0
TRK-112,DRV-812,Ananya Sen,Dry Bulk Carrier (Tata Ultra T.19),2026-09-08T08:31:54.206321,17.67158,77.19334,80.4,28.85,78.9,406.19,Low,Rain,26.3,High Risk,High,379.3
TRK-112,DRV-812,Ananya Sen,Dry Bulk Carrier (Tata Ultra T.19),2026-09-08T08:35:54.206321,17.71106,76.92301,34.8,40.1,76.8,377.18,Severe,Rain,31.6,Delayed,High,1622.5
TRK-112,DRV-812,Ananya Sen,Dry Bulk Carrier (Tata Ultra T.19),2026-09-08T08:39:54.206321,17.81422,76.675,77.0,28.89,72.5,348.17,Low,Rain,36.8,High Risk,High,337.2
TRK-112,DRV-812,Ananya Sen,Dry Bulk Carrier (Tata Ultra T.19),2026-09-08T08:43:54.206321,17.79015,76.41611,51.5,36.08,68.8,319.15,High,Rain,42.1,High Risk,High,701.4
TRK-112,DRV-812,Ananya Sen,Dry Bulk Carrier (Tata Ultra T.19),2026-09-08T08:47:54.206321,17.7226,76.15177,69.5,31.14,64.1,290.14,Low,Rain,47.4,High Risk,High,314.2
TRK-112,DRV-812,Ananya Sen,Dry Bulk Carrier (Tata Ultra T.19),2026-09-08T08:51:54.206321,17.67003,75.88986,52.4,31.0,60.4,261.12,Moderate,Rain,52.6,High Risk,High,447.7
TRK-112,DRV-812,Ananya Sen,Dry Bulk Carrier (Tata Ultra T.19),2026-09-08T08:55:54.206321,17.81123,75.65937,80.6,33.04,54.1,232.11,Low,Rain,57.9,High Risk,High,215.0
TRK-112,DRV-812,Ananya Sen,Dry Bulk Carrier (Tata Ultra T.19),2026-09-08T08:59:54.206321,17.89518,75.40031,71.2,31.86,50.1,203.1,Moderate,Rain,63.2,High Risk,High,256.0
TRK-112,DRV-812,Ananya Sen,Dry Bulk Carrier (Tata Ultra T.19),2026-09-08T09:03:54.206321,17.97615,75.13977,76.7,28.51,50.1,174.08,Low,Rain,68.4,High Risk,High,173.3
TRK-112,DRV-812,Ananya Sen,Dry Bulk Carrier (Tata Ultra T.19),2026-09-08T09:07:54.206321,18.05711,74.87922,68.4,28.69,50.3,145.07,Low,Rain,73.7,High Risk,High,158.7
TRK-112,DRV-812,Ananya Sen,Dry Bulk Carrier (Tata Ultra T.19),2026-09-08T09:11:54.206321,18.13808,74.61868,57.0,28.26,40.1,116.06,Moderate,Rain,78.9,High Risk,High,176.1
TRK-112,DRV-812,Ananya Sen,Dry Bulk Carrier (Tata Ultra T.19),2026-09-08T09:15:54.206321,18.37107,74.58061,62.8,30.29,38.9,87.04,Moderate,Rain,84.2,High Risk,High,122.8
TRK-112,DRV-812,Ananya Sen,Dry Bulk Carrier (Tata Ultra T.19),2026-09-08T09:19:54.206321,18.47511,74.40381,56.7,35.58,33.1,58.03,High,Rain,89.5,High Risk,High,114.1
TRK-112,DRV-812,Ananya Sen,Dry Bulk Carrier (Tata Ultra T.19),2026-09-08T09:23:54.206321,18.49448,74.12983,65.0,32.71,28.5,29.01,Moderate,Rain,94.7,In Transit,Moderate,40.6
TRK-112,DRV-812,Ananya Sen,Dry Bulk Carrier (Tata Ultra T.19),2026-09-08T09:27:54.206321,18.5204,73.8567,80.0,26.54,23.6,0.0,Low,Rain,100.0,Arrived,Low,1.6
TRK-112,DRV-812,Ananya Sen,Dry Bulk Carrier (Tata Ultra T.19),2026-09-08T22:11:54.206321,17.385,78.4867,84.4,24.74,99.5,551.26,Low,Clear,0.0,In Transit,Low,393.3
TRK-112,DRV-812,Ananya Sen,Dry Bulk Carrier (Tata Ultra T.19),2026-09-08T22:15:54.206321,17.53067,78.25964,92.2,25.06,96.1,522.25,Low,Clear,5.3,In Transit,Low,343.2
TRK-112,DRV-812,Ananya Sen,Dry Bulk Carrier (Tata Ultra T.19),2026-09-08T22:19:54.206321,17.61918,78.00903,93.2,26.89,87.7,493.23,Low,Clear,10.5,In Transit,Low,326.8
TRK-112,DRV-812,Ananya Sen,Dry Bulk Carrier (Tata Ultra T.19),2026-09-08T22:23:54.206321,17.61603,77.73567,68.3,28.73,88.3,464.22,Moderate,Clear,15.8,High Risk,High,492.5
TRK-112,DRV-812,Ananya Sen,Dry Bulk Carrier (Tata Ultra T.19),2026-09-08T22:27:54.206321,17.63209,77.46368,57.1,33.05,81.3,435.21,High,Clear,21.1,High Risk,High,687.3
TRK-112,DRV-812,Ananya Sen,Dry Bulk Carrier (Tata Ultra T.19),2026-09-08T22:31:54.206321,17.67158,77.19334,79.2,24.39,78.7,406.19,Low,Clear,26.3,In Transit,Low,309.9
TRK-112,DRV-812,Ananya Sen,Dry Bulk Carrier (Tata Ultra T.19),2026-09-08T22:35:54.206321,17.71106,76.92301,85.4,25.76,73.8,377.18,Low,Clear,31.6,In Transit,Low,268.2
TRK-112,DRV-812,Ananya Sen,Dry Bulk Carrier (Tata Ultra T.19),2026-09-08T22:39:54.206321,17.81422,76.675,53.1,33.32,71.4,348.17,High,Clear,36.8,High Risk,High,590.5
TRK-112,DRV-812,Ananya Sen,Dry Bulk Carrier (Tata Ultra T.19),2026-09-08T22:43:54.206321,17.79015,76.41611,94.9,25.04,65.7,319.15,Low,Clear,42.1,In Transit,Low,200.4
TRK-112,DRV-812,Ananya Sen,Dry Bulk Carrier (Tata Ultra T.19),2026-09-08T22:47:54.206321,17.7226,76.15177,91.7,23.66,64.8,290.14,Low,Clear,47.4,In Transit,Low,191.6
TRK-112,DRV-812,Ananya Sen,Dry Bulk Carrier (Tata Ultra T.19),2026-09-08T22:51:54.206321,17.67003,75.88986,60.1,26.38,59.2,261.12,Moderate,Clear,52.6,High Risk,High,309.7
TRK-112,DRV-812,Ananya Sen,Dry Bulk Carrier (Tata Ultra T.19),2026-09-08T22:55:54.206321,17.81123,75.65937,88.1,27.91,57.9,232.11,Low,Clear,57.9,In Transit,Low,153.8
TRK-112,DRV-812,Ananya Sen,Dry Bulk Carrier (Tata Ultra T.19),2026-09-08T22:59:54.206321,17.89518,75.40031,78.5,29.71,52.0,203.1,Moderate,Clear,63.2,High Risk,High,181.7
TRK-112,DRV-812,Ananya Sen,Dry Bulk Carrier (Tata Ultra T.19),2026-09-08T23:03:54.206321,17.97615,75.13977,39.8,39.85,49.2,174.08,Severe,Clear,68.4,Delayed,High,524.8
TRK-112,DRV-812,Ananya Sen,Dry Bulk Carrier (Tata Ultra T.19),2026-09-08T23:07:54.206321,18.05711,74.87922,72.2,31.69,45.5,145.07,Moderate,Clear,73.7,High Risk,High,146.9
TRK-112,DRV-812,Ananya Sen,Dry Bulk Carrier (Tata Ultra T.19),2026-09-08T23:11:54.206321,18.13808,74.61868,67.1,31.37,38.9,116.06,Moderate,Clear,78.9,In Transit,Moderate,123.6
TRK-112,DRV-812,Ananya Sen,Dry Bulk Carrier (Tata Ultra T.19),2026-09-08T23:15:54.206321,18.37107,74.58061,77.7,29.38,37.3,87.04,Low,Clear,84.2,In Transit,Low,74.3
TRK-112,DRV-812,Ananya Sen,Dry Bulk Carrier (Tata Ultra T.19),2026-09-08T23:19:54.206321,18.47511,74.40381,74.6,30.49,30.1,58.03,Moderate,Clear,89.5,In Transit,Moderate,60.1
TRK-112,DRV-812,Ananya Sen,Dry Bulk Carrier (Tata Ultra T.19),2026-09-08T23:23:54.206321,18.49448,74.12983,57.6,31.86,30.8,29.01,High,Clear,94.7,In Transit,Moderate,43.6
TRK-112,DRV-812,Ananya Sen,Dry Bulk Carrier (Tata Ultra T.19),2026-09-08T23:27:54.206321,18.5204,73.8567,96.5,22.56,28.0,0.0,Low,Clear,100.0,Arrived,Low,0.5
TRK-112,DRV-812,Ananya Sen,Dry Bulk Carrier (Tata Ultra T.19),2026-09-09T12:11:54.206321,17.385,78.4867,88.5,25.43,97.6,551.26,Low,Rain,0.0,High Risk,High,466.1
TRK-112,DRV-812,Ananya Sen,Dry Bulk Carrier (Tata Ultra T.19),2026-09-09T12:15:54.206321,17.53067,78.25964,81.4,27.58,96.1,522.25,Low,Rain,5.3,High Risk,High,481.4
TRK-112,DRV-812,Ananya Sen,Dry Bulk Carrier (Tata Ultra T.19),2026-09-09T12:19:54.206321,17.61918,78.00903,61.9,30.32,89.2,493.23,Moderate,Rain,10.5,High Risk,High,716.5
TRK-112,DRV-812,Ananya Sen,Dry Bulk Carrier (Tata Ultra T.19),2026-09-09T12:23:54.206321,17.61603,77.73567,75.5,28.22,87.2,464.22,Low,Rain,15.8,High Risk,High,463.8
TRK-112,DRV-812,Ananya Sen,Dry Bulk Carrier (Tata Ultra T.19),2026-09-09T12:27:54.206321,17.63209,77.46368,79.5,30.93,86.8,435.21,Low,Rain,21.1,High Risk,High,408.0
TRK-112,DRV-812,Ananya Sen,Dry Bulk Carrier (Tata Ultra T.19),2026-09-09T12:31:54.206321,17.67158,77.19334,86.2,29.41,80.8,406.19,Low,Rain,26.3,High Risk,High,353.6
TRK-112,DRV-812,Ananya Sen,Dry Bulk Carrier (Tata Ultra T.19),2026-09-09T12:35:54.206321,17.71106,76.92301,56.7,35.78,77.6,377.18,High,Rain,31.6,High Risk,High,749.0
TRK-112,DRV-812,Ananya Sen,Dry Bulk Carrier (Tata Ultra T.19),2026-09-09T12:39:54.206321,17.81422,76.675,84.4,24.11,72.8,348.17,Low,Rain,36.8,High Risk,High,311.8
TRK-112,DRV-812,Ananya Sen,Dry Bulk Carrier (Tata Ultra T.19),2026-09-09T12:43:54.206321,17.79015,76.41611,61.8,31.61,66.9,319.15,Moderate,Rain,42.1,High Risk,High,463.9
TRK-112,DRV-812,Ananya Sen,Dry Bulk Carrier (Tata Ultra T.19),2026-09-09T12:47:54.206321,17.7226,76.15177,58.1,38.03,68.5,290.14,High,Rain,47.4,High Risk,High,559.1
TRK-112,DRV-812,Ananya Sen,Dry Bulk Carrier (Tata Ultra T.19),2026-09-09T12:51:54.206321,17.67003,75.88986,69.6,31.08,58.9,261.12,Moderate,Rain,52.6,High Risk,High,335.6
TRK-112,DRV-812,Ananya Sen,Dry Bulk Carrier (Tata Ultra T.19),2026-09-09T12:55:54.206321,17.81123,75.65937,60.0,30.34,55.4,232.11,Moderate,Rain,57.9,High Risk,High,350.8
TRK-112,DRV-812,Ananya Sen,Dry Bulk Carrier (Tata Ultra T.19),2026-09-09T12:59:54.206321,17.89518,75.40031,65.4,26.78,49.6,203.1,Low,Rain,63.2,High Risk,High,234.3
TRK-112,DRV-812,Ananya Sen,Dry Bulk Carrier (Tata Ultra T.19),2026-09-09T13:03:54.206321,17.97615,75.13977,34.0,41.42,45.7,174.08,Severe,Rain,68.4,Delayed,High,770.9
TRK-112,DRV-812,Ananya Sen,Dry Bulk Carrier (Tata Ultra T.19),2026-09-09T13:07:54.206321,18.05711,74.87922,78.8,27.01,44.8,145.07,Low,Rain,73.7,In Transit,Moderate,135.1
TRK-112,DRV-812,Ananya Sen,Dry Bulk Carrier (Tata Ultra T.19),2026-09-09T13:11:54.206321,18.13808,74.61868,58.4,33.69,40.4,116.06,Moderate,Rain,78.9,High Risk,High,174.6
TRK-112,DRV-812,Ananya Sen,Dry Bulk Carrier (Tata Ultra T.19),2026-09-09T13:15:54.206321,18.37107,74.58061,66.8,27.83,39.7,87.04,Low,Rain,84.2,In Transit,Moderate,100.9
TRK-112,DRV-812,Ananya Sen,Dry Bulk Carrier (Tata Ultra T.19),2026-09-09T13:19:54.206321,18.47511,74.40381,49.9,30.93,34.3,58.03,Moderate,Rain,89.5,High Risk,High,104.8
TRK-112,DRV-812,Ananya Sen,Dry Bulk Carrier (Tata Ultra T.19),2026-09-09T13:23:54.206321,18.49448,74.12983,41.0,39.03,27.5,29.01,Severe,Rain,94.7,High Risk,High,110.8
TRK-112,DRV-812,Ananya Sen,Dry Bulk Carrier (Tata Ultra T.19),2026-09-09T13:27:54.206321,18.5204,73.8567,80.3,29.69,22.8,0.0,Low,Rain,100.0,Arrived,Low,0.5
TRK-112,DRV-812,Ananya Sen,Dry Bulk Carrier (Tata Ultra T.19),2026-09-10T02:11:54.206321,17.385,78.4867,68.0,32.35,103.1,551.26,Low,Heatwave,0.0,High Risk,High,681.1
TRK-112,DRV-812,Ananya Sen,Dry Bulk Carrier (Tata Ultra T.19),2026-09-10T02:15:54.206321,17.53067,78.25964,40.9,41.97,97.7,522.25,Severe,Heatwave,5.3,High Risk,High,2141.6
TRK-112,DRV-812,Ananya Sen,Dry Bulk Carrier (Tata Ultra T.19),2026-09-10T02:19:54.206321,17.61918,78.00903,57.5,31.31,93.1,493.23,Moderate,Heatwave,10.5,High Risk,High,860.8
TRK-112,DRV-812,Ananya Sen,Dry Bulk Carrier (Tata Ultra T.19),2026-09-10T02:23:54.206321,17.61603,77.73567,56.3,33.93,86.4,464.22,Moderate,Heatwave,15.8,High Risk,High,829.9
TRK-112,DRV-812,Ananya Sen,Dry Bulk Carrier (Tata Ultra T.19),2026-09-10T02:27:54.206321,17.63209,77.46368,72.6,30.4,87.6,435.21,Low,Heatwave,21.1,High Risk,High,497.9
TRK-112,DRV-812,Ananya Sen,Dry Bulk Carrier (Tata Ultra T.19),2026-09-10T02:31:54.206321,17.67158,77.19334,69.9,28.32,79.2,406.19,Low,Heatwave,26.3,High Risk,High,489.6
TRK-112,DRV-812,Ananya Sen,Dry Bulk Carrier (Tata Ultra T.19),2026-09-10T02:35:54.206321,17.71106,76.92301,60.3,31.63,76.6,377.18,Moderate,Heatwave,31.6,High Risk,High,626.4
TRK-112,DRV-812,Ananya Sen,Dry Bulk Carrier (Tata Ultra T.19),2026-09-10T02:39:54.206321,17.81422,76.675,75.7,27.64,74.3,348.17,Low,Heatwave,36.8,High Risk,High,385.8
TRK-112,DRV-812,Ananya Sen,Dry Bulk Carrier (Tata Ultra T.19),2026-09-10T02:43:54.206321,17.79015,76.41611,67.0,29.73,67.2,319.15,Low,Heatwave,42.1,High Risk,High,403.4
TRK-112,DRV-812,Ananya Sen,Dry Bulk Carrier (Tata Ultra T.19),2026-09-10T02:47:54.206321,17.7226,76.15177,65.5,34.85,63.9,290.14,Moderate,Heatwave,47.4,High Risk,High,443.0
TRK-112,DRV-812,Ananya Sen,Dry Bulk Carrier (Tata Ultra T.19),2026-09-10T02:51:54.206321,17.67003,75.88986,74.5,31.77,63.3,261.12,Low,Heatwave,52.6,High Risk,High,296.4
TRK-112,DRV-812,Ananya Sen,Dry Bulk Carrier (Tata Ultra T.19),2026-09-10T02:55:54.206321,17.81123,75.65937,59.0,33.93,56.0,232.11,Moderate,Heatwave,57.9,High Risk,High,390.8
TRK-112,DRV-812,Ananya Sen,Dry Bulk Carrier (Tata Ultra T.19),2026-09-10T02:59:54.206321,17.89518,75.40031,36.8,41.31,49.2,203.1,Severe,Heatwave,63.2,Delayed,High,927.3
TRK-112,DRV-812,Ananya Sen,Dry Bulk Carrier (Tata Ultra T.19),2026-09-10T03:03:54.206321,17.97615,75.13977,82.3,31.86,48.7,174.08,Low,Heatwave,68.4,High Risk,High,178.5
TRK-112,DRV-812,Ananya Sen,Dry Bulk Carrier (Tata Ultra T.19),2026-09-10T03:07:54.206321,18.05711,74.87922,74.7,27.28,43.2,145.07,Low,Heatwave,73.7,High Risk,High,165.3
TRK-112,DRV-812,Ananya Sen,Dry Bulk Carrier (Tata Ultra T.19),2026-09-10T03:11:54.206321,18.13808,74.61868,78.5,30.11,42.5,116.06,Low,Heatwave,78.9,High Risk,High,127.2
TRK-112,DRV-812,Ananya Sen,Dry Bulk Carrier (Tata Ultra T.19),2026-09-10T03:15:54.206321,18.37107,74.58061,43.8,39.02,32.3,87.04,High,Heatwave,84.2,High Risk,High,247.9
TRK-112,DRV-812,Ananya Sen,Dry Bulk Carrier (Tata Ultra T.19),2026-09-10T03:19:54.206321,18.47511,74.40381,51.7,36.36,34.8,58.03,High,Heatwave,89.5,High Risk,High,144.3
TRK-112,DRV-812,Ananya Sen,Dry Bulk Carrier (Tata Ultra T.19),2026-09-10T03:23:54.206321,18.49448,74.12983,55.6,39.21,28.1,29.01,High,Heatwave,94.7,High Risk,High,62.1
TRK-112,DRV-812,Ananya Sen,Dry Bulk Carrier (Tata Ultra T.19),2026-09-10T03:27:54.206321,18.5204,73.8567,55.7,34.04,23.9,0.0,Moderate,Heatwave,100.0,Arrived,Low,1.1
TRK-112,DRV-812,Ananya Sen,Dry Bulk Carrier (Tata Ultra T.19),2026-09-10T16:11:54.206321,17.385,78.4867,72.3,32.12,103.1,551.26,Low,Rain,0.0,High Risk,High,564.6
TRK-112,DRV-812,Ananya Sen,Dry Bulk Carrier (Tata Ultra T.19),2026-09-10T16:15:54.206321,17.53067,78.25964,68.1,28.27,96.7,522.25,Low,Rain,5.3,High Risk,High,579.7
TRK-112,DRV-812,Ananya Sen,Dry Bulk Carrier (Tata Ultra T.19),2026-09-10T16:19:54.206321,17.61918,78.00903,53.2,34.66,94.5,493.23,High,Rain,10.5,High Risk,High,1043.2
TRK-112,DRV-812,Ananya Sen,Dry Bulk Carrier (Tata Ultra T.19),2026-09-10T16:23:54.206321,17.61603,77.73567,59.9,29.03,89.0,464.22,Moderate,Rain,15.8,High Risk,High,699.7
TRK-112,DRV-812,Ananya Sen,Dry Bulk Carrier (Tata Ultra T.19),2026-09-10T16:27:54.206321,17.63209,77.46368,64.1,30.59,83.5,435.21,Moderate,Rain,21.1,High Risk,High,609.6
TRK-112,DRV-812,Ananya Sen,Dry Bulk Carrier (Tata Ultra T.19),2026-09-10T16:31:54.206321,17.67158,77.19334,78.8,30.81,79.4,406.19,Low,Rain,26.3,High Risk,High,395.2
TRK-112,DRV-812,Ananya Sen,Dry Bulk Carrier (Tata Ultra T.19),2026-09-10T16:35:54.206321,17.71106,76.92301,76.3,27.38,76.5,377.18,Low,Rain,31.6,High Risk,High,374.6
TRK-112,DRV-812,Ananya Sen,Dry Bulk Carrier (Tata Ultra T.19),2026-09-10T16:39:54.206321,17.81422,76.675,69.8,32.21,73.9,348.17,Moderate,Rain,36.8,High Risk,High,450.6
TRK-112,DRV-812,Ananya Sen,Dry Bulk Carrier (Tata Ultra T.19),2026-09-10T16:43:54.206321,17.79015,76.41611,75.3,31.88,67.6,319.15,Low,Rain,42.1,High Risk,High,317.2
TRK-112,DRV-812,Ananya Sen,Dry Bulk Carrier (Tata Ultra T.19),2026-09-10T16:47:54.206321,17.7226,76.15177,71.6,27.29,61.9,290.14,Low,Rain,47.4,High Risk,High,305.5
TRK-112,DRV-812,Ananya Sen,Dry Bulk Carrier (Tata Ultra T.19),2026-09-10T16:51:54.206321,17.67003,75.88986,78.8,29.82,63.9,261.12,Low,Rain,52.6,High Risk,High,253.6
TRK-112,DRV-812,Ananya Sen,Dry Bulk Carrier (Tata Ultra T.19),2026-09-10T16:55:54.206321,17.81123,75.65937,34.7,38.72,59.3,232.11,Severe,Rain,57.9,Delayed,High,1002.7
TRK-112,DRV-812,Ananya Sen,Dry Bulk Carrier (Tata Ultra T.19),2026-09-10T16:59:54.206321,17.89518,75.40031,69.6,31.69,52.8,203.1,Moderate,Rain,63.2,High Risk,High,263.9
TRK-112,DRV-812,Ananya Sen,Dry Bulk Carrier (Tata Ultra T.19),2026-09-10T17:03:54.206321,17.97615,75.13977,41.9,38.18,50.9,174.08,Severe,Rain,68.4,High Risk,High,618.1
TRK-112,DRV-812,Ananya Sen,Dry Bulk Carrier (Tata Ultra T.19),2026-09-10T17:07:54.206321,18.05711,74.87922,50.6,36.04,45.8,145.07,High,Rain,73.7,High Risk,High,325.9
TRK-112,DRV-812,Ananya Sen,Dry Bulk Carrier (Tata Ultra T.19),2026-09-10T17:11:54.206321,18.13808,74.61868,75.2,32.07,42.3,116.06,Low,Rain,78.9,High Risk,High,125.0
TRK-112,DRV-812,Ananya Sen,Dry Bulk Carrier (Tata Ultra T.19),2026-09-10T17:15:54.206321,18.37107,74.58061,67.1,28.74,35.2,87.04,Moderate,Rain,84.2,High Risk,High,122.0
TRK-112,DRV-812,Ananya Sen,Dry Bulk Carrier (Tata Ultra T.19),2026-09-10T17:19:54.206321,18.47511,74.40381,70.3,28.13,30.2,58.03,Moderate,Rain,89.5,In Transit,Moderate,74.5
TRK-112,DRV-812,Ananya Sen,Dry Bulk Carrier (Tata Ultra T.19),2026-09-10T17:23:54.206321,18.49448,74.12983,40.9,43.21,31.6,29.01,Severe,Rain,94.7,High Risk,High,108.7
TRK-112,DRV-812,Ananya Sen,Dry Bulk Carrier (Tata Ultra T.19),2026-09-10T17:27:54.206321,18.5204,73.8567,55.0,30.27,23.4,0.0,Moderate,Rain,100.0,Arrived,Low,0.5
TRK-112,DRV-812,Ananya Sen,Dry Bulk Carrier (Tata Ultra T.19),2026-09-11T06:11:54.206321,17.385,78.4867,74.7,32.46,100.6,551.26,Low,Rain,0.0,High Risk,High,553.7
TRK-112,DRV-812,Ananya Sen,Dry Bulk Carrier (Tata Ultra T.19),2026-09-11T06:15:54.206321,17.53067,78.25964,66.0,32.24,99.7,522.25,Moderate,Rain,5.3,High Risk,High,712.7
TRK-112,DRV-812,Ananya Sen,Dry Bulk Carrier (Tata Ultra T.19),2026-09-11T06:19:54.206321,17.61918,78.00903,41.5,38.83,88.4,493.23,Severe,Rain,10.5,High Risk,High,1784.3
TRK-112,DRV-812,Ananya Sen,Dry Bulk Carrier (Tata Ultra T.19),2026-09-11T06:23:54.206321,17.61603,77.73567,64.5,26.96,91.9,464.22,Moderate,Rain,15.8,High Risk,High,648.2
TRK-112,DRV-812,Ananya Sen,Dry Bulk Carrier (Tata Ultra T.19),2026-09-11T06:27:54.206321,17.63209,77.46368,74.1,29.09,83.0,435.21,Low,Rain,21.1,High Risk,High,434.5
TRK-112,DRV-812,Ananya Sen,Dry Bulk Carrier (Tata Ultra T.19),2026-09-11T06:31:54.206321,17.67158,77.19334,78.7,32.05,79.1,406.19,Low,Rain,26.3,High Risk,High,381.9
TRK-112,DRV-812,Ananya Sen,Dry Bulk Carrier (Tata Ultra T.19),2026-09-11T06:35:54.206321,17.71106,76.92301,83.8,27.46,77.3,377.18,Low,Rain,31.6,High Risk,High,337.7
TRK-112,DRV-812,Ananya Sen,Dry Bulk Carrier (Tata Ultra T.19),2026-09-11T06:39:54.206321,17.81422,76.675,83.3,33.68,75.1,348.17,Low,Rain,36.8,High Risk,High,313.5
TRK-112,DRV-812,Ananya Sen,Dry Bulk Carrier (Tata Ultra T.19),2026-09-11T06:43:54.206321,17.79015,76.41611,86.1,29.36,67.1,319.15,Low,Rain,42.1,High Risk,High,281.8
TRK-112,DRV-812,Ananya Sen,Dry Bulk Carrier (Tata Ultra T.19),2026-09-11T06:47:54.206321,17.7226,76.15177,67.6,30.2,62.2,290.14,Moderate,Rain,47.4,High Risk,High,383.2
TRK-112,DRV-812,Ananya Sen,Dry Bulk Carrier (Tata Ultra T.19),2026-09-11T06:51:54.206321,17.67003,75.88986,76.6,29.41,63.1,261.12,Low,Rain,52.6,High Risk,High,255.5
TRK-112,DRV-812,Ananya Sen,Dry Bulk Carrier (Tata Ultra T.19),2026-09-11T06:55:54.206321,17.81123,75.65937,73.9,26.51,52.3,232.11,Low,Rain,57.9,High Risk,High,241.8
TRK-112,DRV-812,Ananya Sen,Dry Bulk Carrier (Tata Ultra T.19),2026-09-11T06:59:54.206321,17.89518,75.40031,77.9,29.64,54.5,203.1,Low,Rain,63.2,High Risk,High,191.7
TRK-112,DRV-812,Ananya Sen,Dry Bulk Carrier (Tata Ultra T.19),2026-09-11T07:03:54.206321,17.97615,75.13977,72.2,27.9,47.5,174.08,Low,Rain,68.4,High Risk,High,184.4
TRK-112,DRV-812,Ananya Sen,Dry Bulk Carrier (Tata Ultra T.19),2026-09-11T07:07:54.206321,18.05711,74.87922,68.1,30.44,44.6,145.07,Moderate,Rain,73.7,High Risk,High,197.0
TRK-112,DRV-812,Ananya Sen,Dry Bulk Carrier (Tata Ultra T.19),2026-09-11T07:11:54.206321,18.13808,74.61868,73.9,27.0,40.7,116.06,Low,Rain,78.9,High Risk,High,120.9
TRK-112,DRV-812,Ananya Sen,Dry Bulk Carrier (Tata Ultra T.19),2026-09-11T07:15:54.206321,18.37107,74.58061,70.1,25.22,37.5,87.04,Low,Rain,84.2,In Transit,Moderate,86.2
TRK-112,DRV-812,Ananya Sen,Dry Bulk Carrier (Tata Ultra T.19),2026-09-11T07:19:54.206321,18.47511,74.40381,71.2,30.76,30.6,58.03,Low,Rain,89.5,In Transit,Low,57.8
TRK-112,DRV-812,Ananya Sen,Dry Bulk Carrier (Tata Ultra T.19),2026-09-11T07:23:54.206321,18.49448,74.12983,43.5,31.85,29.4,29.01,High,Rain,94.7,High Risk,High,77.8
TRK-112,DRV-812,Ananya Sen,Dry Bulk Carrier (Tata Ultra T.19),2026-09-11T07:27:54.206321,18.5204,73.8567,36.7,42.79,25.2,0.0,Severe,Rain,100.0,Arrived,Low,0.5
TRK-112,DRV-812,Ananya Sen,Dry Bulk Carrier (Tata Ultra T.19),2026-09-11T20:11:54.206321,17.385,78.4867,85.2,26.65,98.8,551.26,Low,Clear,0.0,In Transit,Low,387.5
TRK-112,DRV-812,Ananya Sen,Dry Bulk Carrier (Tata Ultra T.19),2026-09-11T20:15:54.206321,17.53067,78.25964,71.6,29.88,93.3,522.25,Moderate,Clear,5.3,High Risk,High,518.2
TRK-112,DRV-812,Ananya Sen,Dry Bulk Carrier (Tata Ultra T.19),2026-09-11T20:19:54.206321,17.61918,78.00903,82.2,28.4,93.6,493.23,Low,Clear,10.5,In Transit,Low,360.4
TRK-112,DRV-812,Ananya Sen,Dry Bulk Carrier (Tata Ultra T.19),2026-09-11T20:23:54.206321,17.61603,77.73567,86.6,27.54,85.6,464.22,Low,Clear,15.8,In Transit,Low,328.7
TRK-112,DRV-812,Ananya Sen,Dry Bulk Carrier (Tata Ultra T.19),2026-09-11T20:27:54.206321,17.63209,77.46368,57.1,30.36,83.2,435.21,High,Clear,21.1,High Risk,High,690.8
TRK-112,DRV-812,Ananya Sen,Dry Bulk Carrier (Tata Ultra T.19),2026-09-11T20:31:54.206321,17.67158,77.19334,80.6,28.0,80.3,406.19,Low,Clear,26.3,In Transit,Low,309.0
TRK-112,DRV-812,Ananya Sen,Dry Bulk Carrier (Tata Ultra T.19),2026-09-11T20:35:54.206321,17.71106,76.92301,58.0,30.71,77.3,377.18,High,Clear,31.6,High Risk,High,580.5
TRK-112,DRV-812,Ananya Sen,Dry Bulk Carrier (Tata Ultra T.19),2026-09-11T20:39:54.206321,17.81422,76.675,83.8,29.46,73.5,348.17,Low,Clear,36.8,In Transit,Low,249.8
TRK-112,DRV-812,Ananya Sen,Dry Bulk Carrier (Tata Ultra T.19),2026-09-11T20:43:54.206321,17.79015,76.41611,47.6,39.27,68.4,319.15,Severe,Clear,42.1,High Risk,High,808.1
TRK-112,DRV-812,Ananya Sen,Dry Bulk Carrier (Tata Ultra T.19),2026-09-11T20:47:54.206321,17.7226,76.15177,92.4,28.59,64.9,290.14,Low,Clear,47.4,In Transit,Low,189.2
TRK-112,DRV-812,Ananya Sen,Dry Bulk Carrier (Tata Ultra T.19),2026-09-11T20:51:54.206321,17.67003,75.88986,82.1,26.5,60.2,261.12,Low,Clear,52.6,In Transit,Low,189.4
TRK-112,DRV-812,Ananya Sen,Dry Bulk Carrier (Tata Ultra T.19),2026-09-11T20:55:54.206321,17.81123,75.65937,66.4,28.92,57.7,232.11,Moderate,Clear,57.9,High Risk,High,248.1
TRK-112,DRV-812,Ananya Sen,Dry Bulk Carrier (Tata Ultra T.19),2026-09-11T20:59:54.206321,17.89518,75.40031,64.1,28.76,55.1,203.1,Moderate,Clear,63.2,High Risk,High,224.2
TRK-112,DRV-812,Ananya Sen,Dry Bulk Carrier (Tata Ultra T.19),2026-09-11T21:03:54.206321,17.97615,75.13977,81.6,25.76,49.4,174.08,Low,Clear,68.4,In Transit,Low,130.9
TRK-112,DRV-812,Ananya Sen,Dry Bulk Carrier (Tata Ultra T.19),2026-09-11T21:07:54.206321,18.05711,74.87922,85.2,27.19,43.7,145.07,Low,Clear,73.7,In Transit,Low,99.5
TRK-112,DRV-812,Ananya Sen,Dry Bulk Carrier (Tata Ultra T.19),2026-09-11T21:11:54.206321,18.13808,74.61868,79.3,31.6,42.7,116.06,Moderate,Clear,78.9,In Transit,Low,96.3
TRK-112,DRV-812,Ananya Sen,Dry Bulk Carrier (Tata Ultra T.19),2026-09-11T21:15:54.206321,18.37107,74.58061,85.6,27.42,38.3,87.04,Low,Clear,84.2,In Transit,Low,52.3
TRK-112,DRV-812,Ananya Sen,Dry Bulk Carrier (Tata Ultra T.19),2026-09-11T21:19:54.206321,18.47511,74.40381,79.2,27.79,33.3,58.03,Low,Clear,89.5,In Transit,Low,44.0
TRK-112,DRV-812,Ananya Sen,Dry Bulk Carrier (Tata Ultra T.19),2026-09-11T21:23:54.206321,18.49448,74.12983,59.3,32.0,31.7,29.01,High,Clear,94.7,In Transit,Moderate,47.9
TRK-112,DRV-812,Ananya Sen,Dry Bulk Carrier (Tata Ultra T.19),2026-09-11T21:27:54.206321,18.5204,73.8567,58.5,31.48,23.2,0.0,High,Clear,100.0,In Transit,Moderate,0.5
TRK-112,DRV-812,Ananya Sen,Dry Bulk Carrier (Tata Ultra T.19),2026-09-12T10:11:54.206321,17.385,78.4867,71.1,32.08,100.7,551.26,Moderate,Clear,0.0,High Risk,High,567.8
TRK-112,DRV-812,Ananya Sen,Dry Bulk Carrier (Tata Ultra T.19),2026-09-12T10:15:54.206321,17.53067,78.25964,92.2,28.17,91.7,522.25,Low,Clear,5.3,In Transit,Low,333.3
TRK-112,DRV-812,Ananya Sen,Dry Bulk Carrier (Tata Ultra T.19),2026-09-12T10:19:54.206321,17.61918,78.00903,62.4,27.61,88.9,493.23,Moderate,Clear,10.5,High Risk,High,567.6
TRK-112,DRV-812,Ananya Sen,Dry Bulk Carrier (Tata Ultra T.19),2026-09-12T10:23:54.206321,17.61603,77.73567,49.7,33.99,89.4,464.22,High,Clear,15.8,High Risk,High,845.0
TRK-112,DRV-812,Ananya Sen,Dry Bulk Carrier (Tata Ultra T.19),2026-09-12T10:27:54.206321,17.63209,77.46368,38.0,34.26,81.7,435.21,High,Clear,21.1,Delayed,High,1024.6
TRK-112,DRV-812,Ananya Sen,Dry Bulk Carrier (Tata Ultra T.19),2026-09-12T10:31:54.206321,17.67158,77.19334,102.9,25.07,81.2,406.19,Low,Clear,26.3,In Transit,Low,235.7
TRK-112,DRV-812,Ananya Sen,Dry Bulk Carrier (Tata Ultra T.19),2026-09-12T10:35:54.206321,17.71106,76.92301,81.7,28.22,76.6,377.18,Low,Clear,31.6,In Transit,Low,277.7
TRK-112,DRV-812,Ananya Sen,Dry Bulk Carrier (Tata Ultra T.19),2026-09-12T10:39:54.206321,17.81422,76.675,82.3,27.03,71.8,348.17,Low,Clear,36.8,In Transit,Low,255.7
TRK-112,DRV-812,Ananya Sen,Dry Bulk Carrier (Tata Ultra T.19),2026-09-12T10:43:54.206321,17.79015,76.41611,71.4,30.28,67.9,319.15,Moderate,Clear,42.1,High Risk,High,325.8
TRK-112,DRV-812,Ananya Sen,Dry Bulk Carrier (Tata Ultra T.19),2026-09-12T10:47:54.206321,17.7226,76.15177,56.7,37.63,62.2,290.14,High,Clear,47.4,High Risk,High,461.4
TRK-112,DRV-812,Ananya Sen,Dry Bulk Carrier (Tata Ultra T.19),2026-09-12T10:51:54.206321,17.67003,75.88986,79.5,24.75,62.4,261.12,Low,Clear,52.6,In Transit,Low,200.9
TRK-112,DRV-812,Ananya Sen,Dry Bulk Carrier (Tata Ultra T.19),2026-09-12T10:55:54.206321,17.81123,75.65937,81.5,30.27,56.1,232.11,Low,Clear,57.9,In Transit,Low,168.7
TRK-112,DRV-812,Ananya Sen,Dry Bulk Carrier (Tata Ultra T.19),2026-09-12T10:59:54.206321,17.89518,75.40031,87.3,27.56,53.7,203.1,Low,Clear,63.2,In Transit,Low,130.8
TRK-112,DRV-812,Ananya Sen,Dry Bulk Carrier (Tata Ultra T.19),2026-09-12T11:03:54.206321,17.97615,75.13977,73.5,30.58,49.1,174.08,Moderate,Clear,68.4,High Risk,High,168.9
TRK-112,DRV-812,Ananya Sen,Dry Bulk Carrier (Tata Ultra T.19),2026-09-12T11:07:54.206321,18.05711,74.87922,63.0,29.61,41.4,145.07,Moderate,Clear,73.7,High Risk,High,170.0
TRK-112,DRV-812,Ananya Sen,Dry Bulk Carrier (Tata Ultra T.19),2026-09-12T11:11:54.206321,18.13808,74.61868,73.3,27.35,38.7,116.06,Moderate,Clear,78.9,In Transit,Moderate,112.9
TRK-112,DRV-812,Ananya Sen,Dry Bulk Carrier (Tata Ultra T.19),2026-09-12T11:15:54.206321,18.37107,74.58061,77.7,25.49,38.1,87.04,Low,Clear,84.2,In Transit,Low,60.5
TRK-112,DRV-812,Ananya Sen,Dry Bulk Carrier (Tata Ultra T.19),2026-09-12T11:19:54.206321,18.47511,74.40381,67.6,29.3,32.0,58.03,Moderate,Clear,89.5,In Transit,Low,58.1
TRK-112,DRV-812,Ananya Sen,Dry Bulk Carrier (Tata Ultra T.19),2026-09-12T11:23:54.206321,18.49448,74.12983,73.6,28.79,29.8,29.01,Moderate,Clear,94.7,In Transit,Low,26.5
TRK-112,DRV-812,Ananya Sen,Dry Bulk Carrier (Tata Ultra T.19),2026-09-12T11:27:54.206321,18.5204,73.8567,57.1,31.03,26.0,0.0,High,Clear,100.0,In Transit,Moderate,5.5
TRK-112,DRV-812,Ananya Sen,Dry Bulk Carrier (Tata Ultra T.19),2026-09-13T00:11:54.206321,17.385,78.4867,71.2,30.54,100.4,551.26,Moderate,Clear,0.0,High Risk,High,560.0
TRK-112,DRV-812,Ananya Sen,Dry Bulk Carrier (Tata Ultra T.19),2026-09-13T00:15:54.206321,17.53067,78.25964,59.8,29.76,100.8,522.25,Moderate,Clear,5.3,High Risk,High,638.4
TRK-112,DRV-812,Ananya Sen,Dry Bulk Carrier (Tata Ultra T.19),2026-09-13T00:19:54.206321,17.61918,78.00903,82.8,26.16,90.7,493.23,Low,Clear,10.5,In Transit,Low,357.7
TRK-112,DRV-812,Ananya Sen,Dry Bulk Carrier (Tata Ultra T.19),2026-09-13T00:23:54.206321,17.61603,77.73567,88.4,30.83,87.7,464.22,Moderate,Clear,15.8,High Risk,High,378.5
TRK-112,DRV-812,Ananya Sen,Dry Bulk Carrier (Tata Ultra T.19),2026-09-13T00:27:54.206321,17.63209,77.46368,50.2,35.5,87.7,435.21,High,Clear,21.1,High Risk,High,777.6
TRK-112,DRV-812,Ananya Sen,Dry Bulk Carrier (Tata Ultra T.19),2026-09-13T00:31:54.206321,17.67158,77.19334,79.3,23.31,80.3,406.19,Low,Clear,26.3,In Transit,Low,312.4
TRK-112,DRV-812,Ananya Sen,Dry Bulk Carrier (Tata Ultra T.19),2026-09-13T00:35:54.206321,17.71106,76.92301,64.6,28.68,72.7,377.18,Moderate,Clear,31.6,High Risk,High,425.1
TRK-112,DRV-812,Ananya Sen,Dry Bulk Carrier (Tata Ultra T.19),2026-09-13T00:39:54.206321,17.81422,76.675,76.4,27.69,70.3,348.17,Low,Clear,36.8,In Transit,Low,273.8
TRK-112,DRV-812,Ananya Sen,Dry Bulk Carrier (Tata Ultra T.19),2026-09-13T00:43:54.206321,17.79015,76.41611,51.7,32.28,68.8,319.15,High,Clear,42.1,High Risk,High,548.7
TRK-112,DRV-812,Ananya Sen,Dry Bulk Carrier (Tata Ultra T.19),2026-09-13T00:47:54.206321,17.7226,76.15177,82.0,26.0,64.7,290.14,Low,Clear,47.4,In Transit,Low,218.0
TRK-112,DRV-812,Ananya Sen,Dry Bulk Carrier (Tata Ultra T.19),2026-09-13T00:51:54.206321,17.67003,75.88986,73.3,29.85,59.2,261.12,Moderate,Clear,52.6,High Risk,High,255.5
TRK-112,DRV-812,Ananya Sen,Dry Bulk Carrier (Tata Ultra T.19),2026-09-13T00:55:54.206321,17.81123,75.65937,68.9,30.79,59.0,232.11,Moderate,Clear,57.9,High Risk,High,243.8
TRK-112,DRV-812,Ananya Sen,Dry Bulk Carrier (Tata Ultra T.19),2026-09-13T00:59:54.206321,17.89518,75.40031,78.6,26.53,50.5,203.1,Low,Clear,63.2,In Transit,Low,155.7
TRK-112,DRV-812,Ananya Sen,Dry Bulk Carrier (Tata Ultra T.19),2026-09-13T01:03:54.206321,17.97615,75.13977,81.8,27.86,47.2,174.08,Low,Clear,68.4,In Transit,Low,127.5
TRK-112,DRV-812,Ananya Sen,Dry Bulk Carrier (Tata Ultra T.19),2026-09-13T01:07:54.206321,18.05711,74.87922,88.6,25.84,41.7,145.07,Low,Clear,73.7,In Transit,Low,100.3
TRK-112,DRV-812,Ananya Sen,Dry Bulk Carrier (Tata Ultra T.19),2026-09-13T01:11:54.206321,18.13808,74.61868,77.5,28.18,37.5,116.06,Moderate,Clear,78.9,In Transit,Moderate,108.8
TRK-112,DRV-812,Ananya Sen,Dry Bulk Carrier (Tata Ultra T.19),2026-09-13T01:15:54.206321,18.37107,74.58061,81.2,27.77,41.6,87.04,Low,Clear,84.2,In Transit,Low,64.4
TRK-112,DRV-812,Ananya Sen,Dry Bulk Carrier (Tata Ultra T.19),2026-09-13T01:19:54.206321,18.47511,74.40381,59.9,33.11,29.4,58.03,High,Clear,89.5,In Transit,Moderate,82.8
TRK-112,DRV-812,Ananya Sen,Dry Bulk Carrier (Tata Ultra T.19),2026-09-13T01:23:54.206321,18.49448,74.12983,81.0,29.7,29.7,29.01,Low,Clear,94.7,In Transit,Low,21.8
TRK-112,DRV-812,Ananya Sen,Dry Bulk Carrier (Tata Ultra T.19),2026-09-13T01:27:54.206321,18.5204,73.8567,87.1,29.15,22.5,0.0,Low,Clear,100.0,Arrived,Low,0.5
TRK-113,DRV-813,Deepak Verma,Agri-Produce Hauler (Mahindra Furio 17),2026-09-02T10:11:54.206321,22.7196,75.8577,82.4,25.03,100.0,371.11,Low,Clear,0.0,In Transit,Low,267.8
TRK-113,DRV-813,Deepak Verma,Agri-Produce Hauler (Mahindra Furio 17),2026-09-02T10:15:54.206321,22.69675,75.6692,61.2,30.43,97.7,351.58,High,Clear,5.3,High Risk,High,517.0
TRK-113,DRV-813,Deepak Verma,Agri-Produce Hauler (Mahindra Furio 17),2026-09-02T10:19:54.206321,22.65748,75.48494,78.0,28.68,94.2,332.05,Moderate,Clear,10.5,High Risk,High,301.4
TRK-113,DRV-813,Deepak Verma,Agri-Produce Hauler (Mahindra Furio 17),2026-09-02T10:23:54.206321,22.59926,75.30557,82.9,26.42,91.0,312.51,Low,Clear,15.8,In Transit,Low,220.0
TRK-113,DRV-813,Deepak Verma,Agri-Produce Hauler (Mahindra Furio 17),2026-09-02T10:27:54.206321,22.63709,75.12052,79.5,25.02,85.4,292.98,Moderate,Clear,21.1,High Risk,High,259.2
TRK-113,DRV-813,Deepak Verma,Agri-Produce Hauler (Mahindra Furio 17),2026-09-02T10:31:54.206321,22.6771,74.93545,72.4,25.36,80.2,273.45,Moderate,Clear,26.3,High Risk,High,272.4
TRK-113,DRV-813,Deepak Verma,Agri-Produce Hauler (Mahindra Furio 17),2026-09-02T10:35:54.206321,22.71949,74.75085,71.0,25.87,77.5,253.92,Moderate,Clear,31.6,High Risk,High,255.4
TRK-113,DRV-813,Deepak Verma,Agri-Produce Hauler (Mahindra Furio 17),2026-09-02T10:39:54.206321,22.76189,74.56626,70.2,26.2,74.7,234.39,Moderate,Clear,36.8,High Risk,High,239.4
TRK-113,DRV-813,Deepak Verma,Agri-Produce Hauler (Mahindra Furio 17),2026-09-02T10:43:54.206321,22.80429,74.38166,86.9,27.05,66.7,214.85,Low,Clear,42.1,In Transit,Low,149.4
TRK-113,DRV-813,Deepak Verma,Agri-Produce Hauler (Mahindra Furio 17),2026-09-02T10:47:54.206321,22.83762,74.19828,56.0,31.49,63.6,195.32,High,Clear,47.4,High Risk,High,313.1
TRK-113,DRV-813,Deepak Verma,Agri-Produce Hauler (Mahindra Furio 17),2026-09-02T10:51:54.206321,22.83804,74.00799,65.9,27.04,61.0,175.79,Moderate,Clear,52.6,High Risk,High,185.9
TRK-113,DRV-813,Deepak Verma,Agri-Produce Hauler (Mahindra Furio 17),2026-09-02T10:55:54.206321,22.83846,73.8177,86.7,21.72,55.5,156.26,Low,Clear,57.9,In Transit,Low,111.1
TRK-113,DRV-813,Deepak Verma,Agri-Produce Hauler (Mahindra Furio 17),2026-09-02T10:59:54.206321,22.83887,73.62741,54.9,29.11,52.1,136.73,Moderate,Clear,63.2,High Risk,High,177.3
TRK-113,DRV-813,Deepak Verma,Agri-Produce Hauler (Mahindra Furio 17),2026-09-02T11:03:54.206321,22.9062,73.45256,70.4,25.27,48.4,117.19,Moderate,Clear,68.4,In Transit,Moderate,123.8
TRK-113,DRV-813,Deepak Verma,Agri-Produce Hauler (Mahindra Furio 17),2026-09-02T11:07:54.206321,22.92768,73.28226,92.4,24.69,44.8,97.66,Low,Clear,73.7,In Transit,Low,67.3
TRK-113,DRV-813,Deepak Verma,Agri-Produce Hauler (Mahindra Furio 17),2026-09-02T11:11:54.206321,22.83605,73.11969,67.8,26.59,38.6,78.13,Moderate,Clear,78.9,In Transit,Low,78.5
TRK-113,DRV-813,Deepak Verma,Agri-Produce Hauler (Mahindra Furio 17),2026-09-02T11:15:54.206321,22.74442,72.95711,70.3,27.47,36.9,58.6,Moderate,Clear,84.2,In Transit,Moderate,64.5
TRK-113,DRV-813,Deepak Verma,Agri-Produce Hauler (Mahindra Furio 17),2026-09-02T11:19:54.206321,22.74944,72.81236,59.5,30.32,35.4,39.06,High,Clear,89.5,In Transit,Moderate,55.1
TRK-113,DRV-813,Deepak Verma,Agri-Produce Hauler (Mahindra Furio 17),2026-09-02T11:23:54.206321,22.88597,72.69188,41.3,33.27,28.4,19.53,Severe,Clear,94.7,High Risk,High,58.5
TRK-113,DRV-813,Deepak Verma,Agri-Produce Hauler (Mahindra Furio 17),2026-09-02T11:27:54.206321,23.0225,72.5714,83.9,26.2,23.4,0.0,Low,Clear,100.0,Arrived,Low,4.1
TRK-113,DRV-813,Deepak Verma,Agri-Produce Hauler (Mahindra Furio 17),2026-09-03T00:11:54.206321,22.7196,75.8577,81.8,27.59,100.3,371.11,Low,Clear,0.0,In Transit,Low,272.2
TRK-113,DRV-813,Deepak Verma,Agri-Produce Hauler (Mahindra Furio 17),2026-09-03T00:15:54.206321,22.69675,75.6692,81.3,25.63,95.9,351.58,Low,Clear,5.3,In Transit,Low,263.3
TRK-113,DRV-813,Deepak Verma,Agri-Produce Hauler (Mahindra Furio 17),2026-09-03T00:19:54.206321,22.65748,75.48494,87.9,21.51,92.9,332.05,Low,Clear,10.5,In Transit,Low,224.5
TRK-113,DRV-813,Deepak Verma,Agri-Produce Hauler (Mahindra Furio 17),2026-09-03T00:23:54.206321,22.59926,75.30557,44.1,30.54,89.5,312.51,High,Clear,15.8,High Risk,High,642.3
TRK-113,DRV-813,Deepak Verma,Agri-Produce Hauler (Mahindra Furio 17),2026-09-03T00:27:54.206321,22.63709,75.12052,65.4,29.09,82.8,292.98,Moderate,Clear,21.1,High Risk,High,324.3
TRK-113,DRV-813,Deepak Verma,Agri-Produce Hauler (Mahindra Furio 17),2026-09-03T00:31:54.206321,22.6771,74.93545,82.0,25.24,79.5,273.45,Low,Clear,26.3,In Transit,Low,205.9
TRK-113,DRV-813,Deepak Verma,Agri-Produce Hauler (Mahindra Furio 17),2026-09-03T00:35:54.206321,22.71949,74.75085,56.6,29.87,75.2,253.92,High,Clear,31.6,High Risk,High,403.8
TRK-113,DRV-813,Deepak Verma,Agri-Produce Hauler (Mahindra Furio 17),2026-09-03T00:39:54.206321,22.76189,74.56626,78.7,25.78,74.1,234.39,Low,Clear,36.8,In Transit,Low,174.5
TRK-113,DRV-813,Deepak Verma,Agri-Produce Hauler (Mahindra Furio 17),2026-09-03T00:43:54.206321,22.80429,74.38166,60.9,25.35,70.5,214.85,Moderate,Clear,42.1,High Risk,High,257.4
TRK-113,DRV-813,Deepak Verma,Agri-Produce Hauler (Mahindra Furio 17),2026-09-03T00:47:54.206321,22.83762,74.19828,93.6,24.31,64.6,195.32,Low,Clear,47.4,In Transit,Low,125.6
TRK-113,DRV-813,Deepak Verma,Agri-Produce Hauler (Mahindra Furio 17),2026-09-03T00:51:54.206321,22.83804,74.00799,86.5,26.68,60.5,175.79,Low,Clear,52.6,In Transit,Low,120.8
TRK-113,DRV-813,Deepak Verma,Agri-Produce Hauler (Mahindra Furio 17),2026-09-03T00:55:54.206321,22.83846,73.8177,81.4,27.14,58.5,156.26,Moderate,Clear,57.9,High Risk,High,140.4
TRK-113,DRV-813,Deepak Verma,Agri-Produce Hauler (Mahindra Furio 17),2026-09-03T00:59:54.206321,22.83887,73.62741,69.5,26.66,51.4,136.73,Moderate,Clear,63.2,High Risk,High,143.8
TRK-113,DRV-813,Deepak Verma,Agri-Produce Hauler (Mahindra Furio 17),2026-09-03T01:03:54.206321,22.9062,73.45256,44.3,38.2,49.3,117.19,Severe,Clear,68.4,High Risk,High,321.0
TRK-113,DRV-813,Deepak Verma,Agri-Produce Hauler (Mahindra Furio 17),2026-09-03T01:07:54.206321,22.92768,73.28226,67.8,29.04,45.6,97.66,Moderate,Clear,73.7,In Transit,Moderate,105.7
TRK-113,DRV-813,Deepak Verma,Agri-Produce Hauler (Mahindra Furio 17),2026-09-03T01:11:54.206321,22.83605,73.11969,69.2,26.82,40.9,78.13,Low,Clear,78.9,In Transit,Low,61.1
TRK-113,DRV-813,Deepak Verma,Agri-Produce Hauler (Mahindra Furio 17),2026-09-03T01:15:54.206321,22.74442,72.95711,68.8,25.87,32.0,58.6,Moderate,Clear,84.2,In Transit,Low,58.2
TRK-113,DRV-813,Deepak Verma,Agri-Produce Hauler (Mahindra Furio 17),2026-09-03T01:19:54.206321,22.74944,72.81236,86.9,21.62,33.6,39.06,Low,Clear,89.5,In Transit,Low,23.0
TRK-113,DRV-813,Deepak Verma,Agri-Produce Hauler (Mahindra Furio 17),2026-09-03T01:23:54.206321,22.88597,72.69188,39.8,39.64,27.6,19.53,Severe,Clear,94.7,Delayed,High,58.6
TRK-113,DRV-813,Deepak Verma,Agri-Produce Hauler (Mahindra Furio 17),2026-09-03T01:27:54.206321,23.0225,72.5714,73.5,29.0,27.6,0.0,Moderate,Clear,100.0,Arrived,Low,2.0
TRK-113,DRV-813,Deepak Verma,Agri-Produce Hauler (Mahindra Furio 17),2026-09-03T14:11:54.206321,22.7196,75.8577,77.6,27.99,101.5,371.11,Low,Clear,0.0,In Transit,Low,281.9
TRK-113,DRV-813,Deepak Verma,Agri-Produce Hauler (Mahindra Furio 17),2026-09-03T14:15:54.206321,22.69675,75.6692,92.1,25.43,95.7,351.58,Low,Clear,5.3,In Transit,Low,230.6
TRK-113,DRV-813,Deepak Verma,Agri-Produce Hauler (Mahindra Furio 17),2026-09-03T14:19:54.206321,22.65748,75.48494,84.0,26.55,90.2,332.05,Low,Clear,10.5,In Transit,Low,233.9
TRK-113,DRV-813,Deepak Verma,Agri-Produce Hauler (Mahindra Furio 17),2026-09-03T14:23:54.206321,22.59926,75.30557,82.6,24.77,89.6,312.51,Low,Clear,15.8,In Transit,Low,228.3
TRK-113,DRV-813,Deepak Verma,Agri-Produce Hauler (Mahindra Furio 17),2026-09-03T14:27:54.206321,22.63709,75.12052,86.1,26.22,83.5,292.98,Low,Clear,21.1,In Transit,Low,200.7
TRK-113,DRV-813,Deepak Verma,Agri-Produce Hauler (Mahindra Furio 17),2026-09-03T14:31:54.206321,22.6771,74.93545,61.3,33.41,79.2,273.45,High,Clear,26.3,High Risk,High,402.1
TRK-113,DRV-813,Deepak Verma,Agri-Produce Hauler (Mahindra Furio 17),2026-09-03T14:35:54.206321,22.71949,74.75085,57.6,28.9,78.8,253.92,High,Clear,31.6,High Risk,High,395.3
TRK-113,DRV-813,Deepak Verma,Agri-Produce Hauler (Mahindra Furio 17),2026-09-03T14:39:54.206321,22.76189,74.56626,90.3,27.23,71.5,234.39,Low,Clear,36.8,In Transit,Low,155.0
TRK-113,DRV-813,Deepak Verma,Agri-Produce Hauler (Mahindra Furio 17),2026-09-03T14:43:54.206321,22.80429,74.38166,55.2,33.47,67.4,214.85,High,Clear,42.1,High Risk,High,353.7
TRK-113,DRV-813,Deepak Verma,Agri-Produce Hauler (Mahindra Furio 17),2026-09-03T14:47:54.206321,22.83762,74.19828,72.2,22.49,64.7,195.32,Low,Clear,47.4,In Transit,Low,157.8
TRK-113,DRV-813,Deepak Verma,Agri-Produce Hauler (Mahindra Furio 17),2026-09-03T14:51:54.206321,22.83804,74.00799,70.3,27.81,61.6,175.79,Moderate,Clear,52.6,High Risk,High,184.6
TRK-113,DRV-813,Deepak Verma,Agri-Produce Hauler (Mahindra Furio 17),2026-09-03T14:55:54.206321,22.83846,73.8177,82.3,21.75,54.5,156.26,Low,Clear,57.9,In Transit,Low,107.5
TRK-113,DRV-813,Deepak Verma,Agri-Produce Hauler (Mahindra Furio 17),2026-09-03T14:59:54.206321,22.83887,73.62741,81.3,28.77,56.9,136.73,Low,Clear,63.2,In Transit,Low,98.8
TRK-113,DRV-813,Deepak Verma,Agri-Produce Hauler (Mahindra Furio 17),2026-09-03T15:03:54.206321,22.9062,73.45256,90.8,26.28,47.6,117.19,Low,Clear,68.4,In Transit,Low,74.3
TRK-113,DRV-813,Deepak Verma,Agri-Produce Hauler (Mahindra Furio 17),2026-09-03T15:07:54.206321,22.92768,73.28226,89.7,24.96,44.8,97.66,Low,Clear,73.7,In Transit,Low,60.5
TRK-113,DRV-813,Deepak Verma,Agri-Produce Hauler (Mahindra Furio 17),2026-09-03T15:11:54.206321,22.83605,73.11969,53.1,34.85,43.0,78.13,High,Clear,78.9,High Risk,High,136.1
TRK-113,DRV-813,Deepak Verma,Agri-Produce Hauler (Mahindra Furio 17),2026-09-03T15:15:54.206321,22.74442,72.95711,83.1,26.77,37.5,58.6,Low,Clear,84.2,In Transit,Low,43.4
TRK-113,DRV-813,Deepak Verma,Agri-Produce Hauler (Mahindra Furio 17),2026-09-03T15:19:54.206321,22.74944,72.81236,78.9,24.41,31.9,39.06,Low,Clear,89.5,In Transit,Low,28.6
TRK-113,DRV-813,Deepak Verma,Agri-Produce Hauler (Mahindra Furio 17),2026-09-03T15:23:54.206321,22.88597,72.69188,83.6,25.05,26.3,19.53,Low,Clear,94.7,In Transit,Low,7.5
TRK-113,DRV-813,Deepak Verma,Agri-Produce Hauler (Mahindra Furio 17),2026-09-03T15:27:54.206321,23.0225,72.5714,41.5,38.26,25.0,0.0,Severe,Clear,100.0,Arrived,Low,4.6
TRK-113,DRV-813,Deepak Verma,Agri-Produce Hauler (Mahindra Furio 17),2026-09-04T04:11:54.206321,22.7196,75.8577,73.2,24.63,98.9,371.11,Low,Rain,0.0,High Risk,High,376.5
TRK-113,DRV-813,Deepak Verma,Agri-Produce Hauler (Mahindra Furio 17),2026-09-04T04:15:54.206321,22.69675,75.6692,41.5,28.93,95.9,351.58,High,Rain,5.3,High Risk,High,955.8
TRK-113,DRV-813,Deepak Verma,Agri-Produce Hauler (Mahindra Furio 17),2026-09-04T04:19:54.206321,22.65748,75.48494,78.4,27.29,92.3,332.05,Low,Rain,10.5,High Risk,High,316.3
TRK-113,DRV-813,Deepak Verma,Agri-Produce Hauler (Mahindra Furio 17),2026-09-04T04:23:54.206321,22.59926,75.30557,83.9,24.07,88.4,312.51,Low,Rain,15.8,High Risk,High,276.0
TRK-113,DRV-813,Deepak Verma,Agri-Produce Hauler (Mahindra Furio 17),2026-09-04T04:27:54.206321,22.63709,75.12052,46.3,35.6,80.8,292.98,High,Rain,21.1,High Risk,High,709.4
TRK-113,DRV-813,Deepak Verma,Agri-Produce Hauler (Mahindra Furio 17),2026-09-04T04:31:54.206321,22.6771,74.93545,56.7,33.72,81.9,273.45,High,Rain,26.3,High Risk,High,541.5
TRK-113,DRV-813,Deepak Verma,Agri-Produce Hauler (Mahindra Furio 17),2026-09-04T04:35:54.206321,22.71949,74.75085,52.5,34.21,74.4,253.92,High,Rain,31.6,High Risk,High,540.9
TRK-113,DRV-813,Deepak Verma,Agri-Produce Hauler (Mahindra Furio 17),2026-09-04T04:39:54.206321,22.76189,74.56626,49.2,34.53,73.6,234.39,High,Rain,36.8,High Risk,High,537.4
TRK-113,DRV-813,Deepak Verma,Agri-Produce Hauler (Mahindra Furio 17),2026-09-04T04:43:54.206321,22.80429,74.38166,64.5,30.94,71.5,214.85,Moderate,Rain,42.1,High Risk,High,302.1
TRK-113,DRV-813,Deepak Verma,Agri-Produce Hauler (Mahindra Furio 17),2026-09-04T04:47:54.206321,22.83762,74.19828,60.7,29.11,65.4,195.32,Moderate,Rain,47.4,High Risk,High,282.9
TRK-113,DRV-813,Deepak Verma,Agri-Produce Hauler (Mahindra Furio 17),2026-09-04T04:51:54.206321,22.83804,74.00799,55.4,30.73,57.6,175.79,High,Rain,52.6,High Risk,High,358.9
TRK-113,DRV-813,Deepak Verma,Agri-Produce Hauler (Mahindra Furio 17),2026-09-04T04:55:54.206321,22.83846,73.8177,76.7,29.54,56.4,156.26,Low,Rain,57.9,High Risk,High,150.4
TRK-113,DRV-813,Deepak Verma,Agri-Produce Hauler (Mahindra Furio 17),2026-09-04T04:59:54.206321,22.83887,73.62741,80.9,24.44,48.8,136.73,Low,Rain,63.2,High Risk,High,131.5
TRK-113,DRV-813,Deepak Verma,Agri-Produce Hauler (Mahindra Furio 17),2026-09-04T05:03:54.206321,22.9062,73.45256,69.9,30.55,49.6,117.19,Moderate,Rain,68.4,High Risk,High,147.3
TRK-113,DRV-813,Deepak Verma,Agri-Produce Hauler (Mahindra Furio 17),2026-09-04T05:07:54.206321,22.92768,73.28226,68.7,25.36,46.0,97.66,Low,Rain,73.7,In Transit,Moderate,106.9
TRK-113,DRV-813,Deepak Verma,Agri-Produce Hauler (Mahindra Furio 17),2026-09-04T05:11:54.206321,22.83605,73.11969,47.7,30.75,38.6,78.13,Moderate,Rain,78.9,High Risk,High,146.8
TRK-113,DRV-813,Deepak Verma,Agri-Produce Hauler (Mahindra Furio 17),2026-09-04T05:15:54.206321,22.74442,72.95711,88.8,25.61,38.9,58.6,Low,Rain,84.2,In Transit,Low,45.7
TRK-113,DRV-813,Deepak Verma,Agri-Produce Hauler (Mahindra Furio 17),2026-09-04T05:19:54.206321,22.74944,72.81236,49.0,33.67,31.7,39.06,High,Rain,89.5,High Risk,High,90.2
TRK-113,DRV-813,Deepak Verma,Agri-Produce Hauler (Mahindra Furio 17),2026-09-04T05:23:54.206321,22.88597,72.69188,66.7,27.02,29.9,19.53,Moderate,Rain,94.7,In Transit,Moderate,30.1
TRK-113,DRV-813,Deepak Verma,Agri-Produce Hauler (Mahindra Furio 17),2026-09-04T05:27:54.206321,23.0225,72.5714,50.8,29.95,23.7,0.0,Moderate,Rain,100.0,Arrived,Low,0.5
TRK-113,DRV-813,Deepak Verma,Agri-Produce Hauler (Mahindra Furio 17),2026-09-04T18:11:54.206321,22.7196,75.8577,64.1,29.76,102.8,371.11,High,Clear,0.0,High Risk,High,525.7
TRK-113,DRV-813,Deepak Verma,Agri-Produce Hauler (Mahindra Furio 17),2026-09-04T18:15:54.206321,22.69675,75.6692,76.2,25.5,97.5,351.58,Low,Clear,5.3,In Transit,Low,280.2
TRK-113,DRV-813,Deepak Verma,Agri-Produce Hauler (Mahindra Furio 17),2026-09-04T18:19:54.206321,22.65748,75.48494,85.3,27.38,93.4,332.05,Low,Clear,10.5,In Transit,Low,231.2
TRK-113,DRV-813,Deepak Verma,Agri-Produce Hauler (Mahindra Furio 17),2026-09-04T18:23:54.206321,22.59926,75.30557,52.3,35.05,87.1,312.51,Severe,Clear,15.8,High Risk,High,718.0
TRK-113,DRV-813,Deepak Verma,Agri-Produce Hauler (Mahindra Furio 17),2026-09-04T18:27:54.206321,22.63709,75.12052,86.1,26.81,86.6,292.98,Low,Clear,21.1,In Transit,Low,207.2
TRK-113,DRV-813,Deepak Verma,Agri-Produce Hauler (Mahindra Furio 17),2026-09-04T18:31:54.206321,22.6771,74.93545,90.8,24.71,77.6,273.45,Low,Clear,26.3,In Transit,Low,181.5
TRK-113,DRV-813,Deepak Verma,Agri-Produce Hauler (Mahindra Furio 17),2026-09-04T18:35:54.206321,22.71949,74.75085,87.9,23.88,73.4,253.92,Low,Clear,31.6,In Transit,Low,174.7
TRK-113,DRV-813,Deepak Verma,Agri-Produce Hauler (Mahindra Furio 17),2026-09-04T18:39:54.206321,22.76189,74.56626,59.0,33.55,75.5,234.39,High,Clear,36.8,High Risk,High,361.4
TRK-113,DRV-813,Deepak Verma,Agri-Produce Hauler (Mahindra Furio 17),2026-09-04T18:43:54.206321,22.80429,74.38166,80.9,27.9,68.0,214.85,Low,Clear,42.1,In Transit,Low,157.5
TRK-113,DRV-813,Deepak Verma,Agri-Produce Hauler (Mahindra Furio 17),2026-09-04T18:47:54.206321,22.83762,74.19828,49.5,32.9,65.9,195.32,High,Clear,47.4,High Risk,High,353.1
TRK-113,DRV-813,Deepak Verma,Agri-Produce Hauler (Mahindra Furio 17),2026-09-04T18:51:54.206321,22.83804,74.00799,75.6,26.91,61.2,175.79,Low,Clear,52.6,In Transit,Low,144.4
TRK-113,DRV-813,Deepak Verma,Agri-Produce Hauler (Mahindra Furio 17),2026-09-04T18:55:54.206321,22.83846,73.8177,83.0,27.1,57.2,156.26,Low,Clear,57.9,In Transit,Low,107.0
TRK-113,DRV-813,Deepak Verma,Agri-Produce Hauler (Mahindra Furio 17),2026-09-04T18:59:54.206321,22.83887,73.62741,83.6,26.87,52.6,136.73,Low,Clear,63.2,In Transit,Low,102.1
TRK-113,DRV-813,Deepak Verma,Agri-Produce Hauler (Mahindra Furio 17),2026-09-04T19:03:54.206321,22.9062,73.45256,68.7,31.93,52.6,117.19,Moderate,Clear,68.4,High Risk,High,130.5
TRK-113,DRV-813,Deepak Verma,Agri-Produce Hauler (Mahindra Furio 17),2026-09-04T19:07:54.206321,22.92768,73.28226,76.3,26.17,44.6,97.66,Low,Clear,73.7,In Transit,Low,77.1
TRK-113,DRV-813,Deepak Verma,Agri-Produce Hauler (Mahindra Furio 17),2026-09-04T19:11:54.206321,22.83605,73.11969,50.7,30.02,40.9,78.13,High,Clear,78.9,High Risk,High,139.4
TRK-113,DRV-813,Deepak Verma,Agri-Produce Hauler (Mahindra Furio 17),2026-09-04T19:15:54.206321,22.74442,72.95711,46.9,35.57,37.4,58.6,Severe,Clear,84.2,High Risk,High,152.1
TRK-113,DRV-813,Deepak Verma,Agri-Produce Hauler (Mahindra Furio 17),2026-09-04T19:19:54.206321,22.74944,72.81236,77.0,24.13,32.0,39.06,Low,Clear,89.5,In Transit,Low,29.6
TRK-113,DRV-813,Deepak Verma,Agri-Produce Hauler (Mahindra Furio 17),2026-09-04T19:23:54.206321,22.88597,72.69188,85.2,25.4,28.8,19.53,Low,Clear,94.7,In Transit,Low,15.9
TRK-113,DRV-813,Deepak Verma,Agri-Produce Hauler (Mahindra Furio 17),2026-09-04T19:27:54.206321,23.0225,72.5714,70.8,26.46,26.4,0.0,Moderate,Clear,100.0,Arrived,Low,0.5
TRK-113,DRV-813,Deepak Verma,Agri-Produce Hauler (Mahindra Furio 17),2026-09-05T08:11:54.206321,22.7196,75.8577,91.7,26.15,103.1,371.11,Low,Clear,0.0,In Transit,Low,242.5
TRK-113,DRV-813,Deepak Verma,Agri-Produce Hauler (Mahindra Furio 17),2026-09-05T08:15:54.206321,22.69675,75.6692,67.3,29.61,92.8,351.58,Moderate,Clear,5.3,High Risk,High,380.3
TRK-113,DRV-813,Deepak Verma,Agri-Produce Hauler (Mahindra Furio 17),2026-09-05T08:19:54.206321,22.65748,75.48494,92.3,25.58,90.1,332.05,Low,Clear,10.5,In Transit,Low,214.0
TRK-113,DRV-813,Deepak Verma,Agri-Produce Hauler (Mahindra Furio 17),2026-09-05T08:23:54.206321,22.59926,75.30557,80.8,25.4,90.8,312.51,Low,Clear,15.8,In Transit,Low,234.7
TRK-113,DRV-813,Deepak Verma,Agri-Produce Hauler (Mahindra Furio 17),2026-09-05T08:27:54.206321,22.63709,75.12052,74.5,28.77,85.5,292.98,Moderate,Clear,21.1,High Risk,High,278.8
TRK-113,DRV-813,Deepak Verma,Agri-Produce Hauler (Mahindra Furio 17),2026-09-05T08:31:54.206321,22.6771,74.93545,90.6,28.53,78.0,273.45,Low,Clear,26.3,In Transit,Low,182.5
TRK-113,DRV-813,Deepak Verma,Agri-Produce Hauler (Mahindra Furio 17),2026-09-05T08:35:54.206321,22.71949,74.75085,36.0,36.51,75.6,253.92,Severe,Clear,31.6,Delayed,High,848.5
TRK-113,DRV-813,Deepak Verma,Agri-Produce Hauler (Mahindra Furio 17),2026-09-05T08:39:54.206321,22.76189,74.56626,93.0,23.3,73.9,234.39,Low,Clear,36.8,In Transit,Low,157.1
TRK-113,DRV-813,Deepak Verma,Agri-Produce Hauler (Mahindra Furio 17),2026-09-05T08:43:54.206321,22.80429,74.38166,81.4,27.53,68.8,214.85,Low,Clear,42.1,In Transit,Low,162.2
TRK-113,DRV-813,Deepak Verma,Agri-Produce Hauler (Mahindra Furio 17),2026-09-05T08:47:54.206321,22.83762,74.19828,81.9,22.77,63.3,195.32,Low,Clear,47.4,In Transit,Low,141.6
TRK-113,DRV-813,Deepak Verma,Agri-Produce Hauler (Mahindra Furio 17),2026-09-05T08:51:54.206321,22.83804,74.00799,87.9,23.79,56.9,175.79,Low,Clear,52.6,In Transit,Low,115.1
TRK-113,DRV-813,Deepak Verma,Agri-Produce Hauler (Mahindra Furio 17),2026-09-05T08:55:54.206321,22.83846,73.8177,79.3,28.39,56.4,156.26,Moderate,Clear,57.9,In Transit,Moderate,140.1
TRK-113,DRV-813,Deepak Verma,Agri-Produce Hauler (Mahindra Furio 17),2026-09-05T08:59:54.206321,22.83887,73.62741,52.0,38.75,53.1,136.73,Severe,Clear,63.2,High Risk,High,315.9
TRK-113,DRV-813,Deepak Verma,Agri-Produce Hauler (Mahindra Furio 17),2026-09-05T09:03:54.206321,22.9062,73.45256,79.5,28.37,49.1,117.19,Low,Clear,68.4,In Transit,Low,91.8
TRK-113,DRV-813,Deepak Verma,Agri-Produce Hauler (Mahindra Furio 17),2026-09-05T09:07:54.206321,22.92768,73.28226,45.9,31.58,45.9,97.66,High,Clear,73.7,High Risk,High,193.5
TRK-113,DRV-813,Deepak Verma,Agri-Produce Hauler (Mahindra Furio 17),2026-09-05T09:11:54.206321,22.83605,73.11969,73.2,29.1,41.5,78.13,Moderate,Clear,78.9,In Transit,Moderate,78.1
TRK-113,DRV-813,Deepak Verma,Agri-Produce Hauler (Mahindra Furio 17),2026-09-05T09:15:54.206321,22.74442,72.95711,81.0,24.19,39.3,58.6,Low,Clear,84.2,In Transit,Low,47.3
TRK-113,DRV-813,Deepak Verma,Agri-Produce Hauler (Mahindra Furio 17),2026-09-05T09:19:54.206321,22.74944,72.81236,83.3,23.75,35.5,39.06,Low,Clear,89.5,In Transit,Low,23.7
TRK-113,DRV-813,Deepak Verma,Agri-Produce Hauler (Mahindra Furio 17),2026-09-05T09:23:54.206321,22.88597,72.69188,68.1,28.74,31.8,19.53,Moderate,Clear,94.7,In Transit,Low,14.6
TRK-113,DRV-813,Deepak Verma,Agri-Produce Hauler (Mahindra Furio 17),2026-09-05T09:27:54.206321,23.0225,72.5714,85.3,26.48,25.1,0.0,Low,Clear,100.0,Arrived,Low,3.3
TRK-113,DRV-813,Deepak Verma,Agri-Produce Hauler (Mahindra Furio 17),2026-09-05T22:11:54.206321,22.7196,75.8577,72.6,30.15,100.1,371.11,Moderate,Clear,0.0,High Risk,High,369.8
TRK-113,DRV-813,Deepak Verma,Agri-Produce Hauler (Mahindra Furio 17),2026-09-05T22:15:54.206321,22.69675,75.6692,86.9,26.58,97.0,351.58,Low,Clear,5.3,In Transit,Low,240.7
TRK-113,DRV-813,Deepak Verma,Agri-Produce Hauler (Mahindra Furio 17),2026-09-05T22:19:54.206321,22.65748,75.48494,65.0,27.14,93.2,332.05,Moderate,Clear,10.5,High Risk,High,364.0
TRK-113,DRV-813,Deepak Verma,Agri-Produce Hauler (Mahindra Furio 17),2026-09-05T22:23:54.206321,22.59926,75.30557,48.4,39.75,86.3,312.51,Severe,Clear,15.8,High Risk,High,779.0
TRK-113,DRV-813,Deepak Verma,Agri-Produce Hauler (Mahindra Furio 17),2026-09-05T22:27:54.206321,22.63709,75.12052,64.1,30.94,83.0,292.98,High,Clear,21.1,High Risk,High,414.0
TRK-113,DRV-813,Deepak Verma,Agri-Produce Hauler (Mahindra Furio 17),2026-09-05T22:31:54.206321,22.6771,74.93545,65.1,29.42,80.0,273.45,Moderate,Clear,26.3,High Risk,High,302.2
TRK-113,DRV-813,Deepak Verma,Agri-Produce Hauler (Mahindra Furio 17),2026-09-05T22:35:54.206321,22.71949,74.75085,70.9,24.79,76.3,253.92,Moderate,Clear,31.6,High Risk,High,258.9
TRK-113,DRV-813,Deepak Verma,Agri-Produce Hauler (Mahindra Furio 17),2026-09-05T22:39:54.206321,22.76189,74.56626,90.1,28.04,69.1,234.39,Low,Clear,36.8,In Transit,Low,150.3
TRK-113,DRV-813,Deepak Verma,Agri-Produce Hauler (Mahindra Furio 17),2026-09-05T22:43:54.206321,22.80429,74.38166,84.7,25.48,68.3,214.85,Low,Clear,42.1,In Transit,Low,152.4
TRK-113,DRV-813,Deepak Verma,Agri-Produce Hauler (Mahindra Furio 17),2026-09-05T22:47:54.206321,22.83762,74.19828,93.6,24.19,67.5,195.32,Low,Clear,47.4,In Transit,Low,119.6
TRK-113,DRV-813,Deepak Verma,Agri-Produce Hauler (Mahindra Furio 17),2026-09-05T22:51:54.206321,22.83804,74.00799,80.1,25.29,63.8,175.79,Low,Clear,52.6,In Transit,Low,134.4
TRK-113,DRV-813,Deepak Verma,Agri-Produce Hauler (Mahindra Furio 17),2026-09-05T22:55:54.206321,22.83846,73.8177,77.5,26.15,55.6,156.26,Low,Clear,57.9,In Transit,Low,118.7
TRK-113,DRV-813,Deepak Verma,Agri-Produce Hauler (Mahindra Furio 17),2026-09-05T22:59:54.206321,22.83887,73.62741,80.3,27.24,54.7,136.73,Low,Clear,63.2,In Transit,Low,103.3
TRK-113,DRV-813,Deepak Verma,Agri-Produce Hauler (Mahindra Furio 17),2026-09-05T23:03:54.206321,22.9062,73.45256,59.1,29.79,50.5,117.19,Moderate,Clear,68.4,High Risk,High,148.5
TRK-113,DRV-813,Deepak Verma,Agri-Produce Hauler (Mahindra Furio 17),2026-09-05T23:07:54.206321,22.92768,73.28226,47.2,36.8,43.5,97.66,Severe,Clear,73.7,High Risk,High,243.7
TRK-113,DRV-813,Deepak Verma,Agri-Produce Hauler (Mahindra Furio 17),2026-09-05T23:11:54.206321,22.83605,73.11969,85.0,28.46,42.9,78.13,Low,Clear,78.9,In Transit,Low,55.1
TRK-113,DRV-813,Deepak Verma,Agri-Produce Hauler (Mahindra Furio 17),2026-09-05T23:15:54.206321,22.74442,72.95711,50.3,27.87,37.8,58.6,High,Clear,84.2,High Risk,High,105.8
TRK-113,DRV-813,Deepak Verma,Agri-Produce Hauler (Mahindra Furio 17),2026-09-05T23:19:54.206321,22.74944,72.81236,58.7,35.91,30.2,39.06,Severe,Clear,89.5,High Risk,High,77.8
TRK-113,DRV-813,Deepak Verma,Agri-Produce Hauler (Mahindra Furio 17),2026-09-05T23:23:54.206321,22.88597,72.69188,58.9,28.31,25.5,19.53,High,Clear,94.7,In Transit,Moderate,25.3
TRK-113,DRV-813,Deepak Verma,Agri-Produce Hauler (Mahindra Furio 17),2026-09-05T23:27:54.206321,23.0225,72.5714,57.9,32.38,24.8,0.0,High,Clear,100.0,In Transit,Moderate,5.8
TRK-113,DRV-813,Deepak Verma,Agri-Produce Hauler (Mahindra Furio 17),2026-09-06T12:11:54.206321,22.7196,75.8577,75.6,26.91,100.0,371.11,Moderate,Clear,0.0,High Risk,High,352.8
TRK-113,DRV-813,Deepak Verma,Agri-Produce Hauler (Mahindra Furio 17),2026-09-06T12:15:54.206321,22.69675,75.6692,85.1,26.85,99.6,351.58,Low,Clear,5.3,In Transit,Low,243.2
TRK-113,DRV-813,Deepak Verma,Agri-Produce Hauler (Mahindra Furio 17),2026-09-06T12:19:54.206321,22.65748,75.48494,92.7,22.67,89.9,332.05,Low,Clear,10.5,In Transit,Low,217.0
TRK-113,DRV-813,Deepak Verma,Agri-Produce Hauler (Mahindra Furio 17),2026-09-06T12:23:54.206321,22.59926,75.30557,55.5,34.13,84.5,312.51,High,Clear,15.8,High Risk,High,507.4
TRK-113,DRV-813,Deepak Verma,Agri-Produce Hauler (Mahindra Furio 17),2026-09-06T12:27:54.206321,22.63709,75.12052,53.1,33.18,82.6,292.98,High,Clear,21.1,High Risk,High,497.4
TRK-113,DRV-813,Deepak Verma,Agri-Produce Hauler (Mahindra Furio 17),2026-09-06T12:31:54.206321,22.6771,74.93545,84.6,26.56,80.9,273.45,Low,Clear,26.3,In Transit,Low,193.4
TRK-113,DRV-813,Deepak Verma,Agri-Produce Hauler (Mahindra Furio 17),2026-09-06T12:35:54.206321,22.71949,74.75085,52.7,30.34,77.4,253.92,High,Clear,31.6,High Risk,High,434.9
TRK-113,DRV-813,Deepak Verma,Agri-Produce Hauler (Mahindra Furio 17),2026-09-06T12:39:54.206321,22.76189,74.56626,85.8,24.9,72.7,234.39,Low,Clear,36.8,In Transit,Low,168.5
TRK-113,DRV-813,Deepak Verma,Agri-Produce Hauler (Mahindra Furio 17),2026-09-06T12:43:54.206321,22.80429,74.38166,81.2,23.64,69.8,214.85,Low,Clear,42.1,In Transit,Low,165.3
TRK-113,DRV-813,Deepak Verma,Agri-Produce Hauler (Mahindra Furio 17),2026-09-06T12:47:54.206321,22.83762,74.19828,80.7,25.03,63.5,195.32,Low,Clear,47.4,In Transit,Low,141.8
TRK-113,DRV-813,Deepak Verma,Agri-Produce Hauler (Mahindra Furio 17),2026-09-06T12:51:54.206321,22.83804,74.00799,56.7,33.69,62.9,175.79,High,Clear,52.6,High Risk,High,278.5
TRK-113,DRV-813,Deepak Verma,Agri-Produce Hauler (Mahindra Furio 17),2026-09-06T12:55:54.206321,22.83846,73.8177,103.2,24.76,54.6,156.26,Low,Clear,57.9,In Transit,Low,86.7
TRK-113,DRV-813,Deepak Verma,Agri-Produce Hauler (Mahindra Furio 17),2026-09-06T12:59:54.206321,22.83887,73.62741,69.1,27.57,51.4,136.73,Moderate,Clear,63.2,In Transit,Moderate,139.0
TRK-113,DRV-813,Deepak Verma,Agri-Produce Hauler (Mahindra Furio 17),2026-09-06T13:03:54.206321,22.9062,73.45256,54.0,33.0,46.5,117.19,High,Clear,68.4,High Risk,High,197.5
TRK-113,DRV-813,Deepak Verma,Agri-Produce Hauler (Mahindra Furio 17),2026-09-06T13:07:54.206321,22.92768,73.28226,56.4,30.6,42.7,97.66,High,Clear,73.7,High Risk,High,157.7
TRK-113,DRV-813,Deepak Verma,Agri-Produce Hauler (Mahindra Furio 17),2026-09-06T13:11:54.206321,22.83605,73.11969,83.9,23.86,39.5,78.13,Low,Clear,78.9,In Transit,Low,54.4
TRK-113,DRV-813,Deepak Verma,Agri-Produce Hauler (Mahindra Furio 17),2026-09-06T13:15:54.206321,22.74442,72.95711,100.5,26.27,35.3,58.6,Low,Clear,84.2,In Transit,Low,30.9
TRK-113,DRV-813,Deepak Verma,Agri-Produce Hauler (Mahindra Furio 17),2026-09-06T13:19:54.206321,22.74944,72.81236,76.5,28.09,31.5,39.06,Moderate,Clear,89.5,In Transit,Low,36.8
TRK-113,DRV-813,Deepak Verma,Agri-Produce Hauler (Mahindra Furio 17),2026-09-06T13:23:54.206321,22.88597,72.69188,91.5,23.96,26.8,19.53,Low,Clear,94.7,In Transit,Low,12.0
TRK-113,DRV-813,Deepak Verma,Agri-Produce Hauler (Mahindra Furio 17),2026-09-06T13:27:54.206321,23.0225,72.5714,55.7,35.04,27.0,0.0,High,Clear,100.0,In Transit,Moderate,0.5
TRK-113,DRV-813,Deepak Verma,Agri-Produce Hauler (Mahindra Furio 17),2026-09-07T02:11:54.206321,22.7196,75.8577,46.1,37.53,98.6,371.11,Severe,Clear,0.0,High Risk,High,967.5
TRK-113,DRV-813,Deepak Verma,Agri-Produce Hauler (Mahindra Furio 17),2026-09-07T02:15:54.206321,22.69675,75.6692,57.3,28.72,98.7,351.58,High,Clear,5.3,High Risk,High,546.5
TRK-113,DRV-813,Deepak Verma,Agri-Produce Hauler (Mahindra Furio 17),2026-09-07T02:19:54.206321,22.65748,75.48494,41.9,38.55,93.4,332.05,Severe,Clear,10.5,High Risk,High,947.6
TRK-113,DRV-813,Deepak Verma,Agri-Produce Hauler (Mahindra Furio 17),2026-09-07T02:23:54.206321,22.59926,75.30557,57.2,27.76,88.8,312.51,Moderate,Clear,15.8,High Risk,High,390.3
TRK-113,DRV-813,Deepak Verma,Agri-Produce Hauler (Mahindra Furio 17),2026-09-07T02:27:54.206321,22.63709,75.12052,53.4,29.29,82.1,292.98,High,Clear,21.1,High Risk,High,493.7
TRK-113,DRV-813,Deepak Verma,Agri-Produce Hauler (Mahindra Furio 17),2026-09-07T02:31:54.206321,22.6771,74.93545,99.6,26.29,78.9,273.45,Low,Clear,26.3,In Transit,Low,165.1
TRK-113,DRV-813,Deepak Verma,Agri-Produce Hauler (Mahindra Furio 17),2026-09-07T02:35:54.206321,22.71949,74.75085,39.4,37.9,77.3,253.92,Severe,Clear,31.6,Delayed,High,769.1
TRK-113,DRV-813,Deepak Verma,Agri-Produce Hauler (Mahindra Furio 17),2026-09-07T02:39:54.206321,22.76189,74.56626,80.7,24.46,74.7,234.39,Low,Clear,36.8,In Transit,Low,178.4
TRK-113,DRV-813,Deepak Verma,Agri-Produce Hauler (Mahindra Furio 17),2026-09-07T02:43:54.206321,22.80429,74.38166,70.6,25.2,68.1,214.85,Moderate,Clear,42.1,High Risk,High,221.1
TRK-113,DRV-813,Deepak Verma,Agri-Produce Hauler (Mahindra Furio 17),2026-09-07T02:47:54.206321,22.83762,74.19828,68.2,27.81,63.2,195.32,Moderate,Clear,47.4,High Risk,High,208.3
TRK-113,DRV-813,Deepak Verma,Agri-Produce Hauler (Mahindra Furio 17),2026-09-07T02:51:54.206321,22.83804,74.00799,87.9,28.5,60.5,175.79,Low,Clear,52.6,In Transit,Low,119.8
TRK-113,DRV-813,Deepak Verma,Agri-Produce Hauler (Mahindra Furio 17),2026-09-07T02:55:54.206321,22.83846,73.8177,58.0,32.29,57.5,156.26,High,Clear,57.9,High Risk,High,237.9
TRK-113,DRV-813,Deepak Verma,Agri-Produce Hauler (Mahindra Furio 17),2026-09-07T02:59:54.206321,22.83887,73.62741,89.1,26.71,56.9,136.73,Low,Clear,63.2,In Transit,Low,96.1
TRK-113,DRV-813,Deepak Verma,Agri-Produce Hauler (Mahindra Furio 17),2026-09-07T03:03:54.206321,22.9062,73.45256,57.6,33.62,49.8,117.19,High,Clear,68.4,High Risk,High,184.5
TRK-113,DRV-813,Deepak Verma,Agri-Produce Hauler (Mahindra Furio 17),2026-09-07T03:07:54.206321,22.92768,73.28226,75.8,24.43,46.5,97.66,Moderate,Clear,73.7,In Transit,Moderate,88.1
TRK-113,DRV-813,Deepak Verma,Agri-Produce Hauler (Mahindra Furio 17),2026-09-07T03:11:54.206321,22.83605,73.11969,65.6,27.9,44.8,78.13,High,Clear,78.9,High Risk,High,105.7
TRK-113,DRV-813,Deepak Verma,Agri-Produce Hauler (Mahindra Furio 17),2026-09-07T03:15:54.206321,22.74442,72.95711,85.9,23.89,36.4,58.6,Low,Clear,84.2,In Transit,Low,45.1
TRK-113,DRV-813,Deepak Verma,Agri-Produce Hauler (Mahindra Furio 17),2026-09-07T03:19:54.206321,22.74944,72.81236,96.0,25.55,33.9,39.06,Low,Clear,89.5,In Transit,Low,26.7
TRK-113,DRV-813,Deepak Verma,Agri-Produce Hauler (Mahindra Furio 17),2026-09-07T03:23:54.206321,22.88597,72.69188,86.9,26.28,29.8,19.53,Low,Clear,94.7,In Transit,Low,9.1
TRK-113,DRV-813,Deepak Verma,Agri-Produce Hauler (Mahindra Furio 17),2026-09-07T03:27:54.206321,23.0225,72.5714,67.9,29.78,21.1,0.0,Moderate,Clear,100.0,Arrived,Low,0.5
TRK-113,DRV-813,Deepak Verma,Agri-Produce Hauler (Mahindra Furio 17),2026-09-07T16:11:54.206321,22.7196,75.8577,91.9,28.13,99.0,371.11,Low,Clear,0.0,In Transit,Low,243.8
TRK-113,DRV-813,Deepak Verma,Agri-Produce Hauler (Mahindra Furio 17),2026-09-07T16:15:54.206321,22.69675,75.6692,61.7,25.28,99.1,351.58,Moderate,Clear,5.3,High Risk,High,408.6
TRK-113,DRV-813,Deepak Verma,Agri-Produce Hauler (Mahindra Furio 17),2026-09-07T16:19:54.206321,22.65748,75.48494,85.8,22.4,90.3,332.05,Low,Clear,10.5,In Transit,Low,231.6
TRK-113,DRV-813,Deepak Verma,Agri-Produce Hauler (Mahindra Furio 17),2026-09-07T16:23:54.206321,22.59926,75.30557,89.9,23.31,88.9,312.51,Low,Clear,15.8,In Transit,Low,212.9
TRK-113,DRV-813,Deepak Verma,Agri-Produce Hauler (Mahindra Furio 17),2026-09-07T16:27:54.206321,22.63709,75.12052,89.3,24.45,85.2,292.98,Low,Clear,21.1,In Transit,Low,195.9
TRK-113,DRV-813,Deepak Verma,Agri-Produce Hauler (Mahindra Furio 17),2026-09-07T16:31:54.206321,22.6771,74.93545,58.9,32.96,78.9,273.45,High,Clear,26.3,High Risk,High,419.1
TRK-113,DRV-813,Deepak Verma,Agri-Produce Hauler (Mahindra Furio 17),2026-09-07T16:35:54.206321,22.71949,74.75085,89.0,22.98,76.0,253.92,Low,Clear,31.6,In Transit,Low,171.2
TRK-113,DRV-813,Deepak Verma,Agri-Produce Hauler (Mahindra Furio 17),2026-09-07T16:39:54.206321,22.76189,74.56626,87.9,26.26,71.7,234.39,Low,Clear,36.8,In Transit,Low,159.1
TRK-113,DRV-813,Deepak Verma,Agri-Produce Hauler (Mahindra Furio 17),2026-09-07T16:43:54.206321,22.80429,74.38166,69.2,29.45,66.4,214.85,High,Clear,42.1,High Risk,High,279.2
TRK-113,DRV-813,Deepak Verma,Agri-Produce Hauler (Mahindra Furio 17),2026-09-07T16:47:54.206321,22.83762,74.19828,76.1,28.09,64.4,195.32,Moderate,Clear,47.4,High Risk,High,186.8
TRK-113,DRV-813,Deepak Verma,Agri-Produce Hauler (Mahindra Furio 17),2026-09-07T16:51:54.206321,22.83804,74.00799,95.4,23.88,61.3,175.79,Low,Clear,52.6,In Transit,Low,108.3
TRK-113,DRV-813,Deepak Verma,Agri-Produce Hauler (Mahindra Furio 17),2026-09-07T16:55:54.206321,22.83846,73.8177,94.5,28.48,54.3,156.26,Low,Clear,57.9,In Transit,Low,98.3
TRK-113,DRV-813,Deepak Verma,Agri-Produce Hauler (Mahindra Furio 17),2026-09-07T16:59:54.206321,22.83887,73.62741,76.7,24.24,55.0,136.73,Low,Clear,63.2,In Transit,Low,110.5
TRK-113,DRV-813,Deepak Verma,Agri-Produce Hauler (Mahindra Furio 17),2026-09-07T17:03:54.206321,22.9062,73.45256,87.0,24.25,49.7,117.19,Low,Clear,68.4,In Transit,Low,85.0
TRK-113,DRV-813,Deepak Verma,Agri-Produce Hauler (Mahindra Furio 17),2026-09-07T17:07:54.206321,22.92768,73.28226,69.5,25.35,42.7,97.66,Moderate,Clear,73.7,In Transit,Moderate,98.1
TRK-113,DRV-813,Deepak Verma,Agri-Produce Hauler (Mahindra Furio 17),2026-09-07T17:11:54.206321,22.83605,73.11969,74.6,26.52,39.1,78.13,Low,Clear,78.9,In Transit,Low,64.2
TRK-113,DRV-813,Deepak Verma,Agri-Produce Hauler (Mahindra Furio 17),2026-09-07T17:15:54.206321,22.74442,72.95711,79.1,26.57,38.2,58.6,Low,Clear,84.2,In Transit,Low,45.8
TRK-113,DRV-813,Deepak Verma,Agri-Produce Hauler (Mahindra Furio 17),2026-09-07T17:19:54.206321,22.74944,72.81236,85.6,26.75,32.1,39.06,Low,Clear,89.5,In Transit,Low,25.6
TRK-113,DRV-813,Deepak Verma,Agri-Produce Hauler (Mahindra Furio 17),2026-09-07T17:23:54.206321,22.88597,72.69188,63.1,31.52,23.6,19.53,High,Clear,94.7,In Transit,Moderate,26.0
TRK-113,DRV-813,Deepak Verma,Agri-Produce Hauler (Mahindra Furio 17),2026-09-07T17:27:54.206321,23.0225,72.5714,82.5,25.51,25.9,0.0,Low,Clear,100.0,Arrived,Low,1.3
TRK-113,DRV-813,Deepak Verma,Agri-Produce Hauler (Mahindra Furio 17),2026-09-08T06:11:54.206321,22.7196,75.8577,96.2,28.78,101.4,371.11,Low,Clear,0.0,In Transit,Low,230.8
TRK-113,DRV-813,Deepak Verma,Agri-Produce Hauler (Mahindra Furio 17),2026-09-08T06:15:54.206321,22.69675,75.6692,65.2,26.84,94.7,351.58,Moderate,Clear,5.3,High Risk,High,392.7
TRK-113,DRV-813,Deepak Verma,Agri-Produce Hauler (Mahindra Furio 17),2026-09-08T06:19:54.206321,22.65748,75.48494,73.2,26.6,95.2,332.05,Moderate,Clear,10.5,High Risk,High,329.6
TRK-113,DRV-813,Deepak Verma,Agri-Produce Hauler (Mahindra Furio 17),2026-09-08T06:23:54.206321,22.59926,75.30557,86.8,26.49,91.3,312.51,Low,Clear,15.8,In Transit,Low,212.6
TRK-113,DRV-813,Deepak Verma,Agri-Produce Hauler (Mahindra Furio 17),2026-09-08T06:27:54.206321,22.63709,75.12052,70.4,28.84,83.1,292.98,Moderate,Clear,21.1,High Risk,High,296.0
TRK-113,DRV-813,Deepak Verma,Agri-Produce Hauler (Mahindra Furio 17),2026-09-08T06:31:54.206321,22.6771,74.93545,71.0,31.13,83.5,273.45,Moderate,Clear,26.3,High Risk,High,271.0
TRK-113,DRV-813,Deepak Verma,Agri-Produce Hauler (Mahindra Furio 17),2026-09-08T06:35:54.206321,22.71949,74.75085,81.5,25.9,78.2,253.92,Low,Clear,31.6,In Transit,Low,186.4
TRK-113,DRV-813,Deepak Verma,Agri-Produce Hauler (Mahindra Furio 17),2026-09-08T06:39:54.206321,22.76189,74.56626,39.8,32.02,71.6,234.39,High,Clear,36.8,Delayed,High,533.7
TRK-113,DRV-813,Deepak Verma,Agri-Produce Hauler (Mahindra Furio 17),2026-09-08T06:43:54.206321,22.80429,74.38166,66.3,28.35,69.6,214.85,Moderate,Clear,42.1,High Risk,High,236.4
TRK-113,DRV-813,Deepak Verma,Agri-Produce Hauler (Mahindra Furio 17),2026-09-08T06:47:54.206321,22.83762,74.19828,86.7,22.69,63.0,195.32,Low,Clear,47.4,In Transit,Low,134.1
TRK-113,DRV-813,Deepak Verma,Agri-Produce Hauler (Mahindra Furio 17),2026-09-08T06:51:54.206321,22.83804,74.00799,76.1,24.5,61.7,175.79,Moderate,Clear,52.6,High Risk,High,168.4
TRK-113,DRV-813,Deepak Verma,Agri-Produce Hauler (Mahindra Furio 17),2026-09-08T06:55:54.206321,22.83846,73.8177,56.2,29.87,54.5,156.26,High,Clear,57.9,High Risk,High,251.7
TRK-113,DRV-813,Deepak Verma,Agri-Produce Hauler (Mahindra Furio 17),2026-09-08T06:59:54.206321,22.83887,73.62741,90.6,26.46,51.1,136.73,Low,Clear,63.2,In Transit,Low,90.2
TRK-113,DRV-813,Deepak Verma,Agri-Produce Hauler (Mahindra Furio 17),2026-09-08T07:03:54.206321,22.9062,73.45256,92.9,27.85,48.9,117.19,Low,Clear,68.4,In Transit,Low,72.5
TRK-113,DRV-813,Deepak Verma,Agri-Produce Hauler (Mahindra Furio 17),2026-09-08T07:07:54.206321,22.92768,73.28226,54.2,29.42,45.0,97.66,High,Clear,73.7,High Risk,High,164.9
TRK-113,DRV-813,Deepak Verma,Agri-Produce Hauler (Mahindra Furio 17),2026-09-08T07:11:54.206321,22.83605,73.11969,93.0,27.38,42.0,78.13,Low,Clear,78.9,In Transit,Low,55.4
TRK-113,DRV-813,Deepak Verma,Agri-Produce Hauler (Mahindra Furio 17),2026-09-08T07:15:54.206321,22.74442,72.95711,61.8,31.15,40.5,58.6,High,Clear,84.2,High Risk,High,89.7
TRK-113,DRV-813,Deepak Verma,Agri-Produce Hauler (Mahindra Furio 17),2026-09-08T07:19:54.206321,22.74944,72.81236,86.3,27.21,32.6,39.06,Low,Clear,89.5,In Transit,Low,33.5
TRK-113,DRV-813,Deepak Verma,Agri-Produce Hauler (Mahindra Furio 17),2026-09-08T07:23:54.206321,22.88597,72.69188,71.1,28.91,25.9,19.53,Moderate,Clear,94.7,In Transit,Low,16.8
TRK-113,DRV-813,Deepak Verma,Agri-Produce Hauler (Mahindra Furio 17),2026-09-08T07:27:54.206321,23.0225,72.5714,75.5,27.02,25.7,0.0,Low,Clear,100.0,Arrived,Low,0.5
TRK-113,DRV-813,Deepak Verma,Agri-Produce Hauler (Mahindra Furio 17),2026-09-08T20:11:54.206321,22.7196,75.8577,88.8,26.98,100.3,371.11,Low,Clear,0.0,In Transit,Low,251.3
TRK-113,DRV-813,Deepak Verma,Agri-Produce Hauler (Mahindra Furio 17),2026-09-08T20:15:54.206321,22.69675,75.6692,73.0,24.35,96.8,351.58,Moderate,Clear,5.3,High Risk,High,352.1
TRK-113,DRV-813,Deepak Verma,Agri-Produce Hauler (Mahindra Furio 17),2026-09-08T20:19:54.206321,22.65748,75.48494,70.7,28.35,93.4,332.05,Moderate,Clear,10.5,High Risk,High,341.2
TRK-113,DRV-813,Deepak Verma,Agri-Produce Hauler (Mahindra Furio 17),2026-09-08T20:23:54.206321,22.59926,75.30557,79.7,26.34,89.8,312.51,Low,Clear,15.8,In Transit,Low,234.1
TRK-113,DRV-813,Deepak Verma,Agri-Produce Hauler (Mahindra Furio 17),2026-09-08T20:27:54.206321,22.63709,75.12052,92.5,27.12,85.7,292.98,Low,Clear,21.1,In Transit,Low,185.3
TRK-113,DRV-813,Deepak Verma,Agri-Produce Hauler (Mahindra Furio 17),2026-09-08T20:31:54.206321,22.6771,74.93545,82.9,29.24,81.6,273.45,Low,Clear,26.3,In Transit,Low,196.4
TRK-113,DRV-813,Deepak Verma,Agri-Produce Hauler (Mahindra Furio 17),2026-09-08T20:35:54.206321,22.71949,74.75085,89.5,24.49,76.6,253.92,Low,Clear,31.6,In Transit,Low,167.9
TRK-113,DRV-813,Deepak Verma,Agri-Produce Hauler (Mahindra Furio 17),2026-09-08T20:39:54.206321,22.76189,74.56626,69.3,29.75,72.9,234.39,Moderate,Clear,36.8,High Risk,High,247.3
TRK-113,DRV-813,Deepak Verma,Agri-Produce Hauler (Mahindra Furio 17),2026-09-08T20:43:54.206321,22.80429,74.38166,63.5,26.78,69.3,214.85,Moderate,Clear,42.1,High Risk,High,244.0
TRK-113,DRV-813,Deepak Verma,Agri-Produce Hauler (Mahindra Furio 17),2026-09-08T20:47:54.206321,22.83762,74.19828,75.9,24.57,65.1,195.32,Low,Clear,47.4,In Transit,Low,153.5
TRK-113,DRV-813,Deepak Verma,Agri-Produce Hauler (Mahindra Furio 17),2026-09-08T20:51:54.206321,22.83804,74.00799,86.7,26.4,60.8,175.79,Low,Clear,52.6,In Transit,Low,117.8
TRK-113,DRV-813,Deepak Verma,Agri-Produce Hauler (Mahindra Furio 17),2026-09-08T20:55:54.206321,22.83846,73.8177,72.2,28.19,56.1,156.26,Moderate,Clear,57.9,In Transit,Moderate,149.9
TRK-113,DRV-813,Deepak Verma,Agri-Produce Hauler (Mahindra Furio 17),2026-09-08T20:59:54.206321,22.83887,73.62741,83.3,22.46,52.6,136.73,Low,Clear,63.2,In Transit,Low,98.8
TRK-113,DRV-813,Deepak Verma,Agri-Produce Hauler (Mahindra Furio 17),2026-09-08T21:03:54.206321,22.9062,73.45256,90.1,24.75,50.1,117.19,Low,Clear,68.4,In Transit,Low,79.7
TRK-113,DRV-813,Deepak Verma,Agri-Produce Hauler (Mahindra Furio 17),2026-09-08T21:07:54.206321,22.92768,73.28226,59.0,31.38,46.1,97.66,High,Clear,73.7,High Risk,High,146.9
TRK-113,DRV-813,Deepak Verma,Agri-Produce Hauler (Mahindra Furio 17),2026-09-08T21:11:54.206321,22.83605,73.11969,67.4,33.65,39.6,78.13,High,Clear,78.9,High Risk,High,103.9
TRK-113,DRV-813,Deepak Verma,Agri-Produce Hauler (Mahindra Furio 17),2026-09-08T21:15:54.206321,22.74442,72.95711,55.9,31.59,37.2,58.6,High,Clear,84.2,High Risk,High,93.7
TRK-113,DRV-813,Deepak Verma,Agri-Produce Hauler (Mahindra Furio 17),2026-09-08T21:19:54.206321,22.74944,72.81236,79.8,24.42,34.7,39.06,Low,Clear,89.5,In Transit,Low,31.0
TRK-113,DRV-813,Deepak Verma,Agri-Produce Hauler (Mahindra Furio 17),2026-09-08T21:23:54.206321,22.88597,72.69188,79.5,23.95,26.7,19.53,Low,Clear,94.7,In Transit,Low,13.9
TRK-113,DRV-813,Deepak Verma,Agri-Produce Hauler (Mahindra Furio 17),2026-09-08T21:27:54.206321,23.0225,72.5714,72.9,25.27,25.2,0.0,Low,Clear,100.0,Arrived,Low,4.3
TRK-113,DRV-813,Deepak Verma,Agri-Produce Hauler (Mahindra Furio 17),2026-09-09T10:11:54.206321,22.7196,75.8577,56.7,27.78,101.5,371.11,High,Clear,0.0,High Risk,High,582.5
TRK-113,DRV-813,Deepak Verma,Agri-Produce Hauler (Mahindra Furio 17),2026-09-09T10:15:54.206321,22.69675,75.6692,61.3,27.83,98.1,351.58,Moderate,Clear,5.3,High Risk,High,413.6
TRK-113,DRV-813,Deepak Verma,Agri-Produce Hauler (Mahindra Furio 17),2026-09-09T10:19:54.206321,22.65748,75.48494,69.1,30.07,92.0,332.05,High,Clear,10.5,High Risk,High,442.9
TRK-113,DRV-813,Deepak Verma,Agri-Produce Hauler (Mahindra Furio 17),2026-09-09T10:23:54.206321,22.59926,75.30557,64.0,30.68,86.6,312.51,High,Clear,15.8,High Risk,High,439.4
TRK-113,DRV-813,Deepak Verma,Agri-Produce Hauler (Mahindra Furio 17),2026-09-09T10:27:54.206321,22.63709,75.12052,48.5,30.27,86.7,292.98,High,Clear,21.1,High Risk,High,540.1
TRK-113,DRV-813,Deepak Verma,Agri-Produce Hauler (Mahindra Furio 17),2026-09-09T10:31:54.206321,22.6771,74.93545,64.2,30.18,81.9,273.45,Moderate,Clear,26.3,High Risk,High,309.0
TRK-113,DRV-813,Deepak Verma,Agri-Produce Hauler (Mahindra Furio 17),2026-09-09T10:35:54.206321,22.71949,74.75085,73.5,28.81,73.4,253.92,Low,Clear,31.6,In Transit,Low,203.6
TRK-113,DRV-813,Deepak Verma,Agri-Produce Hauler (Mahindra Furio 17),2026-09-09T10:39:54.206321,22.76189,74.56626,72.9,23.96,73.4,234.39,Low,Clear,36.8,In Transit,Low,193.8
TRK-113,DRV-813,Deepak Verma,Agri-Produce Hauler (Mahindra Furio 17),2026-09-09T10:43:54.206321,22.80429,74.38166,72.5,26.69,65.7,214.85,Moderate,Clear,42.1,High Risk,High,212.9
TRK-113,DRV-813,Deepak Verma,Agri-Produce Hauler (Mahindra Furio 17),2026-09-09T10:47:54.206321,22.83762,74.19828,81.1,27.65,64.9,195.32,Low,Clear,47.4,In Transit,Low,146.8
TRK-113,DRV-813,Deepak Verma,Agri-Produce Hauler (Mahindra Furio 17),2026-09-09T10:51:54.206321,22.83804,74.00799,89.1,24.96,63.9,175.79,Low,Clear,52.6,In Transit,Low,119.2
TRK-113,DRV-813,Deepak Verma,Agri-Produce Hauler (Mahindra Furio 17),2026-09-09T10:55:54.206321,22.83846,73.8177,87.8,24.44,58.7,156.26,Low,Clear,57.9,In Transit,Low,110.3
TRK-113,DRV-813,Deepak Verma,Agri-Produce Hauler (Mahindra Furio 17),2026-09-09T10:59:54.206321,22.83887,73.62741,78.0,26.73,53.8,136.73,Moderate,Clear,63.2,In Transit,Moderate,124.1
TRK-113,DRV-813,Deepak Verma,Agri-Produce Hauler (Mahindra Furio 17),2026-09-09T11:03:54.206321,22.9062,73.45256,75.9,28.48,51.6,117.19,Moderate,Clear,68.4,In Transit,Moderate,111.4
TRK-113,DRV-813,Deepak Verma,Agri-Produce Hauler (Mahindra Furio 17),2026-09-09T11:07:54.206321,22.92768,73.28226,78.5,26.23,43.6,97.66,Low,Clear,73.7,In Transit,Low,71.7
TRK-113,DRV-813,Deepak Verma,Agri-Produce Hauler (Mahindra Furio 17),2026-09-09T11:11:54.206321,22.83605,73.11969,84.0,28.71,41.4,78.13,Low,Clear,78.9,In Transit,Low,53.8
TRK-113,DRV-813,Deepak Verma,Agri-Produce Hauler (Mahindra Furio 17),2026-09-09T11:15:54.206321,22.74442,72.95711,79.5,25.96,34.9,58.6,Low,Clear,84.2,In Transit,Low,51.2
TRK-113,DRV-813,Deepak Verma,Agri-Produce Hauler (Mahindra Furio 17),2026-09-09T11:19:54.206321,22.74944,72.81236,56.2,31.23,31.8,39.06,High,Clear,89.5,In Transit,Moderate,63.1
TRK-113,DRV-813,Deepak Verma,Agri-Produce Hauler (Mahindra Furio 17),2026-09-09T11:23:54.206321,22.88597,72.69188,79.1,25.58,31.6,19.53,Low,Clear,94.7,In Transit,Low,20.6
TRK-113,DRV-813,Deepak Verma,Agri-Produce Hauler (Mahindra Furio 17),2026-09-09T11:27:54.206321,23.0225,72.5714,52.4,30.54,20.4,0.0,High,Clear,100.0,In Transit,Moderate,2.0
TRK-113,DRV-813,Deepak Verma,Agri-Produce Hauler (Mahindra Furio 17),2026-09-10T00:11:54.206321,22.7196,75.8577,92.5,25.08,98.4,371.11,Low,Clear,0.0,In Transit,Low,243.1
TRK-113,DRV-813,Deepak Verma,Agri-Produce Hauler (Mahindra Furio 17),2026-09-10T00:15:54.206321,22.69675,75.6692,56.4,33.98,96.0,351.58,High,Clear,5.3,High Risk,High,566.2
TRK-113,DRV-813,Deepak Verma,Agri-Produce Hauler (Mahindra Furio 17),2026-09-10T00:19:54.206321,22.65748,75.48494,56.1,31.15,89.8,332.05,High,Clear,10.5,High Risk,High,536.0
TRK-113,DRV-813,Deepak Verma,Agri-Produce Hauler (Mahindra Furio 17),2026-09-10T00:23:54.206321,22.59926,75.30557,46.6,39.35,85.2,312.51,Severe,Clear,15.8,High Risk,High,808.4
TRK-113,DRV-813,Deepak Verma,Agri-Produce Hauler (Mahindra Furio 17),2026-09-10T00:27:54.206321,22.63709,75.12052,79.3,25.27,87.3,292.98,Low,Clear,21.1,In Transit,Low,225.5
TRK-113,DRV-813,Deepak Verma,Agri-Produce Hauler (Mahindra Furio 17),2026-09-10T00:31:54.206321,22.6771,74.93545,45.8,39.26,80.6,273.45,Severe,Clear,26.3,High Risk,High,716.1
TRK-113,DRV-813,Deepak Verma,Agri-Produce Hauler (Mahindra Furio 17),2026-09-10T00:35:54.206321,22.71949,74.75085,48.0,31.56,76.6,253.92,High,Clear,31.6,High Risk,High,479.1
TRK-113,DRV-813,Deepak Verma,Agri-Produce Hauler (Mahindra Furio 17),2026-09-10T00:39:54.206321,22.76189,74.56626,87.4,26.1,71.2,234.39,Low,Clear,36.8,In Transit,Low,160.1
TRK-113,DRV-813,Deepak Verma,Agri-Produce Hauler (Mahindra Furio 17),2026-09-10T00:43:54.206321,22.80429,74.38166,80.6,22.71,66.9,214.85,Low,Clear,42.1,In Transit,Low,157.6
TRK-113,DRV-813,Deepak Verma,Agri-Produce Hauler (Mahindra Furio 17),2026-09-10T00:47:54.206321,22.83762,74.19828,57.3,32.81,63.7,195.32,High,Clear,47.4,High Risk,High,310.2
TRK-113,DRV-813,Deepak Verma,Agri-Produce Hauler (Mahindra Furio 17),2026-09-10T00:51:54.206321,22.83804,74.00799,81.0,29.38,62.2,175.79,Low,Clear,52.6,In Transit,Low,128.9
TRK-113,DRV-813,Deepak Verma,Agri-Produce Hauler (Mahindra Furio 17),2026-09-10T00:55:54.206321,22.83846,73.8177,82.4,24.7,56.0,156.26,Low,Clear,57.9,In Transit,Low,114.9
TRK-113,DRV-813,Deepak Verma,Agri-Produce Hauler (Mahindra Furio 17),2026-09-10T00:59:54.206321,22.83887,73.62741,94.0,26.02,52.9,136.73,Low,Clear,63.2,In Transit,Low,85.7
TRK-113,DRV-813,Deepak Verma,Agri-Produce Hauler (Mahindra Furio 17),2026-09-10T01:03:54.206321,22.9062,73.45256,84.0,23.54,49.0,117.19,Low,Clear,68.4,In Transit,Low,84.8
TRK-113,DRV-813,Deepak Verma,Agri-Produce Hauler (Mahindra Furio 17),2026-09-10T01:07:54.206321,22.92768,73.28226,62.0,25.6,47.2,97.66,Moderate,Clear,73.7,In Transit,Moderate,112.3
TRK-113,DRV-813,Deepak Verma,Agri-Produce Hauler (Mahindra Furio 17),2026-09-10T01:11:54.206321,22.83605,73.11969,91.8,27.56,43.5,78.13,Low,Clear,78.9,In Transit,Low,52.7
TRK-113,DRV-813,Deepak Verma,Agri-Produce Hauler (Mahindra Furio 17),2026-09-10T01:15:54.206321,22.74442,72.95711,84.1,24.9,38.1,58.6,Low,Clear,84.2,In Transit,Low,44.1
TRK-113,DRV-813,Deepak Verma,Agri-Produce Hauler (Mahindra Furio 17),2026-09-10T01:19:54.206321,22.74944,72.81236,74.6,28.5,30.8,39.06,Moderate,Clear,89.5,In Transit,Low,34.1
TRK-113,DRV-813,Deepak Verma,Agri-Produce Hauler (Mahindra Furio 17),2026-09-10T01:23:54.206321,22.88597,72.69188,80.2,26.59,29.3,19.53,Moderate,Clear,94.7,In Transit,Low,19.3
TRK-113,DRV-813,Deepak Verma,Agri-Produce Hauler (Mahindra Furio 17),2026-09-10T01:27:54.206321,23.0225,72.5714,81.8,28.74,24.9,0.0,Low,Clear,100.0,Arrived,Low,0.5
TRK-113,DRV-813,Deepak Verma,Agri-Produce Hauler (Mahindra Furio 17),2026-09-10T14:11:54.206321,22.7196,75.8577,86.2,22.87,102.3,371.11,Low,Clear,0.0,In Transit,Low,259.2
TRK-113,DRV-813,Deepak Verma,Agri-Produce Hauler (Mahindra Furio 17),2026-09-10T14:15:54.206321,22.69675,75.6692,83.7,25.01,94.1,351.58,Low,Clear,5.3,In Transit,Low,249.1
TRK-113,DRV-813,Deepak Verma,Agri-Produce Hauler (Mahindra Furio 17),2026-09-10T14:19:54.206321,22.65748,75.48494,48.8,30.21,92.4,332.05,High,Clear,10.5,High Risk,High,608.8
TRK-113,DRV-813,Deepak Verma,Agri-Produce Hauler (Mahindra Furio 17),2026-09-10T14:23:54.206321,22.59926,75.30557,63.4,30.55,91.4,312.51,High,Clear,15.8,High Risk,High,443.5
TRK-113,DRV-813,Deepak Verma,Agri-Produce Hauler (Mahindra Furio 17),2026-09-10T14:27:54.206321,22.63709,75.12052,41.8,39.67,86.2,292.98,Severe,Clear,21.1,High Risk,High,841.0
TRK-113,DRV-813,Deepak Verma,Agri-Produce Hauler (Mahindra Furio 17),2026-09-10T14:31:54.206321,22.6771,74.93545,58.4,30.71,77.8,273.45,High,Clear,26.3,High Risk,High,422.1
TRK-113,DRV-813,Deepak Verma,Agri-Produce Hauler (Mahindra Furio 17),2026-09-10T14:35:54.206321,22.71949,74.75085,69.2,29.9,78.2,253.92,Moderate,Clear,31.6,High Risk,High,265.0
TRK-113,DRV-813,Deepak Verma,Agri-Produce Hauler (Mahindra Furio 17),2026-09-10T14:39:54.206321,22.76189,74.56626,95.8,24.55,69.9,234.39,Low,Clear,36.8,In Transit,Low,143.5
TRK-113,DRV-813,Deepak Verma,Agri-Produce Hauler (Mahindra Furio 17),2026-09-10T14:43:54.206321,22.80429,74.38166,48.8,31.08,69.2,214.85,High,Clear,42.1,High Risk,High,398.7
TRK-113,DRV-813,Deepak Verma,Agri-Produce Hauler (Mahindra Furio 17),2026-09-10T14:47:54.206321,22.83762,74.19828,88.2,26.18,69.0,195.32,Low,Clear,47.4,In Transit,Low,136.8
TRK-113,DRV-813,Deepak Verma,Agri-Produce Hauler (Mahindra Furio 17),2026-09-10T14:51:54.206321,22.83804,74.00799,79.2,25.45,58.1,175.79,Low,Clear,52.6,In Transit,Low,137.7
TRK-113,DRV-813,Deepak Verma,Agri-Produce Hauler (Mahindra Furio 17),2026-09-10T14:55:54.206321,22.83846,73.8177,69.8,28.7,60.5,156.26,Moderate,Clear,57.9,In Transit,Moderate,158.0
TRK-113,DRV-813,Deepak Verma,Agri-Produce Hauler (Mahindra Furio 17),2026-09-10T14:59:54.206321,22.83887,73.62741,74.3,29.9,50.1,136.73,Moderate,Clear,63.2,In Transit,Moderate,132.4
TRK-113,DRV-813,Deepak Verma,Agri-Produce Hauler (Mahindra Furio 17),2026-09-10T15:03:54.206321,22.9062,73.45256,86.1,23.98,49.0,117.19,Low,Clear,68.4,In Transit,Low,81.9
TRK-113,DRV-813,Deepak Verma,Agri-Produce Hauler (Mahindra Furio 17),2026-09-10T15:07:54.206321,22.92768,73.28226,89.5,27.27,46.3,97.66,Low,Clear,73.7,In Transit,Low,65.4
TRK-113,DRV-813,Deepak Verma,Agri-Produce Hauler (Mahindra Furio 17),2026-09-10T15:11:54.206321,22.83605,73.11969,87.1,24.49,40.5,78.13,Low,Clear,78.9,In Transit,Low,52.8
TRK-113,DRV-813,Deepak Verma,Agri-Produce Hauler (Mahindra Furio 17),2026-09-10T15:15:54.206321,22.74442,72.95711,62.9,33.66,38.1,58.6,High,Clear,84.2,High Risk,High,81.2
TRK-113,DRV-813,Deepak Verma,Agri-Produce Hauler (Mahindra Furio 17),2026-09-10T15:19:54.206321,22.74944,72.81236,74.5,24.85,31.3,39.06,Low,Clear,89.5,In Transit,Low,26.6
TRK-113,DRV-813,Deepak Verma,Agri-Produce Hauler (Mahindra Furio 17),2026-09-10T15:23:54.206321,22.88597,72.69188,82.8,27.03,30.9,19.53,Low,Clear,94.7,In Transit,Low,13.5
TRK-113,DRV-813,Deepak Verma,Agri-Produce Hauler (Mahindra Furio 17),2026-09-10T15:27:54.206321,23.0225,72.5714,82.2,26.02,23.3,0.0,Low,Clear,100.0,Arrived,Low,0.5
TRK-113,DRV-813,Deepak Verma,Agri-Produce Hauler (Mahindra Furio 17),2026-09-11T04:11:54.206321,22.7196,75.8577,81.5,29.34,99.4,371.11,Low,Rain,0.0,High Risk,High,344.2
TRK-113,DRV-813,Deepak Verma,Agri-Produce Hauler (Mahindra Furio 17),2026-09-11T04:15:54.206321,22.69675,75.6692,74.1,26.0,95.8,351.58,Low,Rain,5.3,High Risk,High,356.2
TRK-113,DRV-813,Deepak Verma,Agri-Produce Hauler (Mahindra Furio 17),2026-09-11T04:19:54.206321,22.65748,75.48494,63.7,31.6,92.3,332.05,Moderate,Rain,10.5,High Risk,High,468.7
TRK-113,DRV-813,Deepak Verma,Agri-Produce Hauler (Mahindra Furio 17),2026-09-11T04:23:54.206321,22.59926,75.30557,67.1,25.22,86.2,312.51,Low,Rain,15.8,High Risk,High,350.6
TRK-113,DRV-813,Deepak Verma,Agri-Produce Hauler (Mahindra Furio 17),2026-09-11T04:27:54.206321,22.63709,75.12052,58.0,31.31,83.2,292.98,Moderate,Rain,21.1,High Risk,High,452.4
TRK-113,DRV-813,Deepak Verma,Agri-Produce Hauler (Mahindra Furio 17),2026-09-11T04:31:54.206321,22.6771,74.93545,53.2,35.18,81.6,273.45,High,Rain,26.3,High Risk,High,583.8
TRK-113,DRV-813,Deepak Verma,Agri-Produce Hauler (Mahindra Furio 17),2026-09-11T04:35:54.206321,22.71949,74.75085,58.7,28.48,79.1,253.92,Moderate,Rain,31.6,High Risk,High,385.1
TRK-113,DRV-813,Deepak Verma,Agri-Produce Hauler (Mahindra Furio 17),2026-09-11T04:39:54.206321,22.76189,74.56626,56.9,32.94,71.9,234.39,High,Rain,36.8,High Risk,High,463.9
TRK-113,DRV-813,Deepak Verma,Agri-Produce Hauler (Mahindra Furio 17),2026-09-11T04:43:54.206321,22.80429,74.38166,61.6,29.96,67.6,214.85,Moderate,Rain,42.1,High Risk,High,314.7
TRK-113,DRV-813,Deepak Verma,Agri-Produce Hauler (Mahindra Furio 17),2026-09-11T04:47:54.206321,22.83762,74.19828,67.6,29.97,61.1,195.32,Moderate,Rain,47.4,High Risk,High,254.5
TRK-113,DRV-813,Deepak Verma,Agri-Produce Hauler (Mahindra Furio 17),2026-09-11T04:51:54.206321,22.83804,74.00799,69.7,23.81,57.6,175.79,Low,Rain,52.6,High Risk,High,190.8
TRK-113,DRV-813,Deepak Verma,Agri-Produce Hauler (Mahindra Furio 17),2026-09-11T04:55:54.206321,22.83846,73.8177,43.1,32.36,55.6,156.26,High,Rain,57.9,High Risk,High,407.9
TRK-113,DRV-813,Deepak Verma,Agri-Produce Hauler (Mahindra Furio 17),2026-09-11T04:59:54.206321,22.83887,73.62741,66.6,27.26,50.6,136.73,Low,Rain,63.2,High Risk,High,154.1
TRK-113,DRV-813,Deepak Verma,Agri-Produce Hauler (Mahindra Furio 17),2026-09-11T05:03:54.206321,22.9062,73.45256,64.2,27.68,48.6,117.19,Moderate,Rain,68.4,High Risk,High,161.1
TRK-113,DRV-813,Deepak Verma,Agri-Produce Hauler (Mahindra Furio 17),2026-09-11T05:07:54.206321,22.92768,73.28226,73.6,28.1,44.7,97.66,Moderate,Rain,73.7,High Risk,High,122.7
TRK-113,DRV-813,Deepak Verma,Agri-Produce Hauler (Mahindra Furio 17),2026-09-11T05:11:54.206321,22.83605,73.11969,78.9,28.05,40.5,78.13,Low,Rain,78.9,In Transit,Moderate,70.0
TRK-113,DRV-813,Deepak Verma,Agri-Produce Hauler (Mahindra Furio 17),2026-09-11T05:15:54.206321,22.74442,72.95711,64.5,26.45,37.2,58.6,Moderate,Rain,84.2,In Transit,Moderate,78.5
TRK-113,DRV-813,Deepak Verma,Agri-Produce Hauler (Mahindra Furio 17),2026-09-11T05:19:54.206321,22.74944,72.81236,68.2,33.69,35.8,39.06,Moderate,Rain,89.5,In Transit,Low,43.3
TRK-113,DRV-813,Deepak Verma,Agri-Produce Hauler (Mahindra Furio 17),2026-09-11T05:23:54.206321,22.88597,72.69188,82.0,27.34,28.7,19.53,Low,Rain,94.7,In Transit,Low,19.9
TRK-113,DRV-813,Deepak Verma,Agri-Produce Hauler (Mahindra Furio 17),2026-09-11T05:27:54.206321,23.0225,72.5714,78.8,23.47,26.6,0.0,Low,Rain,100.0,Arrived,Low,0.5
TRK-113,DRV-813,Deepak Verma,Agri-Produce Hauler (Mahindra Furio 17),2026-09-11T18:11:54.206321,22.7196,75.8577,57.8,33.14,98.9,371.11,High,Clear,0.0,High Risk,High,583.5
TRK-113,DRV-813,Deepak Verma,Agri-Produce Hauler (Mahindra Furio 17),2026-09-11T18:15:54.206321,22.69675,75.6692,70.0,27.09,96.3,351.58,Moderate,Clear,5.3,High Risk,High,358.1
TRK-113,DRV-813,Deepak Verma,Agri-Produce Hauler (Mahindra Furio 17),2026-09-11T18:19:54.206321,22.65748,75.48494,90.0,25.52,91.5,332.05,Low,Clear,10.5,In Transit,Low,225.8
TRK-113,DRV-813,Deepak Verma,Agri-Produce Hauler (Mahindra Furio 17),2026-09-11T18:23:54.206321,22.59926,75.30557,91.0,26.82,90.6,312.51,Low,Clear,15.8,In Transit,Low,201.5
TRK-113,DRV-813,Deepak Verma,Agri-Produce Hauler (Mahindra Furio 17),2026-09-11T18:27:54.206321,22.63709,75.12052,76.7,26.64,84.1,292.98,Low,Clear,21.1,In Transit,Low,231.0
TRK-113,DRV-813,Deepak Verma,Agri-Produce Hauler (Mahindra Furio 17),2026-09-11T18:31:54.206321,22.6771,74.93545,40.7,37.35,81.7,273.45,Severe,Clear,26.3,High Risk,High,808.5
TRK-113,DRV-813,Deepak Verma,Agri-Produce Hauler (Mahindra Furio 17),2026-09-11T18:35:54.206321,22.71949,74.75085,53.5,28.3,76.0,253.92,High,Clear,31.6,High Risk,High,430.8
TRK-113,DRV-813,Deepak Verma,Agri-Produce Hauler (Mahindra Furio 17),2026-09-11T18:39:54.206321,22.76189,74.56626,95.4,27.0,73.1,234.39,Low,Clear,36.8,In Transit,Low,141.4
TRK-113,DRV-813,Deepak Verma,Agri-Produce Hauler (Mahindra Furio 17),2026-09-11T18:43:54.206321,22.80429,74.38166,68.9,25.47,68.9,214.85,Moderate,Clear,42.1,High Risk,High,225.4
TRK-113,DRV-813,Deepak Verma,Agri-Produce Hauler (Mahindra Furio 17),2026-09-11T18:47:54.206321,22.83762,74.19828,55.6,34.28,64.1,195.32,High,Clear,47.4,High Risk,High,317.0
TRK-113,DRV-813,Deepak Verma,Agri-Produce Hauler (Mahindra Furio 17),2026-09-11T18:51:54.206321,22.83804,74.00799,97.4,26.06,57.7,175.79,Low,Clear,52.6,In Transit,Low,107.0
TRK-113,DRV-813,Deepak Verma,Agri-Produce Hauler (Mahindra Furio 17),2026-09-11T18:55:54.206321,22.83846,73.8177,55.8,30.59,58.3,156.26,High,Clear,57.9,High Risk,High,248.7
TRK-113,DRV-813,Deepak Verma,Agri-Produce Hauler (Mahindra Furio 17),2026-09-11T18:59:54.206321,22.83887,73.62741,91.3,25.01,54.5,136.73,Low,Clear,63.2,In Transit,Low,91.4
TRK-113,DRV-813,Deepak Verma,Agri-Produce Hauler (Mahindra Furio 17),2026-09-11T19:03:54.206321,22.9062,73.45256,84.2,25.86,51.4,117.19,Low,Clear,68.4,In Transit,Low,82.0
TRK-113,DRV-813,Deepak Verma,Agri-Produce Hauler (Mahindra Furio 17),2026-09-11T19:07:54.206321,22.92768,73.28226,56.2,32.98,43.9,97.66,High,Clear,73.7,High Risk,High,152.1
TRK-113,DRV-813,Deepak Verma,Agri-Produce Hauler (Mahindra Furio 17),2026-09-11T19:11:54.206321,22.83605,73.11969,39.8,34.95,42.1,78.13,Severe,Clear,78.9,Delayed,High,234.2
TRK-113,DRV-813,Deepak Verma,Agri-Produce Hauler (Mahindra Furio 17),2026-09-11T19:15:54.206321,22.74442,72.95711,71.6,26.47,36.5,58.6,Moderate,Clear,84.2,In Transit,Low,57.7
TRK-113,DRV-813,Deepak Verma,Agri-Produce Hauler (Mahindra Furio 17),2026-09-11T19:19:54.206321,22.74944,72.81236,71.9,25.29,34.0,39.06,Moderate,Clear,89.5,In Transit,Low,38.8
TRK-113,DRV-813,Deepak Verma,Agri-Produce Hauler (Mahindra Furio 17),2026-09-11T19:23:54.206321,22.88597,72.69188,82.8,26.11,31.0,19.53,Low,Clear,94.7,In Transit,Low,18.6
TRK-113,DRV-813,Deepak Verma,Agri-Produce Hauler (Mahindra Furio 17),2026-09-11T19:27:54.206321,23.0225,72.5714,77.3,28.02,22.5,0.0,Moderate,Clear,100.0,Arrived,Low,2.0
TRK-113,DRV-813,Deepak Verma,Agri-Produce Hauler (Mahindra Furio 17),2026-09-12T08:11:54.206321,22.7196,75.8577,60.9,35.39,102.4,371.11,Severe,Clear,0.0,High Risk,High,731.5
TRK-113,DRV-813,Deepak Verma,Agri-Produce Hauler (Mahindra Furio 17),2026-09-12T08:15:54.206321,22.69675,75.6692,85.2,26.11,95.7,351.58,Low,Clear,5.3,In Transit,Low,248.7
TRK-113,DRV-813,Deepak Verma,Agri-Produce Hauler (Mahindra Furio 17),2026-09-12T08:19:54.206321,22.65748,75.48494,83.6,25.33,93.0,332.05,Low,Clear,10.5,In Transit,Low,243.2
TRK-113,DRV-813,Deepak Verma,Agri-Produce Hauler (Mahindra Furio 17),2026-09-12T08:23:54.206321,22.59926,75.30557,72.0,23.57,85.5,312.51,Moderate,Clear,15.8,High Risk,High,314.9
TRK-113,DRV-813,Deepak Verma,Agri-Produce Hauler (Mahindra Furio 17),2026-09-12T08:27:54.206321,22.63709,75.12052,78.8,27.73,83.0,292.98,Moderate,Clear,21.1,High Risk,High,262.8
TRK-113,DRV-813,Deepak Verma,Agri-Produce Hauler (Mahindra Furio 17),2026-09-12T08:31:54.206321,22.6771,74.93545,78.7,24.24,82.0,273.45,Low,Clear,26.3,In Transit,Low,206.9
TRK-113,DRV-813,Deepak Verma,Agri-Produce Hauler (Mahindra Furio 17),2026-09-12T08:35:54.206321,22.71949,74.75085,88.0,26.63,75.4,253.92,Low,Clear,31.6,In Transit,Low,176.5
TRK-113,DRV-813,Deepak Verma,Agri-Produce Hauler (Mahindra Furio 17),2026-09-12T08:39:54.206321,22.76189,74.56626,83.8,21.57,73.7,234.39,Low,Clear,36.8,In Transit,Moderate,178.0
TRK-113,DRV-813,Deepak Verma,Agri-Produce Hauler (Mahindra Furio 17),2026-09-12T08:43:54.206321,22.80429,74.38166,53.5,39.15,67.5,214.85,Severe,Clear,42.1,High Risk,High,475.3
TRK-113,DRV-813,Deepak Verma,Agri-Produce Hauler (Mahindra Furio 17),2026-09-12T08:47:54.206321,22.83762,74.19828,76.4,26.38,65.7,195.32,Moderate,Clear,47.4,High Risk,High,190.6
TRK-113,DRV-813,Deepak Verma,Agri-Produce Hauler (Mahindra Furio 17),2026-09-12T08:51:54.206321,22.83804,74.00799,73.3,26.25,64.2,175.79,Moderate,Clear,52.6,High Risk,High,173.0
TRK-113,DRV-813,Deepak Verma,Agri-Produce Hauler (Mahindra Furio 17),2026-09-12T08:55:54.206321,22.83846,73.8177,61.3,26.52,57.1,156.26,Moderate,Clear,57.9,High Risk,High,182.9
TRK-113,DRV-813,Deepak Verma,Agri-Produce Hauler (Mahindra Furio 17),2026-09-12T08:59:54.206321,22.83887,73.62741,94.8,27.29,51.4,136.73,Low,Clear,63.2,In Transit,Low,81.9
TRK-113,DRV-813,Deepak Verma,Agri-Produce Hauler (Mahindra Furio 17),2026-09-12T09:03:54.206321,22.9062,73.45256,70.8,28.42,48.2,117.19,Moderate,Clear,68.4,In Transit,Moderate,120.2
TRK-113,DRV-813,Deepak Verma,Agri-Produce Hauler (Mahindra Furio 17),2026-09-12T09:07:54.206321,22.92768,73.28226,68.9,28.21,43.0,97.66,Moderate,Clear,73.7,In Transit,Moderate,97.7
TRK-113,DRV-813,Deepak Verma,Agri-Produce Hauler (Mahindra Furio 17),2026-09-12T09:11:54.206321,22.83605,73.11969,85.9,24.75,35.6,78.13,Low,Clear,78.9,In Transit,Low,57.2
TRK-113,DRV-813,Deepak Verma,Agri-Produce Hauler (Mahindra Furio 17),2026-09-12T09:15:54.206321,22.74442,72.95711,99.3,25.57,36.6,58.6,Low,Clear,84.2,In Transit,Low,32.7
TRK-113,DRV-813,Deepak Verma,Agri-Produce Hauler (Mahindra Furio 17),2026-09-12T09:19:54.206321,22.74944,72.81236,93.4,23.46,30.5,39.06,Low,Clear,89.5,In Transit,Low,26.8
TRK-113,DRV-813,Deepak Verma,Agri-Produce Hauler (Mahindra Furio 17),2026-09-12T09:23:54.206321,22.88597,72.69188,80.4,24.4,28.2,19.53,Low,Clear,94.7,In Transit,Low,9.7
TRK-113,DRV-813,Deepak Verma,Agri-Produce Hauler (Mahindra Furio 17),2026-09-12T09:27:54.206321,23.0225,72.5714,96.2,26.29,26.5,0.0,Low,Clear,100.0,Arrived,Low,6.8
TRK-113,DRV-813,Deepak Verma,Agri-Produce Hauler (Mahindra Furio 17),2026-09-12T22:11:54.206321,22.7196,75.8577,80.3,28.19,98.8,371.11,Low,Rain,0.0,High Risk,High,348.0
TRK-113,DRV-813,Deepak Verma,Agri-Produce Hauler (Mahindra Furio 17),2026-09-12T22:15:54.206321,22.69675,75.6692,76.6,27.0,94.5,351.58,Low,Rain,5.3,High Risk,High,336.2
TRK-113,DRV-813,Deepak Verma,Agri-Produce Hauler (Mahindra Furio 17),2026-09-12T22:19:54.206321,22.65748,75.48494,82.1,26.45,94.0,332.05,Low,Rain,10.5,High Risk,High,301.1
TRK-113,DRV-813,Deepak Verma,Agri-Produce Hauler (Mahindra Furio 17),2026-09-12T22:23:54.206321,22.59926,75.30557,53.2,32.39,83.4,312.51,High,Rain,15.8,High Risk,High,664.5
TRK-113,DRV-813,Deepak Verma,Agri-Produce Hauler (Mahindra Furio 17),2026-09-12T22:27:54.206321,22.63709,75.12052,79.8,32.57,82.0,292.98,Low,Rain,21.1,High Risk,High,274.2
TRK-113,DRV-813,Deepak Verma,Agri-Produce Hauler (Mahindra Furio 17),2026-09-12T22:31:54.206321,22.6771,74.93545,78.4,27.98,77.2,273.45,Low,Rain,26.3,High Risk,High,258.4
TRK-113,DRV-813,Deepak Verma,Agri-Produce Hauler (Mahindra Furio 17),2026-09-12T22:35:54.206321,22.71949,74.75085,75.6,27.99,77.9,253.92,Low,Rain,31.6,High Risk,High,251.2
TRK-113,DRV-813,Deepak Verma,Agri-Produce Hauler (Mahindra Furio 17),2026-09-12T22:39:54.206321,22.76189,74.56626,81.5,26.5,70.5,234.39,Low,Rain,36.8,High Risk,High,214.3
TRK-113,DRV-813,Deepak Verma,Agri-Produce Hauler (Mahindra Furio 17),2026-09-12T22:43:54.206321,22.80429,74.38166,72.3,28.2,66.8,214.85,Low,Rain,42.1,High Risk,High,221.7
TRK-113,DRV-813,Deepak Verma,Agri-Produce Hauler (Mahindra Furio 17),2026-09-12T22:47:54.206321,22.83762,74.19828,92.5,29.15,66.4,195.32,Low,Rain,47.4,High Risk,High,162.4
TRK-113,DRV-813,Deepak Verma,Agri-Produce Hauler (Mahindra Furio 17),2026-09-12T22:51:54.206321,22.83804,74.00799,70.6,28.23,59.9,175.79,Low,Rain,52.6,High Risk,High,188.0
TRK-113,DRV-813,Deepak Verma,Agri-Produce Hauler (Mahindra Furio 17),2026-09-12T22:55:54.206321,22.83846,73.8177,38.2,42.3,57.0,156.26,Severe,Rain,57.9,Delayed,High,614.1
TRK-113,DRV-813,Deepak Verma,Agri-Produce Hauler (Mahindra Furio 17),2026-09-12T22:59:54.206321,22.83887,73.62741,74.8,29.95,47.8,136.73,Moderate,Rain,63.2,High Risk,High,167.3
TRK-113,DRV-813,Deepak Verma,Agri-Produce Hauler (Mahindra Furio 17),2026-09-12T23:03:54.206321,22.9062,73.45256,49.5,33.66,49.6,117.19,High,Rain,68.4,High Risk,High,268.8
TRK-113,DRV-813,Deepak Verma,Agri-Produce Hauler (Mahindra Furio 17),2026-09-12T23:07:54.206321,22.92768,73.28226,43.7,33.54,44.0,97.66,High,Rain,73.7,High Risk,High,248.3
TRK-113,DRV-813,Deepak Verma,Agri-Produce Hauler (Mahindra Furio 17),2026-09-12T23:11:54.206321,22.83605,73.11969,76.2,28.38,38.2,78.13,Low,Rain,78.9,In Transit,Moderate,74.9
TRK-113,DRV-813,Deepak Verma,Agri-Produce Hauler (Mahindra Furio 17),2026-09-12T23:15:54.206321,22.74442,72.95711,64.9,26.94,40.8,58.6,Moderate,Rain,84.2,High Risk,High,87.6
TRK-113,DRV-813,Deepak Verma,Agri-Produce Hauler (Mahindra Furio 17),2026-09-12T23:19:54.206321,22.74944,72.81236,66.8,26.44,33.5,39.06,Low,Rain,89.5,In Transit,Moderate,51.5
TRK-113,DRV-813,Deepak Verma,Agri-Produce Hauler (Mahindra Furio 17),2026-09-12T23:23:54.206321,22.88597,72.69188,41.8,36.66,29.9,19.53,Severe,Rain,94.7,High Risk,High,66.9
TRK-113,DRV-813,Deepak Verma,Agri-Produce Hauler (Mahindra Furio 17),2026-09-12T23:27:54.206321,23.0225,72.5714,64.4,30.57,23.8,0.0,Moderate,Rain,100.0,Arrived,Low,0.5
TRK-113,DRV-813,Deepak Verma,Agri-Produce Hauler (Mahindra Furio 17),2026-09-13T12:11:54.206321,22.7196,75.8577,79.6,24.0,103.1,371.11,Moderate,Clear,0.0,High Risk,High,330.7
TRK-113,DRV-813,Deepak Verma,Agri-Produce Hauler (Mahindra Furio 17),2026-09-13T12:15:54.206321,22.69675,75.6692,38.9,39.02,97.0,351.58,Severe,Clear,5.3,Delayed,High,1080.2
TRK-113,DRV-813,Deepak Verma,Agri-Produce Hauler (Mahindra Furio 17),2026-09-13T12:19:54.206321,22.65748,75.48494,56.9,24.7,88.6,332.05,Moderate,Clear,10.5,High Risk,High,413.8
TRK-113,DRV-813,Deepak Verma,Agri-Produce Hauler (Mahindra Furio 17),2026-09-13T12:23:54.206321,22.59926,75.30557,84.6,25.52,86.0,312.51,Low,Clear,15.8,In Transit,Low,220.6
TRK-113,DRV-813,Deepak Verma,Agri-Produce Hauler (Mahindra Furio 17),2026-09-13T12:27:54.206321,22.63709,75.12052,61.2,32.52,86.1,292.98,High,Clear,21.1,High Risk,High,429.8
TRK-113,DRV-813,Deepak Verma,Agri-Produce Hauler (Mahindra Furio 17),2026-09-13T12:31:54.206321,22.6771,74.93545,56.2,30.51,79.2,273.45,High,Clear,26.3,High Risk,High,436.4
TRK-113,DRV-813,Deepak Verma,Agri-Produce Hauler (Mahindra Furio 17),2026-09-13T12:35:54.206321,22.71949,74.75085,65.1,30.62,78.6,253.92,High,Clear,31.6,High Risk,High,349.7
TRK-113,DRV-813,Deepak Verma,Agri-Produce Hauler (Mahindra Furio 17),2026-09-13T12:39:54.206321,22.76189,74.56626,85.3,25.19,70.5,234.39,Low,Clear,36.8,In Transit,Low,167.1
TRK-113,DRV-813,Deepak Verma,Agri-Produce Hauler (Mahindra Furio 17),2026-09-13T12:43:54.206321,22.80429,74.38166,74.2,28.75,67.8,214.85,Moderate,Clear,42.1,High Risk,High,201.9
TRK-113,DRV-813,Deepak Verma,Agri-Produce Hauler (Mahindra Furio 17),2026-09-13T12:47:54.206321,22.83762,74.19828,70.7,31.22,64.6,195.32,Moderate,Clear,47.4,High Risk,High,196.6
TRK-113,DRV-813,Deepak Verma,Agri-Produce Hauler (Mahindra Furio 17),2026-09-13T12:51:54.206321,22.83804,74.00799,82.3,24.92,63.0,175.79,Low,Clear,52.6,In Transit,Low,132.1
TRK-113,DRV-813,Deepak Verma,Agri-Produce Hauler (Mahindra Furio 17),2026-09-13T12:55:54.206321,22.83846,73.8177,82.5,27.22,58.0,156.26,Low,Clear,57.9,In Transit,Low,117.2
TRK-113,DRV-813,Deepak Verma,Agri-Produce Hauler (Mahindra Furio 17),2026-09-13T12:59:54.206321,22.83887,73.62741,85.9,25.26,52.6,136.73,Low,Clear,63.2,In Transit,Low,93.5
TRK-113,DRV-813,Deepak Verma,Agri-Produce Hauler (Mahindra Furio 17),2026-09-13T13:03:54.206321,22.9062,73.45256,67.8,27.95,52.3,117.19,Moderate,Clear,68.4,In Transit,Moderate,118.6
TRK-113,DRV-813,Deepak Verma,Agri-Produce Hauler (Mahindra Furio 17),2026-09-13T13:07:54.206321,22.92768,73.28226,76.6,26.39,42.2,97.66,Low,Clear,73.7,In Transit,Low,75.3
TRK-113,DRV-813,Deepak Verma,Agri-Produce Hauler (Mahindra Furio 17),2026-09-13T13:11:54.206321,22.83605,73.11969,55.6,32.27,40.0,78.13,High,Clear,78.9,High Risk,High,129.4
TRK-113,DRV-813,Deepak Verma,Agri-Produce Hauler (Mahindra Furio 17),2026-09-13T13:15:54.206321,22.74442,72.95711,79.5,32.06,37.7,58.6,Moderate,Clear,84.2,In Transit,Moderate,59.2
TRK-113,DRV-813,Deepak Verma,Agri-Produce Hauler (Mahindra Furio 17),2026-09-13T13:19:54.206321,22.74944,72.81236,70.5,29.25,31.1,39.06,Moderate,Clear,89.5,In Transit,Low,40.0
TRK-113,DRV-813,Deepak Verma,Agri-Produce Hauler (Mahindra Furio 17),2026-09-13T13:23:54.206321,22.88597,72.69188,72.3,26.38,30.5,19.53,Low,Clear,94.7,In Transit,Low,15.0
TRK-113,DRV-813,Deepak Verma,Agri-Produce Hauler (Mahindra Furio 17),2026-09-13T13:27:54.206321,23.0225,72.5714,79.0,25.61,27.9,0.0,Low,Clear,100.0,Arrived,Low,0.5
TRK-114,DRV-814,Pradeep Mohanty,Steel & Mineral Hauler (Ashok Leyland Boss 1415),2026-09-02T22:11:54.206321,22.5726,88.3639,67.4,26.88,100.8,395.23,Moderate,Fog,0.0,High Risk,High,571.0
TRK-114,DRV-814,Pradeep Mohanty,Steel & Mineral Hauler (Ashok Leyland Boss 1415),2026-09-02T22:15:54.206321,22.51612,88.17109,35.0,33.53,96.4,374.43,High,Fog,5.3,Delayed,High,1297.8
TRK-114,DRV-814,Pradeep Mohanty,Steel & Mineral Hauler (Ashok Leyland Boss 1415),2026-09-02T22:19:54.206321,22.45964,87.97829,74.9,27.46,92.3,353.63,Moderate,Fog,10.5,High Risk,High,457.8
TRK-114,DRV-814,Pradeep Mohanty,Steel & Mineral Hauler (Ashok Leyland Boss 1415),2026-09-02T22:23:54.206321,22.41254,87.783,77.7,26.4,92.4,332.82,Low,Fog,15.8,High Risk,High,350.0
TRK-114,DRV-814,Pradeep Mohanty,Steel & Mineral Hauler (Ashok Leyland Boss 1415),2026-09-02T22:27:54.206321,22.37699,87.58467,77.7,26.86,83.7,312.02,Low,Fog,21.1,High Risk,High,326.2
TRK-114,DRV-814,Pradeep Mohanty,Steel & Mineral Hauler (Ashok Leyland Boss 1415),2026-09-02T22:31:54.206321,22.34143,87.38633,52.3,31.81,79.5,291.22,High,Fog,26.3,High Risk,High,672.3
TRK-114,DRV-814,Pradeep Mohanty,Steel & Mineral Hauler (Ashok Leyland Boss 1415),2026-09-02T22:35:54.206321,22.20208,87.33467,49.3,29.09,76.1,270.42,High,Fog,31.6,High Risk,High,661.9
TRK-114,DRV-814,Pradeep Mohanty,Steel & Mineral Hauler (Ashok Leyland Boss 1415),2026-09-02T22:39:54.206321,22.0207,87.31509,56.7,28.42,74.3,249.62,Moderate,Fog,36.8,High Risk,High,427.9
TRK-114,DRV-814,Pradeep Mohanty,Steel & Mineral Hauler (Ashok Leyland Boss 1415),2026-09-02T22:43:54.206321,21.84996,87.2311,69.5,25.46,68.0,228.82,Low,Fog,42.1,High Risk,High,264.4
TRK-114,DRV-814,Pradeep Mohanty,Steel & Mineral Hauler (Ashok Leyland Boss 1415),2026-09-02T22:47:54.206321,21.70249,87.10875,68.6,27.84,66.9,208.02,Low,Fog,47.4,High Risk,High,243.9
TRK-114,DRV-814,Pradeep Mohanty,Steel & Mineral Hauler (Ashok Leyland Boss 1415),2026-09-02T22:51:54.206321,21.56096,86.97659,75.7,23.15,61.0,187.21,Low,Fog,52.6,High Risk,High,193.2
TRK-114,DRV-814,Pradeep Mohanty,Steel & Mineral Hauler (Ashok Leyland Boss 1415),2026-09-02T22:55:54.206321,21.42449,86.83882,60.7,30.84,61.0,166.41,Moderate,Fog,57.9,High Risk,High,271.5
TRK-114,DRV-814,Pradeep Mohanty,Steel & Mineral Hauler (Ashok Leyland Boss 1415),2026-09-02T22:59:54.206321,21.29263,86.69593,70.2,22.36,50.8,145.61,Low,Fog,63.2,High Risk,High,167.0
TRK-114,DRV-814,Pradeep Mohanty,Steel & Mineral Hauler (Ashok Leyland Boss 1415),2026-09-02T23:03:54.206321,21.14536,86.57171,49.9,27.39,46.4,124.81,Moderate,Fog,68.4,High Risk,High,245.2
TRK-114,DRV-814,Pradeep Mohanty,Steel & Mineral Hauler (Ashok Leyland Boss 1415),2026-09-02T23:07:54.206321,20.99765,86.44801,77.4,26.54,45.0,104.01,Low,Fog,73.7,In Transit,Moderate,103.5
TRK-114,DRV-814,Pradeep Mohanty,Steel & Mineral Hauler (Ashok Leyland Boss 1415),2026-09-02T23:11:54.206321,20.84991,86.32805,62.8,27.48,44.3,83.21,Low,Fog,78.9,In Transit,Moderate,104.1
TRK-114,DRV-814,Pradeep Mohanty,Steel & Mineral Hauler (Ashok Leyland Boss 1415),2026-09-02T23:15:54.206321,20.72308,86.18882,47.5,32.35,39.0,62.4,High,Fog,84.2,High Risk,High,159.1
TRK-114,DRV-814,Pradeep Mohanty,Steel & Mineral Hauler (Ashok Leyland Boss 1415),2026-09-02T23:19:54.206321,20.59703,86.04079,71.5,25.28,27.1,41.6,Low,Fog,89.5,In Transit,Moderate,48.3
TRK-114,DRV-814,Pradeep Mohanty,Steel & Mineral Hauler (Ashok Leyland Boss 1415),2026-09-02T23:23:54.206321,20.47098,85.89276,57.9,27.95,26.6,20.8,Moderate,Fog,94.7,In Transit,Moderate,35.5
TRK-114,DRV-814,Pradeep Mohanty,Steel & Mineral Hauler (Ashok Leyland Boss 1415),2026-09-02T23:27:54.206321,20.2961,85.8245,78.7,28.05,27.1,0.0,Low,Fog,100.0,Arrived,Low,0.5
TRK-114,DRV-814,Pradeep Mohanty,Steel & Mineral Hauler (Ashok Leyland Boss 1415),2026-09-03T12:11:54.206321,22.5726,88.3639,71.7,27.77,102.0,395.23,Moderate,Clear,0.0,High Risk,High,399.1
TRK-114,DRV-814,Pradeep Mohanty,Steel & Mineral Hauler (Ashok Leyland Boss 1415),2026-09-03T12:15:54.206321,22.51612,88.17109,70.4,24.62,96.8,374.43,Moderate,Clear,5.3,High Risk,High,374.4
TRK-114,DRV-814,Pradeep Mohanty,Steel & Mineral Hauler (Ashok Leyland Boss 1415),2026-09-03T12:19:54.206321,22.45964,87.97829,56.8,30.73,95.6,353.63,High,Clear,10.5,High Risk,High,564.3
TRK-114,DRV-814,Pradeep Mohanty,Steel & Mineral Hauler (Ashok Leyland Boss 1415),2026-09-03T12:23:54.206321,22.41254,87.783,60.3,24.11,86.7,332.82,Moderate,Clear,15.8,High Risk,High,396.5
TRK-114,DRV-814,Pradeep Mohanty,Steel & Mineral Hauler (Ashok Leyland Boss 1415),2026-09-03T12:27:54.206321,22.37699,87.58467,58.2,29.93,85.7,312.02,High,Clear,21.1,High Risk,High,483.5
TRK-114,DRV-814,Pradeep Mohanty,Steel & Mineral Hauler (Ashok Leyland Boss 1415),2026-09-03T12:31:54.206321,22.34143,87.38633,89.0,25.95,78.4,291.22,Low,Clear,26.3,In Transit,Low,197.1
TRK-114,DRV-814,Pradeep Mohanty,Steel & Mineral Hauler (Ashok Leyland Boss 1415),2026-09-03T12:35:54.206321,22.20208,87.33467,70.2,23.78,77.7,270.42,Low,Clear,31.6,In Transit,Low,232.1
TRK-114,DRV-814,Pradeep Mohanty,Steel & Mineral Hauler (Ashok Leyland Boss 1415),2026-09-03T12:39:54.206321,22.0207,87.31509,55.2,28.98,72.2,249.62,High,Clear,36.8,High Risk,High,407.8
TRK-114,DRV-814,Pradeep Mohanty,Steel & Mineral Hauler (Ashok Leyland Boss 1415),2026-09-03T12:43:54.206321,21.84996,87.2311,62.0,30.96,69.6,228.82,High,Clear,42.1,High Risk,High,333.9
TRK-114,DRV-814,Pradeep Mohanty,Steel & Mineral Hauler (Ashok Leyland Boss 1415),2026-09-03T12:47:54.206321,21.70249,87.10875,91.6,25.13,67.3,208.02,Low,Clear,47.4,In Transit,Low,127.7
TRK-114,DRV-814,Pradeep Mohanty,Steel & Mineral Hauler (Ashok Leyland Boss 1415),2026-09-03T12:51:54.206321,21.56096,86.97659,45.5,37.07,61.9,187.21,Severe,Clear,52.6,High Risk,High,497.2
TRK-114,DRV-814,Pradeep Mohanty,Steel & Mineral Hauler (Ashok Leyland Boss 1415),2026-09-03T12:55:54.206321,21.42449,86.83882,76.5,29.59,58.8,166.41,Moderate,Clear,57.9,High Risk,High,160.4
TRK-114,DRV-814,Pradeep Mohanty,Steel & Mineral Hauler (Ashok Leyland Boss 1415),2026-09-03T12:59:54.206321,21.29263,86.69593,88.0,23.23,53.2,145.61,Low,Clear,63.2,In Transit,Low,100.5
TRK-114,DRV-814,Pradeep Mohanty,Steel & Mineral Hauler (Ashok Leyland Boss 1415),2026-09-03T13:03:54.206321,21.14536,86.57171,78.3,28.31,51.9,124.81,Moderate,Clear,68.4,In Transit,Moderate,117.0
TRK-114,DRV-814,Pradeep Mohanty,Steel & Mineral Hauler (Ashok Leyland Boss 1415),2026-09-03T13:07:54.206321,20.99765,86.44801,54.0,26.84,46.5,104.01,High,Clear,73.7,High Risk,High,169.9
TRK-114,DRV-814,Pradeep Mohanty,Steel & Mineral Hauler (Ashok Leyland Boss 1415),2026-09-03T13:11:54.206321,20.84991,86.32805,66.3,28.0,40.0,83.21,Moderate,Clear,78.9,In Transit,Moderate,94.1
TRK-114,DRV-814,Pradeep Mohanty,Steel & Mineral Hauler (Ashok Leyland Boss 1415),2026-09-03T13:15:54.206321,20.72308,86.18882,89.8,22.09,35.2,62.4,Low,Clear,84.2,In Transit,Low,38.7
TRK-114,DRV-814,Pradeep Mohanty,Steel & Mineral Hauler (Ashok Leyland Boss 1415),2026-09-03T13:19:54.206321,20.59703,86.04079,80.8,27.67,33.3,41.6,Low,Clear,89.5,In Transit,Low,29.5
TRK-114,DRV-814,Pradeep Mohanty,Steel & Mineral Hauler (Ashok Leyland Boss 1415),2026-09-03T13:23:54.206321,20.47098,85.89276,93.0,24.73,29.6,20.8,Low,Clear,94.7,In Transit,Low,11.5
TRK-114,DRV-814,Pradeep Mohanty,Steel & Mineral Hauler (Ashok Leyland Boss 1415),2026-09-03T13:27:54.206321,20.2961,85.8245,72.3,29.2,22.6,0.0,Moderate,Clear,100.0,Arrived,Low,5.0
TRK-114,DRV-814,Pradeep Mohanty,Steel & Mineral Hauler (Ashok Leyland Boss 1415),2026-09-04T02:11:54.206321,22.5726,88.3639,64.8,25.18,101.7,395.23,Moderate,Clear,0.0,High Risk,High,443.5
TRK-114,DRV-814,Pradeep Mohanty,Steel & Mineral Hauler (Ashok Leyland Boss 1415),2026-09-04T02:15:54.206321,22.51612,88.17109,74.6,27.6,93.4,374.43,Moderate,Clear,5.3,High Risk,High,365.5
TRK-114,DRV-814,Pradeep Mohanty,Steel & Mineral Hauler (Ashok Leyland Boss 1415),2026-09-04T02:19:54.206321,22.45964,87.97829,70.3,28.23,93.9,353.63,Moderate,Clear,10.5,High Risk,High,362.6
TRK-114,DRV-814,Pradeep Mohanty,Steel & Mineral Hauler (Ashok Leyland Boss 1415),2026-09-04T02:23:54.206321,22.41254,87.783,78.2,28.82,88.2,332.82,Moderate,Clear,15.8,High Risk,High,305.7
TRK-114,DRV-814,Pradeep Mohanty,Steel & Mineral Hauler (Ashok Leyland Boss 1415),2026-09-04T02:27:54.206321,22.37699,87.58467,99.0,23.49,86.1,312.02,Low,Clear,21.1,In Transit,Low,192.7
TRK-114,DRV-814,Pradeep Mohanty,Steel & Mineral Hauler (Ashok Leyland Boss 1415),2026-09-04T02:31:54.206321,22.34143,87.38633,67.9,26.89,81.9,291.22,Moderate,Clear,26.3,High Risk,High,309.2
TRK-114,DRV-814,Pradeep Mohanty,Steel & Mineral Hauler (Ashok Leyland Boss 1415),2026-09-04T02:35:54.206321,22.20208,87.33467,57.9,29.95,74.3,270.42,High,Clear,31.6,High Risk,High,424.5
TRK-114,DRV-814,Pradeep Mohanty,Steel & Mineral Hauler (Ashok Leyland Boss 1415),2026-09-04T02:39:54.206321,22.0207,87.31509,71.7,26.2,72.2,249.62,Moderate,Clear,36.8,High Risk,High,245.6
TRK-114,DRV-814,Pradeep Mohanty,Steel & Mineral Hauler (Ashok Leyland Boss 1415),2026-09-04T02:43:54.206321,21.84996,87.2311,67.7,26.59,71.9,228.82,Moderate,Clear,42.1,High Risk,High,244.8
TRK-114,DRV-814,Pradeep Mohanty,Steel & Mineral Hauler (Ashok Leyland Boss 1415),2026-09-04T02:47:54.206321,21.70249,87.10875,86.6,22.96,65.4,208.02,Low,Clear,47.4,In Transit,Low,144.0
TRK-114,DRV-814,Pradeep Mohanty,Steel & Mineral Hauler (Ashok Leyland Boss 1415),2026-09-04T02:51:54.206321,21.56096,86.97659,73.1,25.53,58.2,187.21,Moderate,Clear,52.6,High Risk,High,187.4
TRK-114,DRV-814,Pradeep Mohanty,Steel & Mineral Hauler (Ashok Leyland Boss 1415),2026-09-04T02:55:54.206321,21.42449,86.83882,87.0,23.22,60.3,166.41,Low,Clear,57.9,In Transit,Low,114.4
TRK-114,DRV-814,Pradeep Mohanty,Steel & Mineral Hauler (Ashok Leyland Boss 1415),2026-09-04T02:59:54.206321,21.29263,86.69593,55.4,28.35,56.0,145.61,High,Clear,63.2,High Risk,High,237.2
TRK-114,DRV-814,Pradeep Mohanty,Steel & Mineral Hauler (Ashok Leyland Boss 1415),2026-09-04T03:03:54.206321,21.14536,86.57171,73.1,25.01,47.3,124.81,Moderate,Clear,68.4,In Transit,Moderate,123.6
TRK-114,DRV-814,Pradeep Mohanty,Steel & Mineral Hauler (Ashok Leyland Boss 1415),2026-09-04T03:07:54.206321,20.99765,86.44801,82.4,22.11,47.1,104.01,Low,Clear,73.7,In Transit,Low,76.8
TRK-114,DRV-814,Pradeep Mohanty,Steel & Mineral Hauler (Ashok Leyland Boss 1415),2026-09-04T03:11:54.206321,20.84991,86.32805,86.8,26.33,40.9,83.21,Low,Clear,78.9,In Transit,Low,51.5
TRK-114,DRV-814,Pradeep Mohanty,Steel & Mineral Hauler (Ashok Leyland Boss 1415),2026-09-04T03:15:54.206321,20.72308,86.18882,64.0,31.67,37.1,62.4,High,Clear,84.2,In Transit,Moderate,82.4
TRK-114,DRV-814,Pradeep Mohanty,Steel & Mineral Hauler (Ashok Leyland Boss 1415),2026-09-04T03:19:54.206321,20.59703,86.04079,65.1,25.73,30.4,41.6,Moderate,Clear,89.5,In Transit,Low,44.7
TRK-114,DRV-814,Pradeep Mohanty,Steel & Mineral Hauler (Ashok Leyland Boss 1415),2026-09-04T03:23:54.206321,20.47098,85.89276,86.0,25.55,30.9,20.8,Low,Clear,94.7,In Transit,Low,15.7
TRK-114,DRV-814,Pradeep Mohanty,Steel & Mineral Hauler (Ashok Leyland Boss 1415),2026-09-04T03:27:54.206321,20.2961,85.8245,46.7,38.26,26.3,0.0,Severe,Clear,100.0,Arrived,Low,6.1
TRK-114,DRV-814,Pradeep Mohanty,Steel & Mineral Hauler (Ashok Leyland Boss 1415),2026-09-04T16:11:54.206321,22.5726,88.3639,56.5,29.08,103.1,395.23,High,Rain,0.0,High Risk,High,784.1
TRK-114,DRV-814,Pradeep Mohanty,Steel & Mineral Hauler (Ashok Leyland Boss 1415),2026-09-04T16:15:54.206321,22.51612,88.17109,62.5,31.83,96.2,374.43,Moderate,Rain,5.3,High Risk,High,535.4
TRK-114,DRV-814,Pradeep Mohanty,Steel & Mineral Hauler (Ashok Leyland Boss 1415),2026-09-04T16:19:54.206321,22.45964,87.97829,77.0,25.85,91.3,353.63,Low,Rain,10.5,High Risk,High,340.2
TRK-114,DRV-814,Pradeep Mohanty,Steel & Mineral Hauler (Ashok Leyland Boss 1415),2026-09-04T16:23:54.206321,22.41254,87.783,49.8,31.74,90.6,332.82,High,Rain,15.8,High Risk,High,752.7
TRK-114,DRV-814,Pradeep Mohanty,Steel & Mineral Hauler (Ashok Leyland Boss 1415),2026-09-04T16:27:54.206321,22.37699,87.58467,68.9,26.78,85.3,312.02,Low,Rain,21.1,High Risk,High,337.3
TRK-114,DRV-814,Pradeep Mohanty,Steel & Mineral Hauler (Ashok Leyland Boss 1415),2026-09-04T16:31:54.206321,22.34143,87.38633,68.4,27.62,82.4,291.22,Moderate,Rain,26.3,High Risk,High,382.9
TRK-114,DRV-814,Pradeep Mohanty,Steel & Mineral Hauler (Ashok Leyland Boss 1415),2026-09-04T16:35:54.206321,22.20208,87.33467,61.7,24.06,76.1,270.42,Low,Rain,31.6,High Risk,High,332.5
TRK-114,DRV-814,Pradeep Mohanty,Steel & Mineral Hauler (Ashok Leyland Boss 1415),2026-09-04T16:39:54.206321,22.0207,87.31509,69.1,27.46,70.4,249.62,Low,Rain,36.8,High Risk,High,275.7
TRK-114,DRV-814,Pradeep Mohanty,Steel & Mineral Hauler (Ashok Leyland Boss 1415),2026-09-04T16:43:54.206321,21.84996,87.2311,46.4,33.33,70.9,228.82,High,Rain,42.1,High Risk,High,556.1
TRK-114,DRV-814,Pradeep Mohanty,Steel & Mineral Hauler (Ashok Leyland Boss 1415),2026-09-04T16:47:54.206321,21.70249,87.10875,47.1,28.26,59.5,208.02,High,Rain,47.4,High Risk,High,498.1
TRK-114,DRV-814,Pradeep Mohanty,Steel & Mineral Hauler (Ashok Leyland Boss 1415),2026-09-04T16:51:54.206321,21.56096,86.97659,47.2,39.25,60.4,187.21,Severe,Rain,52.6,High Risk,High,592.0
TRK-114,DRV-814,Pradeep Mohanty,Steel & Mineral Hauler (Ashok Leyland Boss 1415),2026-09-04T16:55:54.206321,21.42449,86.83882,58.3,26.5,57.9,166.41,Moderate,Rain,57.9,High Risk,High,256.0
TRK-114,DRV-814,Pradeep Mohanty,Steel & Mineral Hauler (Ashok Leyland Boss 1415),2026-09-04T16:59:54.206321,21.29263,86.69593,63.5,30.39,50.2,145.61,Moderate,Rain,63.2,High Risk,High,204.7
TRK-114,DRV-814,Pradeep Mohanty,Steel & Mineral Hauler (Ashok Leyland Boss 1415),2026-09-04T17:03:54.206321,21.14536,86.57171,61.3,29.91,49.8,124.81,Moderate,Rain,68.4,High Risk,High,187.6
TRK-114,DRV-814,Pradeep Mohanty,Steel & Mineral Hauler (Ashok Leyland Boss 1415),2026-09-04T17:07:54.206321,20.99765,86.44801,76.6,24.63,45.1,104.01,Low,Rain,73.7,High Risk,High,108.3
TRK-114,DRV-814,Pradeep Mohanty,Steel & Mineral Hauler (Ashok Leyland Boss 1415),2026-09-04T17:11:54.206321,20.84991,86.32805,72.4,31.41,42.0,83.21,Moderate,Rain,78.9,High Risk,High,104.4
TRK-114,DRV-814,Pradeep Mohanty,Steel & Mineral Hauler (Ashok Leyland Boss 1415),2026-09-04T17:15:54.206321,20.72308,86.18882,71.1,26.33,36.9,62.4,Moderate,Rain,84.2,High Risk,High,77.9
TRK-114,DRV-814,Pradeep Mohanty,Steel & Mineral Hauler (Ashok Leyland Boss 1415),2026-09-04T17:19:54.206321,20.59703,86.04079,47.1,32.4,35.4,41.6,High,Rain,89.5,High Risk,High,94.9
TRK-114,DRV-814,Pradeep Mohanty,Steel & Mineral Hauler (Ashok Leyland Boss 1415),2026-09-04T17:23:54.206321,20.47098,85.89276,42.3,30.69,30.6,20.8,High,Rain,94.7,High Risk,High,55.1
TRK-114,DRV-814,Pradeep Mohanty,Steel & Mineral Hauler (Ashok Leyland Boss 1415),2026-09-04T17:27:54.206321,20.2961,85.8245,62.7,26.68,24.1,0.0,Moderate,Rain,100.0,Arrived,Low,0.5
TRK-114,DRV-814,Pradeep Mohanty,Steel & Mineral Hauler (Ashok Leyland Boss 1415),2026-09-05T06:11:54.206321,22.5726,88.3639,80.8,26.02,99.5,395.23,Low,Clear,0.0,In Transit,Low,293.9
TRK-114,DRV-814,Pradeep Mohanty,Steel & Mineral Hauler (Ashok Leyland Boss 1415),2026-09-05T06:15:54.206321,22.51612,88.17109,38.6,34.56,94.6,374.43,Severe,Clear,5.3,Delayed,High,1164.1
TRK-114,DRV-814,Pradeep Mohanty,Steel & Mineral Hauler (Ashok Leyland Boss 1415),2026-09-05T06:19:54.206321,22.45964,87.97829,66.2,28.42,89.4,353.63,Moderate,Clear,10.5,High Risk,High,388.8
TRK-114,DRV-814,Pradeep Mohanty,Steel & Mineral Hauler (Ashok Leyland Boss 1415),2026-09-05T06:23:54.206321,22.41254,87.783,68.2,30.4,87.6,332.82,Moderate,Clear,15.8,High Risk,High,353.2
TRK-114,DRV-814,Pradeep Mohanty,Steel & Mineral Hauler (Ashok Leyland Boss 1415),2026-09-05T06:27:54.206321,22.37699,87.58467,85.2,21.03,82.5,312.02,Low,Clear,21.1,In Transit,Low,218.2
TRK-114,DRV-814,Pradeep Mohanty,Steel & Mineral Hauler (Ashok Leyland Boss 1415),2026-09-05T06:31:54.206321,22.34143,87.38633,66.7,25.68,80.4,291.22,Moderate,Clear,26.3,High Risk,High,314.6
TRK-114,DRV-814,Pradeep Mohanty,Steel & Mineral Hauler (Ashok Leyland Boss 1415),2026-09-05T06:35:54.206321,22.20208,87.33467,74.0,26.91,76.3,270.42,Moderate,Clear,31.6,High Risk,High,259.9
TRK-114,DRV-814,Pradeep Mohanty,Steel & Mineral Hauler (Ashok Leyland Boss 1415),2026-09-05T06:39:54.206321,22.0207,87.31509,71.6,27.55,69.4,249.62,Moderate,Clear,36.8,High Risk,High,250.0
TRK-114,DRV-814,Pradeep Mohanty,Steel & Mineral Hauler (Ashok Leyland Boss 1415),2026-09-05T06:43:54.206321,21.84996,87.2311,71.7,25.19,67.1,228.82,Moderate,Clear,42.1,High Risk,High,233.0
TRK-114,DRV-814,Pradeep Mohanty,Steel & Mineral Hauler (Ashok Leyland Boss 1415),2026-09-05T06:47:54.206321,21.70249,87.10875,85.3,21.14,62.6,208.02,Low,Clear,47.4,In Transit,Low,143.9
TRK-114,DRV-814,Pradeep Mohanty,Steel & Mineral Hauler (Ashok Leyland Boss 1415),2026-09-05T06:51:54.206321,21.56096,86.97659,67.1,25.34,59.3,187.21,Moderate,Clear,52.6,High Risk,High,204.1
TRK-114,DRV-814,Pradeep Mohanty,Steel & Mineral Hauler (Ashok Leyland Boss 1415),2026-09-05T06:55:54.206321,21.42449,86.83882,90.6,24.28,55.4,166.41,Low,Clear,57.9,In Transit,Low,103.8
TRK-114,DRV-814,Pradeep Mohanty,Steel & Mineral Hauler (Ashok Leyland Boss 1415),2026-09-05T06:59:54.206321,21.29263,86.69593,70.0,30.47,55.3,145.61,Moderate,Clear,63.2,High Risk,High,150.4
TRK-114,DRV-814,Pradeep Mohanty,Steel & Mineral Hauler (Ashok Leyland Boss 1415),2026-09-05T07:03:54.206321,21.14536,86.57171,88.6,23.08,48.1,124.81,Low,Clear,68.4,In Transit,Low,85.3
TRK-114,DRV-814,Pradeep Mohanty,Steel & Mineral Hauler (Ashok Leyland Boss 1415),2026-09-05T07:07:54.206321,20.99765,86.44801,64.7,29.28,43.2,104.01,Moderate,Clear,73.7,In Transit,Moderate,110.8
TRK-114,DRV-814,Pradeep Mohanty,Steel & Mineral Hauler (Ashok Leyland Boss 1415),2026-09-05T07:11:54.206321,20.84991,86.32805,74.5,28.18,41.2,83.21,Moderate,Clear,78.9,In Transit,Moderate,78.8
TRK-114,DRV-814,Pradeep Mohanty,Steel & Mineral Hauler (Ashok Leyland Boss 1415),2026-09-05T07:15:54.206321,20.72308,86.18882,47.6,31.37,35.8,62.4,High,Clear,84.2,High Risk,High,124.4
TRK-114,DRV-814,Pradeep Mohanty,Steel & Mineral Hauler (Ashok Leyland Boss 1415),2026-09-05T07:19:54.206321,20.59703,86.04079,64.9,28.06,31.9,41.6,Moderate,Clear,89.5,In Transit,Low,39.6
TRK-114,DRV-814,Pradeep Mohanty,Steel & Mineral Hauler (Ashok Leyland Boss 1415),2026-09-05T07:23:54.206321,20.47098,85.89276,54.2,31.92,31.0,20.8,High,Clear,94.7,In Transit,Moderate,35.2
TRK-114,DRV-814,Pradeep Mohanty,Steel & Mineral Hauler (Ashok Leyland Boss 1415),2026-09-05T07:27:54.206321,20.2961,85.8245,89.5,27.0,24.5,0.0,Moderate,Clear,100.0,Arrived,Low,0.5
TRK-114,DRV-814,Pradeep Mohanty,Steel & Mineral Hauler (Ashok Leyland Boss 1415),2026-09-05T20:11:54.206321,22.5726,88.3639,83.7,23.37,99.4,395.23,Low,Clear,0.0,In Transit,Low,278.1
TRK-114,DRV-814,Pradeep Mohanty,Steel & Mineral Hauler (Ashok Leyland Boss 1415),2026-09-05T20:15:54.206321,22.51612,88.17109,68.7,27.88,96.5,374.43,Moderate,Clear,5.3,High Risk,High,392.9
TRK-114,DRV-814,Pradeep Mohanty,Steel & Mineral Hauler (Ashok Leyland Boss 1415),2026-09-05T20:19:54.206321,22.45964,87.97829,93.1,25.61,90.0,353.63,Low,Clear,10.5,In Transit,Low,226.6
TRK-114,DRV-814,Pradeep Mohanty,Steel & Mineral Hauler (Ashok Leyland Boss 1415),2026-09-05T20:23:54.206321,22.41254,87.783,89.3,24.28,86.4,332.82,Low,Clear,15.8,In Transit,Low,228.3
TRK-114,DRV-814,Pradeep Mohanty,Steel & Mineral Hauler (Ashok Leyland Boss 1415),2026-09-05T20:27:54.206321,22.37699,87.58467,80.1,22.61,82.8,312.02,Low,Clear,21.1,In Transit,Low,231.7
TRK-114,DRV-814,Pradeep Mohanty,Steel & Mineral Hauler (Ashok Leyland Boss 1415),2026-09-05T20:31:54.206321,22.34143,87.38633,86.5,21.86,77.7,291.22,Low,Clear,26.3,In Transit,Low,199.2
TRK-114,DRV-814,Pradeep Mohanty,Steel & Mineral Hauler (Ashok Leyland Boss 1415),2026-09-05T20:35:54.206321,22.20208,87.33467,88.5,27.08,76.1,270.42,Low,Clear,31.6,In Transit,Low,185.9
TRK-114,DRV-814,Pradeep Mohanty,Steel & Mineral Hauler (Ashok Leyland Boss 1415),2026-09-05T20:39:54.206321,22.0207,87.31509,74.9,24.46,72.4,249.62,Low,Clear,36.8,In Transit,Low,204.8
TRK-114,DRV-814,Pradeep Mohanty,Steel & Mineral Hauler (Ashok Leyland Boss 1415),2026-09-05T20:43:54.206321,21.84996,87.2311,82.9,24.83,67.0,228.82,Low,Clear,42.1,In Transit,Low,167.5
TRK-114,DRV-814,Pradeep Mohanty,Steel & Mineral Hauler (Ashok Leyland Boss 1415),2026-09-05T20:47:54.206321,21.70249,87.10875,67.1,21.81,63.9,208.02,Low,Clear,47.4,In Transit,Low,193.7
TRK-114,DRV-814,Pradeep Mohanty,Steel & Mineral Hauler (Ashok Leyland Boss 1415),2026-09-05T20:51:54.206321,21.56096,86.97659,85.2,22.1,62.5,187.21,Low,Clear,52.6,In Transit,Low,130.6
TRK-114,DRV-814,Pradeep Mohanty,Steel & Mineral Hauler (Ashok Leyland Boss 1415),2026-09-05T20:55:54.206321,21.42449,86.83882,65.5,26.13,55.4,166.41,Moderate,Clear,57.9,High Risk,High,183.6
TRK-114,DRV-814,Pradeep Mohanty,Steel & Mineral Hauler (Ashok Leyland Boss 1415),2026-09-05T20:59:54.206321,21.29263,86.69593,90.6,22.6,54.3,145.61,Low,Clear,63.2,In Transit,Low,98.9
TRK-114,DRV-814,Pradeep Mohanty,Steel & Mineral Hauler (Ashok Leyland Boss 1415),2026-09-05T21:03:54.206321,21.14536,86.57171,57.2,26.66,51.6,124.81,Moderate,Clear,68.4,High Risk,High,159.8
TRK-114,DRV-814,Pradeep Mohanty,Steel & Mineral Hauler (Ashok Leyland Boss 1415),2026-09-05T21:07:54.206321,20.99765,86.44801,34.2,32.75,45.0,104.01,Severe,Clear,73.7,Delayed,High,365.0
TRK-114,DRV-814,Pradeep Mohanty,Steel & Mineral Hauler (Ashok Leyland Boss 1415),2026-09-05T21:11:54.206321,20.84991,86.32805,79.5,25.41,42.5,83.21,Low,Clear,78.9,In Transit,Low,60.4
TRK-114,DRV-814,Pradeep Mohanty,Steel & Mineral Hauler (Ashok Leyland Boss 1415),2026-09-05T21:15:54.206321,20.72308,86.18882,54.9,28.38,42.6,62.4,High,Clear,84.2,High Risk,High,98.5
TRK-114,DRV-814,Pradeep Mohanty,Steel & Mineral Hauler (Ashok Leyland Boss 1415),2026-09-05T21:19:54.206321,20.59703,86.04079,82.2,25.48,30.8,41.6,Low,Clear,89.5,In Transit,Low,29.2
TRK-114,DRV-814,Pradeep Mohanty,Steel & Mineral Hauler (Ashok Leyland Boss 1415),2026-09-05T21:23:54.206321,20.47098,85.89276,66.8,24.5,28.0,20.8,Moderate,Clear,94.7,In Transit,Low,24.2
TRK-114,DRV-814,Pradeep Mohanty,Steel & Mineral Hauler (Ashok Leyland Boss 1415),2026-09-05T21:27:54.206321,20.2961,85.8245,78.6,28.79,23.8,0.0,Moderate,Clear,100.0,Arrived,Low,2.2
TRK-114,DRV-814,Pradeep Mohanty,Steel & Mineral Hauler (Ashok Leyland Boss 1415),2026-09-06T10:11:54.206321,22.5726,88.3639,76.6,22.49,98.3,395.23,Low,Clear,0.0,In Transit,Low,308.8
TRK-114,DRV-814,Pradeep Mohanty,Steel & Mineral Hauler (Ashok Leyland Boss 1415),2026-09-06T10:15:54.206321,22.51612,88.17109,71.5,26.31,97.0,374.43,Moderate,Clear,5.3,High Risk,High,374.5
TRK-114,DRV-814,Pradeep Mohanty,Steel & Mineral Hauler (Ashok Leyland Boss 1415),2026-09-06T10:19:54.206321,22.45964,87.97829,78.1,25.59,92.5,353.63,Low,Clear,10.5,In Transit,Low,272.1
TRK-114,DRV-814,Pradeep Mohanty,Steel & Mineral Hauler (Ashok Leyland Boss 1415),2026-09-06T10:23:54.206321,22.41254,87.783,80.4,24.12,84.7,332.82,Low,Clear,15.8,In Transit,Low,241.4
TRK-114,DRV-814,Pradeep Mohanty,Steel & Mineral Hauler (Ashok Leyland Boss 1415),2026-09-06T10:27:54.206321,22.37699,87.58467,72.6,27.43,84.5,312.02,Moderate,Clear,21.1,High Risk,High,306.6
TRK-114,DRV-814,Pradeep Mohanty,Steel & Mineral Hauler (Ashok Leyland Boss 1415),2026-09-06T10:31:54.206321,22.34143,87.38633,53.1,28.55,80.7,291.22,High,Clear,26.3,High Risk,High,490.6
TRK-114,DRV-814,Pradeep Mohanty,Steel & Mineral Hauler (Ashok Leyland Boss 1415),2026-09-06T10:35:54.206321,22.20208,87.33467,78.2,25.41,77.7,270.42,Moderate,Clear,31.6,High Risk,High,242.6
TRK-114,DRV-814,Pradeep Mohanty,Steel & Mineral Hauler (Ashok Leyland Boss 1415),2026-09-06T10:39:54.206321,22.0207,87.31509,88.3,26.48,71.7,249.62,Low,Clear,36.8,In Transit,Low,170.1
TRK-114,DRV-814,Pradeep Mohanty,Steel & Mineral Hauler (Ashok Leyland Boss 1415),2026-09-06T10:43:54.206321,21.84996,87.2311,78.0,23.52,66.2,228.82,Low,Clear,42.1,In Transit,Low,172.0
TRK-114,DRV-814,Pradeep Mohanty,Steel & Mineral Hauler (Ashok Leyland Boss 1415),2026-09-06T10:47:54.206321,21.70249,87.10875,95.8,25.81,67.3,208.02,Low,Clear,47.4,In Transit,Low,131.8
TRK-114,DRV-814,Pradeep Mohanty,Steel & Mineral Hauler (Ashok Leyland Boss 1415),2026-09-06T10:51:54.206321,21.56096,86.97659,84.2,26.12,60.9,187.21,Moderate,Clear,52.6,In Transit,Moderate,156.4
TRK-114,DRV-814,Pradeep Mohanty,Steel & Mineral Hauler (Ashok Leyland Boss 1415),2026-09-06T10:55:54.206321,21.42449,86.83882,70.6,26.99,54.9,166.41,Moderate,Clear,57.9,High Risk,High,169.7
TRK-114,DRV-814,Pradeep Mohanty,Steel & Mineral Hauler (Ashok Leyland Boss 1415),2026-09-06T10:59:54.206321,21.29263,86.69593,80.2,27.79,55.1,145.61,Moderate,Clear,63.2,High Risk,High,136.6
TRK-114,DRV-814,Pradeep Mohanty,Steel & Mineral Hauler (Ashok Leyland Boss 1415),2026-09-06T11:03:54.206321,21.14536,86.57171,92.2,24.95,47.4,124.81,Low,Clear,68.4,In Transit,Low,73.4
TRK-114,DRV-814,Pradeep Mohanty,Steel & Mineral Hauler (Ashok Leyland Boss 1415),2026-09-06T11:07:54.206321,20.99765,86.44801,76.0,20.17,45.8,104.01,Low,Clear,73.7,In Transit,Low,84.6
TRK-114,DRV-814,Pradeep Mohanty,Steel & Mineral Hauler (Ashok Leyland Boss 1415),2026-09-06T11:11:54.206321,20.84991,86.32805,48.1,35.2,40.3,83.21,Severe,Clear,78.9,High Risk,High,207.5
TRK-114,DRV-814,Pradeep Mohanty,Steel & Mineral Hauler (Ashok Leyland Boss 1415),2026-09-06T11:15:54.206321,20.72308,86.18882,84.1,27.55,37.1,62.4,Low,Clear,84.2,In Transit,Low,41.8
TRK-114,DRV-814,Pradeep Mohanty,Steel & Mineral Hauler (Ashok Leyland Boss 1415),2026-09-06T11:19:54.206321,20.59703,86.04079,83.4,26.16,30.2,41.6,Low,Clear,89.5,In Transit,Low,30.8
TRK-114,DRV-814,Pradeep Mohanty,Steel & Mineral Hauler (Ashok Leyland Boss 1415),2026-09-06T11:23:54.206321,20.47098,85.89276,58.9,34.93,28.6,20.8,High,Clear,94.7,In Transit,Moderate,35.0
TRK-114,DRV-814,Pradeep Mohanty,Steel & Mineral Hauler (Ashok Leyland Boss 1415),2026-09-06T11:27:54.206321,20.2961,85.8245,78.0,28.43,27.2,0.0,Moderate,Clear,100.0,Arrived,Low,0.5
TRK-114,DRV-814,Pradeep Mohanty,Steel & Mineral Hauler (Ashok Leyland Boss 1415),2026-09-07T00:11:54.206321,22.5726,88.3639,57.8,31.93,100.9,395.23,High,Clear,0.0,High Risk,High,613.1
TRK-114,DRV-814,Pradeep Mohanty,Steel & Mineral Hauler (Ashok Leyland Boss 1415),2026-09-07T00:15:54.206321,22.51612,88.17109,62.4,30.04,98.5,374.43,Moderate,Clear,5.3,High Risk,High,431.8
TRK-114,DRV-814,Pradeep Mohanty,Steel & Mineral Hauler (Ashok Leyland Boss 1415),2026-09-07T00:19:54.206321,22.45964,87.97829,81.3,26.09,91.2,353.63,Moderate,Clear,10.5,High Risk,High,314.0
TRK-114,DRV-814,Pradeep Mohanty,Steel & Mineral Hauler (Ashok Leyland Boss 1415),2026-09-07T00:23:54.206321,22.41254,87.783,49.5,31.5,87.2,332.82,High,Clear,15.8,High Risk,High,611.3
TRK-114,DRV-814,Pradeep Mohanty,Steel & Mineral Hauler (Ashok Leyland Boss 1415),2026-09-07T00:27:54.206321,22.37699,87.58467,37.3,35.84,82.6,312.02,Severe,Clear,21.1,Delayed,High,1006.2
TRK-114,DRV-814,Pradeep Mohanty,Steel & Mineral Hauler (Ashok Leyland Boss 1415),2026-09-07T00:31:54.206321,22.34143,87.38633,86.6,25.49,76.9,291.22,Low,Clear,26.3,In Transit,Low,199.3
TRK-114,DRV-814,Pradeep Mohanty,Steel & Mineral Hauler (Ashok Leyland Boss 1415),2026-09-07T00:35:54.206321,22.20208,87.33467,64.7,28.46,74.1,270.42,Moderate,Clear,31.6,High Risk,High,305.4
TRK-114,DRV-814,Pradeep Mohanty,Steel & Mineral Hauler (Ashok Leyland Boss 1415),2026-09-07T00:39:54.206321,22.0207,87.31509,36.5,34.45,76.7,249.62,Severe,Clear,36.8,Delayed,High,819.5
TRK-114,DRV-814,Pradeep Mohanty,Steel & Mineral Hauler (Ashok Leyland Boss 1415),2026-09-07T00:43:54.206321,21.84996,87.2311,76.6,24.33,68.3,228.82,Low,Clear,42.1,In Transit,Low,173.5
TRK-114,DRV-814,Pradeep Mohanty,Steel & Mineral Hauler (Ashok Leyland Boss 1415),2026-09-07T00:47:54.206321,21.70249,87.10875,73.1,27.24,66.4,208.02,Moderate,Clear,47.4,High Risk,High,199.8
TRK-114,DRV-814,Pradeep Mohanty,Steel & Mineral Hauler (Ashok Leyland Boss 1415),2026-09-07T00:51:54.206321,21.56096,86.97659,89.0,21.79,60.4,187.21,Low,Clear,52.6,In Transit,Low,129.6
TRK-114,DRV-814,Pradeep Mohanty,Steel & Mineral Hauler (Ashok Leyland Boss 1415),2026-09-07T00:55:54.206321,21.42449,86.83882,36.0,33.16,59.8,166.41,Severe,Clear,57.9,Delayed,High,549.5
TRK-114,DRV-814,Pradeep Mohanty,Steel & Mineral Hauler (Ashok Leyland Boss 1415),2026-09-07T00:59:54.206321,21.29263,86.69593,80.3,23.54,55.2,145.61,Low,Clear,63.2,In Transit,Low,102.0
TRK-114,DRV-814,Pradeep Mohanty,Steel & Mineral Hauler (Ashok Leyland Boss 1415),2026-09-07T01:03:54.206321,21.14536,86.57171,82.2,25.13,49.5,124.81,Low,Clear,68.4,In Transit,Low,93.8
TRK-114,DRV-814,Pradeep Mohanty,Steel & Mineral Hauler (Ashok Leyland Boss 1415),2026-09-07T01:07:54.206321,20.99765,86.44801,82.6,27.69,41.3,104.01,Low,Clear,73.7,In Transit,Low,80.2
TRK-114,DRV-814,Pradeep Mohanty,Steel & Mineral Hauler (Ashok Leyland Boss 1415),2026-09-07T01:11:54.206321,20.84991,86.32805,53.2,31.27,42.8,83.21,High,Clear,78.9,High Risk,High,140.2
TRK-114,DRV-814,Pradeep Mohanty,Steel & Mineral Hauler (Ashok Leyland Boss 1415),2026-09-07T01:15:54.206321,20.72308,86.18882,72.2,24.15,36.8,62.4,Low,Clear,84.2,In Transit,Low,50.9
TRK-114,DRV-814,Pradeep Mohanty,Steel & Mineral Hauler (Ashok Leyland Boss 1415),2026-09-07T01:19:54.206321,20.59703,86.04079,85.3,24.76,31.7,41.6,Low,Clear,89.5,In Transit,Low,29.6
TRK-114,DRV-814,Pradeep Mohanty,Steel & Mineral Hauler (Ashok Leyland Boss 1415),2026-09-07T01:23:54.206321,20.47098,85.89276,57.9,31.15,28.8,20.8,High,Clear,94.7,In Transit,Moderate,31.4
TRK-114,DRV-814,Pradeep Mohanty,Steel & Mineral Hauler (Ashok Leyland Boss 1415),2026-09-07T01:27:54.206321,20.2961,85.8245,80.6,25.27,27.0,0.0,Low,Clear,100.0,Arrived,Low,0.5
TRK-114,DRV-814,Pradeep Mohanty,Steel & Mineral Hauler (Ashok Leyland Boss 1415),2026-09-07T14:11:54.206321,22.5726,88.3639,62.6,28.95,99.4,395.23,High,Clear,0.0,High Risk,High,568.1
TRK-114,DRV-814,Pradeep Mohanty,Steel & Mineral Hauler (Ashok Leyland Boss 1415),2026-09-07T14:15:54.206321,22.51612,88.17109,89.5,24.42,98.2,374.43,Low,Clear,5.3,In Transit,Low,247.6
TRK-114,DRV-814,Pradeep Mohanty,Steel & Mineral Hauler (Ashok Leyland Boss 1415),2026-09-07T14:19:54.206321,22.45964,87.97829,82.6,23.7,91.8,353.63,Low,Clear,10.5,In Transit,Low,256.2
TRK-114,DRV-814,Pradeep Mohanty,Steel & Mineral Hauler (Ashok Leyland Boss 1415),2026-09-07T14:23:54.206321,22.41254,87.783,65.4,28.33,90.1,332.82,High,Clear,15.8,High Risk,High,454.9
TRK-114,DRV-814,Pradeep Mohanty,Steel & Mineral Hauler (Ashok Leyland Boss 1415),2026-09-07T14:27:54.206321,22.37699,87.58467,61.1,32.79,84.5,312.02,High,Clear,21.1,High Risk,High,458.2
TRK-114,DRV-814,Pradeep Mohanty,Steel & Mineral Hauler (Ashok Leyland Boss 1415),2026-09-07T14:31:54.206321,22.34143,87.38633,37.8,35.44,76.2,291.22,Severe,Clear,26.3,Delayed,High,928.3
TRK-114,DRV-814,Pradeep Mohanty,Steel & Mineral Hauler (Ashok Leyland Boss 1415),2026-09-07T14:35:54.206321,22.20208,87.33467,85.2,25.01,77.4,270.42,Low,Clear,31.6,In Transit,Low,193.5
TRK-114,DRV-814,Pradeep Mohanty,Steel & Mineral Hauler (Ashok Leyland Boss 1415),2026-09-07T14:39:54.206321,22.0207,87.31509,69.2,25.08,74.4,249.62,Moderate,Clear,36.8,High Risk,High,262.8
TRK-114,DRV-814,Pradeep Mohanty,Steel & Mineral Hauler (Ashok Leyland Boss 1415),2026-09-07T14:43:54.206321,21.84996,87.2311,78.1,22.46,70.6,228.82,Low,Clear,42.1,In Transit,Low,177.2
TRK-114,DRV-814,Pradeep Mohanty,Steel & Mineral Hauler (Ashok Leyland Boss 1415),2026-09-07T14:47:54.206321,21.70249,87.10875,36.3,36.72,65.1,208.02,Severe,Clear,47.4,Delayed,High,681.9
TRK-114,DRV-814,Pradeep Mohanty,Steel & Mineral Hauler (Ashok Leyland Boss 1415),2026-09-07T14:51:54.206321,21.56096,86.97659,57.3,30.02,57.8,187.21,High,Clear,52.6,High Risk,High,296.0
TRK-114,DRV-814,Pradeep Mohanty,Steel & Mineral Hauler (Ashok Leyland Boss 1415),2026-09-07T14:55:54.206321,21.42449,86.83882,62.7,30.84,55.5,166.41,High,Clear,57.9,High Risk,High,240.4
TRK-114,DRV-814,Pradeep Mohanty,Steel & Mineral Hauler (Ashok Leyland Boss 1415),2026-09-07T14:59:54.206321,21.29263,86.69593,72.4,23.34,54.1,145.61,Moderate,Clear,63.2,In Transit,Moderate,140.3
TRK-114,DRV-814,Pradeep Mohanty,Steel & Mineral Hauler (Ashok Leyland Boss 1415),2026-09-07T15:03:54.206321,21.14536,86.57171,71.4,26.92,49.2,124.81,Moderate,Clear,68.4,In Transit,Moderate,126.5
TRK-114,DRV-814,Pradeep Mohanty,Steel & Mineral Hauler (Ashok Leyland Boss 1415),2026-09-07T15:07:54.206321,20.99765,86.44801,58.2,30.3,45.3,104.01,High,Clear,73.7,High Risk,High,162.9
TRK-114,DRV-814,Pradeep Mohanty,Steel & Mineral Hauler (Ashok Leyland Boss 1415),2026-09-07T15:11:54.206321,20.84991,86.32805,81.4,24.0,41.0,83.21,Low,Clear,78.9,In Transit,Low,60.6
TRK-114,DRV-814,Pradeep Mohanty,Steel & Mineral Hauler (Ashok Leyland Boss 1415),2026-09-07T15:15:54.206321,20.72308,86.18882,48.5,31.76,38.7,62.4,High,Clear,84.2,High Risk,High,107.4
TRK-114,DRV-814,Pradeep Mohanty,Steel & Mineral Hauler (Ashok Leyland Boss 1415),2026-09-07T15:19:54.206321,20.59703,86.04079,47.7,29.41,33.1,41.6,High,Clear,89.5,High Risk,High,81.3
TRK-114,DRV-814,Pradeep Mohanty,Steel & Mineral Hauler (Ashok Leyland Boss 1415),2026-09-07T15:23:54.206321,20.47098,85.89276,64.9,27.5,29.1,20.8,Low,Clear,94.7,In Transit,Low,18.3
TRK-114,DRV-814,Pradeep Mohanty,Steel & Mineral Hauler (Ashok Leyland Boss 1415),2026-09-07T15:27:54.206321,20.2961,85.8245,60.1,30.34,25.5,0.0,High,Clear,100.0,In Transit,Moderate,0.5
TRK-114,DRV-814,Pradeep Mohanty,Steel & Mineral Hauler (Ashok Leyland Boss 1415),2026-09-08T04:11:54.206321,22.5726,88.3639,51.1,29.91,100.9,395.23,High,Clear,0.0,High Risk,High,695.0
TRK-114,DRV-814,Pradeep Mohanty,Steel & Mineral Hauler (Ashok Leyland Boss 1415),2026-09-08T04:15:54.206321,22.51612,88.17109,93.2,23.35,98.2,374.43,Low,Clear,5.3,In Transit,Low,242.4
TRK-114,DRV-814,Pradeep Mohanty,Steel & Mineral Hauler (Ashok Leyland Boss 1415),2026-09-08T04:19:54.206321,22.45964,87.97829,83.5,25.74,92.2,353.63,Low,Clear,10.5,In Transit,Low,252.2
TRK-114,DRV-814,Pradeep Mohanty,Steel & Mineral Hauler (Ashok Leyland Boss 1415),2026-09-08T04:23:54.206321,22.41254,87.783,70.2,27.07,88.1,332.82,Moderate,Clear,15.8,High Risk,High,340.9
TRK-114,DRV-814,Pradeep Mohanty,Steel & Mineral Hauler (Ashok Leyland Boss 1415),2026-09-08T04:27:54.206321,22.37699,87.58467,68.2,27.28,86.6,312.02,Moderate,Clear,21.1,High Risk,High,334.5
TRK-114,DRV-814,Pradeep Mohanty,Steel & Mineral Hauler (Ashok Leyland Boss 1415),2026-09-08T04:31:54.206321,22.34143,87.38633,33.5,37.82,81.8,291.22,Severe,Clear,26.3,Delayed,High,1044.6
TRK-114,DRV-814,Pradeep Mohanty,Steel & Mineral Hauler (Ashok Leyland Boss 1415),2026-09-08T04:35:54.206321,22.20208,87.33467,88.0,24.08,74.8,270.42,Low,Clear,31.6,In Transit,Low,184.8
TRK-114,DRV-814,Pradeep Mohanty,Steel & Mineral Hauler (Ashok Leyland Boss 1415),2026-09-08T04:39:54.206321,22.0207,87.31509,73.8,28.64,71.4,249.62,Moderate,Clear,36.8,High Risk,High,253.4
TRK-114,DRV-814,Pradeep Mohanty,Steel & Mineral Hauler (Ashok Leyland Boss 1415),2026-09-08T04:43:54.206321,21.84996,87.2311,65.8,26.37,69.5,228.82,Moderate,Clear,42.1,High Risk,High,248.8
TRK-114,DRV-814,Pradeep Mohanty,Steel & Mineral Hauler (Ashok Leyland Boss 1415),2026-09-08T04:47:54.206321,21.70249,87.10875,82.9,22.64,65.8,208.02,Low,Clear,47.4,In Transit,Low,147.6
TRK-114,DRV-814,Pradeep Mohanty,Steel & Mineral Hauler (Ashok Leyland Boss 1415),2026-09-08T04:51:54.206321,21.56096,86.97659,45.0,35.91,62.2,187.21,Severe,Clear,52.6,High Risk,High,494.0
TRK-114,DRV-814,Pradeep Mohanty,Steel & Mineral Hauler (Ashok Leyland Boss 1415),2026-09-08T04:55:54.206321,21.42449,86.83882,79.3,23.45,61.1,166.41,Low,Clear,57.9,In Transit,Low,122.4
TRK-114,DRV-814,Pradeep Mohanty,Steel & Mineral Hauler (Ashok Leyland Boss 1415),2026-09-08T04:59:54.206321,21.29263,86.69593,85.0,25.71,49.1,145.61,Low,Clear,63.2,In Transit,Low,98.3
TRK-114,DRV-814,Pradeep Mohanty,Steel & Mineral Hauler (Ashok Leyland Boss 1415),2026-09-08T05:03:54.206321,21.14536,86.57171,73.5,23.68,51.0,124.81,Low,Clear,68.4,In Transit,Low,100.2
TRK-114,DRV-814,Pradeep Mohanty,Steel & Mineral Hauler (Ashok Leyland Boss 1415),2026-09-08T05:07:54.206321,20.99765,86.44801,80.8,23.81,44.8,104.01,Low,Clear,73.7,In Transit,Low,80.0
TRK-114,DRV-814,Pradeep Mohanty,Steel & Mineral Hauler (Ashok Leyland Boss 1415),2026-09-08T05:11:54.206321,20.84991,86.32805,60.5,30.95,42.2,83.21,High,Clear,78.9,High Risk,High,117.5
TRK-114,DRV-814,Pradeep Mohanty,Steel & Mineral Hauler (Ashok Leyland Boss 1415),2026-09-08T05:15:54.206321,20.72308,86.18882,86.5,24.3,34.6,62.4,Low,Clear,84.2,In Transit,Low,47.7
TRK-114,DRV-814,Pradeep Mohanty,Steel & Mineral Hauler (Ashok Leyland Boss 1415),2026-09-08T05:19:54.206321,20.59703,86.04079,77.8,28.54,33.8,41.6,Moderate,Clear,89.5,In Transit,Low,39.0
TRK-114,DRV-814,Pradeep Mohanty,Steel & Mineral Hauler (Ashok Leyland Boss 1415),2026-09-08T05:23:54.206321,20.47098,85.89276,88.5,24.73,28.6,20.8,Low,Clear,94.7,In Transit,Low,13.9
TRK-114,DRV-814,Pradeep Mohanty,Steel & Mineral Hauler (Ashok Leyland Boss 1415),2026-09-08T05:27:54.206321,20.2961,85.8245,89.8,22.93,25.6,0.0,Low,Clear,100.0,Arrived,Low,0.5
TRK-114,DRV-814,Pradeep Mohanty,Steel & Mineral Hauler (Ashok Leyland Boss 1415),2026-09-08T18:11:54.206321,22.5726,88.3639,58.4,29.23,99.5,395.23,High,Clear,0.0,High Risk,High,612.0
TRK-114,DRV-814,Pradeep Mohanty,Steel & Mineral Hauler (Ashok Leyland Boss 1415),2026-09-08T18:15:54.206321,22.51612,88.17109,92.1,25.98,94.0,374.43,Low,Clear,5.3,In Transit,Low,245.1
TRK-114,DRV-814,Pradeep Mohanty,Steel & Mineral Hauler (Ashok Leyland Boss 1415),2026-09-08T18:19:54.206321,22.45964,87.97829,89.8,23.05,93.9,353.63,Low,Clear,10.5,In Transit,Low,239.7
TRK-114,DRV-814,Pradeep Mohanty,Steel & Mineral Hauler (Ashok Leyland Boss 1415),2026-09-08T18:23:54.206321,22.41254,87.783,83.5,26.72,86.7,332.82,Low,Clear,15.8,In Transit,Low,244.3
TRK-114,DRV-814,Pradeep Mohanty,Steel & Mineral Hauler (Ashok Leyland Boss 1415),2026-09-08T18:27:54.206321,22.37699,87.58467,70.8,25.11,82.0,312.02,Moderate,Clear,21.1,High Risk,High,316.7
TRK-114,DRV-814,Pradeep Mohanty,Steel & Mineral Hauler (Ashok Leyland Boss 1415),2026-09-08T18:31:54.206321,22.34143,87.38633,75.7,24.36,78.9,291.22,Low,Clear,26.3,In Transit,Low,232.9
TRK-114,DRV-814,Pradeep Mohanty,Steel & Mineral Hauler (Ashok Leyland Boss 1415),2026-09-08T18:35:54.206321,22.20208,87.33467,78.3,24.41,77.6,270.42,Low,Clear,31.6,In Transit,Low,204.2
TRK-114,DRV-814,Pradeep Mohanty,Steel & Mineral Hauler (Ashok Leyland Boss 1415),2026-09-08T18:39:54.206321,22.0207,87.31509,87.9,25.22,70.6,249.62,Low,Clear,36.8,In Transit,Low,167.8
TRK-114,DRV-814,Pradeep Mohanty,Steel & Mineral Hauler (Ashok Leyland Boss 1415),2026-09-08T18:43:54.206321,21.84996,87.2311,50.1,31.22,66.5,228.82,High,Clear,42.1,High Risk,High,413.9
TRK-114,DRV-814,Pradeep Mohanty,Steel & Mineral Hauler (Ashok Leyland Boss 1415),2026-09-08T18:47:54.206321,21.70249,87.10875,88.0,28.39,67.5,208.02,Low,Clear,47.4,In Transit,Low,141.9
TRK-114,DRV-814,Pradeep Mohanty,Steel & Mineral Hauler (Ashok Leyland Boss 1415),2026-09-08T18:51:54.206321,21.56096,86.97659,88.0,23.98,57.3,187.21,Low,Clear,52.6,In Transit,Low,125.3
TRK-114,DRV-814,Pradeep Mohanty,Steel & Mineral Hauler (Ashok Leyland Boss 1415),2026-09-08T18:55:54.206321,21.42449,86.83882,69.7,26.4,57.9,166.41,Moderate,Clear,57.9,High Risk,High,172.2
TRK-114,DRV-814,Pradeep Mohanty,Steel & Mineral Hauler (Ashok Leyland Boss 1415),2026-09-08T18:59:54.206321,21.29263,86.69593,77.8,25.29,49.8,145.61,Low,Clear,63.2,In Transit,Low,105.0
TRK-114,DRV-814,Pradeep Mohanty,Steel & Mineral Hauler (Ashok Leyland Boss 1415),2026-09-08T19:03:54.206321,21.14536,86.57171,77.5,23.58,49.0,124.81,Low,Clear,68.4,In Transit,Low,95.4
TRK-114,DRV-814,Pradeep Mohanty,Steel & Mineral Hauler (Ashok Leyland Boss 1415),2026-09-08T19:07:54.206321,20.99765,86.44801,94.9,27.02,45.4,104.01,Low,Clear,73.7,In Transit,Low,62.5
TRK-114,DRV-814,Pradeep Mohanty,Steel & Mineral Hauler (Ashok Leyland Boss 1415),2026-09-08T19:11:54.206321,20.84991,86.32805,78.4,25.65,38.6,83.21,Low,Clear,78.9,In Transit,Low,55.5
TRK-114,DRV-814,Pradeep Mohanty,Steel & Mineral Hauler (Ashok Leyland Boss 1415),2026-09-08T19:15:54.206321,20.72308,86.18882,76.0,24.09,37.7,62.4,Low,Clear,84.2,In Transit,Low,50.6
TRK-114,DRV-814,Pradeep Mohanty,Steel & Mineral Hauler (Ashok Leyland Boss 1415),2026-09-08T19:19:54.206321,20.59703,86.04079,67.1,25.93,31.4,41.6,Moderate,Clear,89.5,In Transit,Low,44.3
TRK-114,DRV-814,Pradeep Mohanty,Steel & Mineral Hauler (Ashok Leyland Boss 1415),2026-09-08T19:23:54.206321,20.47098,85.89276,88.2,23.08,28.6,20.8,Low,Clear,94.7,In Transit,Low,5.8
TRK-114,DRV-814,Pradeep Mohanty,Steel & Mineral Hauler (Ashok Leyland Boss 1415),2026-09-08T19:27:54.206321,20.2961,85.8245,72.9,28.29,26.1,0.0,Moderate,Clear,100.0,Arrived,Low,2.4
TRK-114,DRV-814,Pradeep Mohanty,Steel & Mineral Hauler (Ashok Leyland Boss 1415),2026-09-09T08:11:54.206321,22.5726,88.3639,60.6,25.34,96.4,395.23,Moderate,Fog,0.0,High Risk,High,636.1
TRK-114,DRV-814,Pradeep Mohanty,Steel & Mineral Hauler (Ashok Leyland Boss 1415),2026-09-09T08:15:54.206321,22.51612,88.17109,64.3,28.2,90.8,374.43,Low,Fog,5.3,High Risk,High,475.5
TRK-114,DRV-814,Pradeep Mohanty,Steel & Mineral Hauler (Ashok Leyland Boss 1415),2026-09-09T08:19:54.206321,22.45964,87.97829,67.3,30.41,92.1,353.63,Moderate,Fog,10.5,High Risk,High,511.8
TRK-114,DRV-814,Pradeep Mohanty,Steel & Mineral Hauler (Ashok Leyland Boss 1415),2026-09-09T08:23:54.206321,22.41254,87.783,50.0,24.82,88.1,332.82,Moderate,Fog,15.8,High Risk,High,643.1
TRK-114,DRV-814,Pradeep Mohanty,Steel & Mineral Hauler (Ashok Leyland Boss 1415),2026-09-09T08:27:54.206321,22.37699,87.58467,64.2,28.08,83.3,312.02,Low,Fog,21.1,High Risk,High,396.4
TRK-114,DRV-814,Pradeep Mohanty,Steel & Mineral Hauler (Ashok Leyland Boss 1415),2026-09-09T08:31:54.206321,22.34143,87.38633,69.5,24.05,81.4,291.22,Low,Fog,26.3,High Risk,High,338.2
TRK-114,DRV-814,Pradeep Mohanty,Steel & Mineral Hauler (Ashok Leyland Boss 1415),2026-09-09T08:35:54.206321,22.20208,87.33467,43.5,37.91,77.8,270.42,Severe,Fog,31.6,High Risk,High,1004.6
TRK-114,DRV-814,Pradeep Mohanty,Steel & Mineral Hauler (Ashok Leyland Boss 1415),2026-09-09T08:39:54.206321,22.0207,87.31509,55.7,26.87,73.2,249.62,Moderate,Fog,36.8,High Risk,High,428.7
TRK-114,DRV-814,Pradeep Mohanty,Steel & Mineral Hauler (Ashok Leyland Boss 1415),2026-09-09T08:43:54.206321,21.84996,87.2311,66.6,27.4,72.1,228.82,Low,Fog,42.1,High Risk,High,283.4
TRK-114,DRV-814,Pradeep Mohanty,Steel & Mineral Hauler (Ashok Leyland Boss 1415),2026-09-09T08:47:54.206321,21.70249,87.10875,37.5,35.35,64.7,208.02,Severe,Fog,47.4,Delayed,High,905.4
TRK-114,DRV-814,Pradeep Mohanty,Steel & Mineral Hauler (Ashok Leyland Boss 1415),2026-09-09T08:51:54.206321,21.56096,86.97659,59.1,27.88,61.5,187.21,Moderate,Fog,52.6,High Risk,High,304.3
TRK-114,DRV-814,Pradeep Mohanty,Steel & Mineral Hauler (Ashok Leyland Boss 1415),2026-09-09T08:55:54.206321,21.42449,86.83882,73.4,27.51,57.3,166.41,Low,Fog,57.9,High Risk,High,182.9
TRK-114,DRV-814,Pradeep Mohanty,Steel & Mineral Hauler (Ashok Leyland Boss 1415),2026-09-09T08:59:54.206321,21.29263,86.69593,71.1,27.3,54.0,145.61,Low,Fog,63.2,High Risk,High,155.6
TRK-114,DRV-814,Pradeep Mohanty,Steel & Mineral Hauler (Ashok Leyland Boss 1415),2026-09-09T09:03:54.206321,21.14536,86.57171,75.1,28.46,51.3,124.81,Moderate,Fog,68.4,High Risk,High,163.8
TRK-114,DRV-814,Pradeep Mohanty,Steel & Mineral Hauler (Ashok Leyland Boss 1415),2026-09-09T09:07:54.206321,20.99765,86.44801,46.7,30.55,44.8,104.01,High,Fog,73.7,High Risk,High,267.8
TRK-114,DRV-814,Pradeep Mohanty,Steel & Mineral Hauler (Ashok Leyland Boss 1415),2026-09-09T09:11:54.206321,20.84991,86.32805,57.6,26.29,36.8,83.21,Moderate,Fog,78.9,High Risk,High,145.0
TRK-114,DRV-814,Pradeep Mohanty,Steel & Mineral Hauler (Ashok Leyland Boss 1415),2026-09-09T09:15:54.206321,20.72308,86.18882,49.4,32.43,35.4,62.4,Moderate,Fog,84.2,High Risk,High,119.8
TRK-114,DRV-814,Pradeep Mohanty,Steel & Mineral Hauler (Ashok Leyland Boss 1415),2026-09-09T09:19:54.206321,20.59703,86.04079,76.1,23.37,31.5,41.6,Low,Fog,89.5,In Transit,Low,42.5
TRK-114,DRV-814,Pradeep Mohanty,Steel & Mineral Hauler (Ashok Leyland Boss 1415),2026-09-09T09:23:54.206321,20.47098,85.89276,37.2,38.63,23.4,20.8,Severe,Fog,94.7,Delayed,High,95.2
TRK-114,DRV-814,Pradeep Mohanty,Steel & Mineral Hauler (Ashok Leyland Boss 1415),2026-09-09T09:27:54.206321,20.2961,85.8245,63.3,27.91,24.8,0.0,Moderate,Fog,100.0,Arrived,Low,0.5
TRK-114,DRV-814,Pradeep Mohanty,Steel & Mineral Hauler (Ashok Leyland Boss 1415),2026-09-09T22:11:54.206321,22.5726,88.3639,49.7,28.25,99.1,395.23,High,Clear,0.0,High Risk,High,714.4
TRK-114,DRV-814,Pradeep Mohanty,Steel & Mineral Hauler (Ashok Leyland Boss 1415),2026-09-09T22:15:54.206321,22.51612,88.17109,71.6,26.73,97.8,374.43,Moderate,Clear,5.3,High Risk,High,371.3
TRK-114,DRV-814,Pradeep Mohanty,Steel & Mineral Hauler (Ashok Leyland Boss 1415),2026-09-09T22:19:54.206321,22.45964,87.97829,71.7,25.6,93.1,353.63,Moderate,Clear,10.5,High Risk,High,359.7
TRK-114,DRV-814,Pradeep Mohanty,Steel & Mineral Hauler (Ashok Leyland Boss 1415),2026-09-09T22:23:54.206321,22.41254,87.783,37.4,37.64,87.0,332.82,Severe,Clear,15.8,Delayed,High,1068.0
TRK-114,DRV-814,Pradeep Mohanty,Steel & Mineral Hauler (Ashok Leyland Boss 1415),2026-09-09T22:27:54.206321,22.37699,87.58467,81.8,22.9,83.1,312.02,Low,Clear,21.1,In Transit,Low,233.9
TRK-114,DRV-814,Pradeep Mohanty,Steel & Mineral Hauler (Ashok Leyland Boss 1415),2026-09-09T22:31:54.206321,22.34143,87.38633,45.1,32.88,81.0,291.22,High,Clear,26.3,High Risk,High,580.1
TRK-114,DRV-814,Pradeep Mohanty,Steel & Mineral Hauler (Ashok Leyland Boss 1415),2026-09-09T22:35:54.206321,22.20208,87.33467,80.2,26.41,78.8,270.42,Low,Clear,31.6,In Transit,Low,207.4
TRK-114,DRV-814,Pradeep Mohanty,Steel & Mineral Hauler (Ashok Leyland Boss 1415),2026-09-09T22:39:54.206321,22.0207,87.31509,87.0,24.95,76.5,249.62,Low,Clear,36.8,In Transit,Low,173.5
TRK-114,DRV-814,Pradeep Mohanty,Steel & Mineral Hauler (Ashok Leyland Boss 1415),2026-09-09T22:43:54.206321,21.84996,87.2311,51.6,35.57,71.5,228.82,Severe,Clear,42.1,High Risk,High,529.1
TRK-114,DRV-814,Pradeep Mohanty,Steel & Mineral Hauler (Ashok Leyland Boss 1415),2026-09-09T22:47:54.206321,21.70249,87.10875,68.1,30.18,59.1,208.02,Moderate,Clear,47.4,High Risk,High,217.5
TRK-114,DRV-814,Pradeep Mohanty,Steel & Mineral Hauler (Ashok Leyland Boss 1415),2026-09-09T22:51:54.206321,21.56096,86.97659,51.4,31.27,60.9,187.21,High,Clear,52.6,High Risk,High,324.5
TRK-114,DRV-814,Pradeep Mohanty,Steel & Mineral Hauler (Ashok Leyland Boss 1415),2026-09-09T22:55:54.206321,21.42449,86.83882,68.4,28.84,54.6,166.41,Moderate,Clear,57.9,High Risk,High,175.1
TRK-114,DRV-814,Pradeep Mohanty,Steel & Mineral Hauler (Ashok Leyland Boss 1415),2026-09-09T22:59:54.206321,21.29263,86.69593,55.1,30.81,52.1,145.61,High,Clear,63.2,High Risk,High,240.7
TRK-114,DRV-814,Pradeep Mohanty,Steel & Mineral Hauler (Ashok Leyland Boss 1415),2026-09-09T23:03:54.206321,21.14536,86.57171,81.9,28.01,41.6,124.81,Low,Clear,68.4,In Transit,Low,92.6
TRK-114,DRV-814,Pradeep Mohanty,Steel & Mineral Hauler (Ashok Leyland Boss 1415),2026-09-09T23:07:54.206321,20.99765,86.44801,81.8,23.41,42.4,104.01,Low,Clear,73.7,In Transit,Low,74.0
TRK-114,DRV-814,Pradeep Mohanty,Steel & Mineral Hauler (Ashok Leyland Boss 1415),2026-09-09T23:11:54.206321,20.84991,86.32805,66.7,25.11,38.6,83.21,Moderate,Clear,78.9,In Transit,Moderate,88.0
TRK-114,DRV-814,Pradeep Mohanty,Steel & Mineral Hauler (Ashok Leyland Boss 1415),2026-09-09T23:15:54.206321,20.72308,86.18882,52.6,34.56,37.3,62.4,Severe,Clear,84.2,High Risk,High,144.3
TRK-114,DRV-814,Pradeep Mohanty,Steel & Mineral Hauler (Ashok Leyland Boss 1415),2026-09-09T23:19:54.206321,20.59703,86.04079,76.0,26.39,32.2,41.6,Moderate,Clear,89.5,In Transit,Low,39.2
TRK-114,DRV-814,Pradeep Mohanty,Steel & Mineral Hauler (Ashok Leyland Boss 1415),2026-09-09T23:23:54.206321,20.47098,85.89276,75.7,22.89,28.8,20.8,Low,Clear,94.7,In Transit,Low,16.9
TRK-114,DRV-814,Pradeep Mohanty,Steel & Mineral Hauler (Ashok Leyland Boss 1415),2026-09-09T23:27:54.206321,20.2961,85.8245,76.1,25.84,25.5,0.0,Moderate,Clear,100.0,Arrived,Low,3.9
TRK-114,DRV-814,Pradeep Mohanty,Steel & Mineral Hauler (Ashok Leyland Boss 1415),2026-09-10T12:11:54.206321,22.5726,88.3639,65.5,29.38,98.1,395.23,Low,Fog,0.0,High Risk,High,493.1
TRK-114,DRV-814,Pradeep Mohanty,Steel & Mineral Hauler (Ashok Leyland Boss 1415),2026-09-10T12:15:54.206321,22.51612,88.17109,39.1,32.85,96.9,374.43,High,Fog,5.3,Delayed,High,1165.6
TRK-114,DRV-814,Pradeep Mohanty,Steel & Mineral Hauler (Ashok Leyland Boss 1415),2026-09-10T12:19:54.206321,22.45964,87.97829,38.8,36.29,94.3,353.63,Severe,Fog,10.5,Delayed,High,1475.3
TRK-114,DRV-814,Pradeep Mohanty,Steel & Mineral Hauler (Ashok Leyland Boss 1415),2026-09-10T12:23:54.206321,22.41254,87.783,43.2,29.84,88.7,332.82,High,Fog,15.8,High Risk,High,933.0
TRK-114,DRV-814,Pradeep Mohanty,Steel & Mineral Hauler (Ashok Leyland Boss 1415),2026-09-10T12:27:54.206321,22.37699,87.58467,79.3,29.24,83.1,312.02,Low,Fog,21.1,High Risk,High,312.9
TRK-114,DRV-814,Pradeep Mohanty,Steel & Mineral Hauler (Ashok Leyland Boss 1415),2026-09-10T12:31:54.206321,22.34143,87.38633,81.7,24.62,78.0,291.22,Low,Fog,26.3,High Risk,High,287.9
TRK-114,DRV-814,Pradeep Mohanty,Steel & Mineral Hauler (Ashok Leyland Boss 1415),2026-09-10T12:35:54.206321,22.20208,87.33467,76.2,26.76,77.2,270.42,Low,Fog,31.6,High Risk,High,286.0
TRK-114,DRV-814,Pradeep Mohanty,Steel & Mineral Hauler (Ashok Leyland Boss 1415),2026-09-10T12:39:54.206321,22.0207,87.31509,54.1,29.1,70.0,249.62,Moderate,Fog,36.8,High Risk,High,447.8
TRK-114,DRV-814,Pradeep Mohanty,Steel & Mineral Hauler (Ashok Leyland Boss 1415),2026-09-10T12:43:54.206321,21.84996,87.2311,72.9,24.8,70.1,228.82,Low,Fog,42.1,High Risk,High,255.3
TRK-114,DRV-814,Pradeep Mohanty,Steel & Mineral Hauler (Ashok Leyland Boss 1415),2026-09-10T12:47:54.206321,21.70249,87.10875,80.4,30.98,67.2,208.02,Low,Fog,47.4,High Risk,High,208.2
TRK-114,DRV-814,Pradeep Mohanty,Steel & Mineral Hauler (Ashok Leyland Boss 1415),2026-09-10T12:51:54.206321,21.56096,86.97659,60.6,27.72,62.2,187.21,Moderate,Fog,52.6,High Risk,High,301.0
TRK-114,DRV-814,Pradeep Mohanty,Steel & Mineral Hauler (Ashok Leyland Boss 1415),2026-09-10T12:55:54.206321,21.42449,86.83882,70.3,29.95,58.8,166.41,Moderate,Fog,57.9,High Risk,High,231.9
TRK-114,DRV-814,Pradeep Mohanty,Steel & Mineral Hauler (Ashok Leyland Boss 1415),2026-09-10T12:59:54.206321,21.29263,86.69593,63.3,24.54,52.5,145.61,Moderate,Fog,63.2,High Risk,High,219.7
TRK-114,DRV-814,Pradeep Mohanty,Steel & Mineral Hauler (Ashok Leyland Boss 1415),2026-09-10T13:03:54.206321,21.14536,86.57171,75.8,28.28,50.5,124.81,Low,Fog,68.4,High Risk,High,135.5
TRK-114,DRV-814,Pradeep Mohanty,Steel & Mineral Hauler (Ashok Leyland Boss 1415),2026-09-10T13:07:54.206321,20.99765,86.44801,34.0,36.88,46.0,104.01,Severe,Fog,73.7,Delayed,High,493.8
TRK-114,DRV-814,Pradeep Mohanty,Steel & Mineral Hauler (Ashok Leyland Boss 1415),2026-09-10T13:11:54.206321,20.84991,86.32805,69.2,27.16,40.4,83.21,Low,Fog,78.9,In Transit,Moderate,91.1
TRK-114,DRV-814,Pradeep Mohanty,Steel & Mineral Hauler (Ashok Leyland Boss 1415),2026-09-10T13:15:54.206321,20.72308,86.18882,48.9,32.77,39.8,62.4,High,Fog,84.2,High Risk,High,150.8
TRK-114,DRV-814,Pradeep Mohanty,Steel & Mineral Hauler (Ashok Leyland Boss 1415),2026-09-10T13:19:54.206321,20.59703,86.04079,68.8,29.3,32.9,41.6,Moderate,Fog,89.5,High Risk,High,63.8
TRK-114,DRV-814,Pradeep Mohanty,Steel & Mineral Hauler (Ashok Leyland Boss 1415),2026-09-10T13:23:54.206321,20.47098,85.89276,40.5,31.8,30.3,20.8,High,Fog,94.7,High Risk,High,66.7
TRK-114,DRV-814,Pradeep Mohanty,Steel & Mineral Hauler (Ashok Leyland Boss 1415),2026-09-10T13:27:54.206321,20.2961,85.8245,58.3,30.13,24.9,0.0,Moderate,Fog,100.0,Arrived,Low,0.5
TRK-114,DRV-814,Pradeep Mohanty,Steel & Mineral Hauler (Ashok Leyland Boss 1415),2026-09-11T02:11:54.206321,22.5726,88.3639,58.5,32.3,97.6,395.23,High,Clear,0.0,High Risk,High,610.1
TRK-114,DRV-814,Pradeep Mohanty,Steel & Mineral Hauler (Ashok Leyland Boss 1415),2026-09-11T02:15:54.206321,22.51612,88.17109,89.2,24.57,93.7,374.43,Low,Clear,5.3,In Transit,Low,261.0
TRK-114,DRV-814,Pradeep Mohanty,Steel & Mineral Hauler (Ashok Leyland Boss 1415),2026-09-11T02:19:54.206321,22.45964,87.97829,82.6,22.55,91.9,353.63,Low,Clear,10.5,In Transit,Low,252.0
TRK-114,DRV-814,Pradeep Mohanty,Steel & Mineral Hauler (Ashok Leyland Boss 1415),2026-09-11T02:23:54.206321,22.41254,87.783,43.0,35.73,89.6,332.82,Severe,Clear,15.8,High Risk,High,924.7
TRK-114,DRV-814,Pradeep Mohanty,Steel & Mineral Hauler (Ashok Leyland Boss 1415),2026-09-11T02:27:54.206321,22.37699,87.58467,79.6,25.43,84.7,312.02,Low,Clear,21.1,In Transit,Low,238.7
TRK-114,DRV-814,Pradeep Mohanty,Steel & Mineral Hauler (Ashok Leyland Boss 1415),2026-09-11T02:31:54.206321,22.34143,87.38633,77.3,22.14,80.7,291.22,Low,Clear,26.3,In Transit,Low,229.6
TRK-114,DRV-814,Pradeep Mohanty,Steel & Mineral Hauler (Ashok Leyland Boss 1415),2026-09-11T02:35:54.206321,22.20208,87.33467,74.9,23.35,76.0,270.42,Moderate,Clear,31.6,High Risk,High,257.5
TRK-114,DRV-814,Pradeep Mohanty,Steel & Mineral Hauler (Ashok Leyland Boss 1415),2026-09-11T02:39:54.206321,22.0207,87.31509,86.6,24.01,73.8,249.62,Low,Clear,36.8,In Transit,Low,175.7
TRK-114,DRV-814,Pradeep Mohanty,Steel & Mineral Hauler (Ashok Leyland Boss 1415),2026-09-11T02:43:54.206321,21.84996,87.2311,51.6,32.55,69.7,228.82,High,Clear,42.1,High Risk,High,399.5
TRK-114,DRV-814,Pradeep Mohanty,Steel & Mineral Hauler (Ashok Leyland Boss 1415),2026-09-11T02:47:54.206321,21.70249,87.10875,59.3,29.52,67.5,208.02,High,Clear,47.4,High Risk,High,313.8
TRK-114,DRV-814,Pradeep Mohanty,Steel & Mineral Hauler (Ashok Leyland Boss 1415),2026-09-11T02:51:54.206321,21.56096,86.97659,81.9,23.18,59.0,187.21,Low,Clear,52.6,In Transit,Low,133.4
TRK-114,DRV-814,Pradeep Mohanty,Steel & Mineral Hauler (Ashok Leyland Boss 1415),2026-09-11T02:55:54.206321,21.42449,86.83882,70.6,23.55,60.4,166.41,Moderate,Clear,57.9,High Risk,High,169.1
TRK-114,DRV-814,Pradeep Mohanty,Steel & Mineral Hauler (Ashok Leyland Boss 1415),2026-09-11T02:59:54.206321,21.29263,86.69593,42.4,34.49,49.7,145.61,Severe,Clear,63.2,High Risk,High,407.5
TRK-114,DRV-814,Pradeep Mohanty,Steel & Mineral Hauler (Ashok Leyland Boss 1415),2026-09-11T03:03:54.206321,21.14536,86.57171,91.8,24.15,48.0,124.81,Low,Clear,68.4,In Transit,Low,84.7
TRK-114,DRV-814,Pradeep Mohanty,Steel & Mineral Hauler (Ashok Leyland Boss 1415),2026-09-11T03:07:54.206321,20.99765,86.44801,91.6,27.93,41.5,104.01,Low,Clear,73.7,In Transit,Low,69.2
TRK-114,DRV-814,Pradeep Mohanty,Steel & Mineral Hauler (Ashok Leyland Boss 1415),2026-09-11T03:11:54.206321,20.84991,86.32805,85.4,25.64,38.8,83.21,Low,Clear,78.9,In Transit,Low,61.4
TRK-114,DRV-814,Pradeep Mohanty,Steel & Mineral Hauler (Ashok Leyland Boss 1415),2026-09-11T03:15:54.206321,20.72308,86.18882,60.7,28.45,38.4,62.4,High,Clear,84.2,High Risk,High,97.9
TRK-114,DRV-814,Pradeep Mohanty,Steel & Mineral Hauler (Ashok Leyland Boss 1415),2026-09-11T03:19:54.206321,20.59703,86.04079,85.1,23.28,31.7,41.6,Low,Clear,89.5,In Transit,Low,33.3
TRK-114,DRV-814,Pradeep Mohanty,Steel & Mineral Hauler (Ashok Leyland Boss 1415),2026-09-11T03:23:54.206321,20.47098,85.89276,79.6,24.51,30.3,20.8,Low,Clear,94.7,In Transit,Low,15.9
TRK-114,DRV-814,Pradeep Mohanty,Steel & Mineral Hauler (Ashok Leyland Boss 1415),2026-09-11T03:27:54.206321,20.2961,85.8245,75.4,28.89,25.9,0.0,Moderate,Clear,100.0,Arrived,Low,1.1
TRK-114,DRV-814,Pradeep Mohanty,Steel & Mineral Hauler (Ashok Leyland Boss 1415),2026-09-11T16:11:54.206321,22.5726,88.3639,71.7,25.57,100.5,395.23,Low,Rain,0.0,High Risk,High,413.6
TRK-114,DRV-814,Pradeep Mohanty,Steel & Mineral Hauler (Ashok Leyland Boss 1415),2026-09-11T16:15:54.206321,22.51612,88.17109,48.1,32.69,94.3,374.43,High,Rain,5.3,High Risk,High,871.9
TRK-114,DRV-814,Pradeep Mohanty,Steel & Mineral Hauler (Ashok Leyland Boss 1415),2026-09-11T16:19:54.206321,22.45964,87.97829,73.7,24.88,92.0,353.63,Low,Rain,10.5,High Risk,High,357.0
TRK-114,DRV-814,Pradeep Mohanty,Steel & Mineral Hauler (Ashok Leyland Boss 1415),2026-09-11T16:23:54.206321,22.41254,87.783,64.5,27.46,89.4,332.82,Moderate,Rain,15.8,High Risk,High,469.5
TRK-114,DRV-814,Pradeep Mohanty,Steel & Mineral Hauler (Ashok Leyland Boss 1415),2026-09-11T16:27:54.206321,22.37699,87.58467,82.1,24.03,84.9,312.02,Low,Rain,21.1,High Risk,High,281.9
TRK-114,DRV-814,Pradeep Mohanty,Steel & Mineral Hauler (Ashok Leyland Boss 1415),2026-09-11T16:31:54.206321,22.34143,87.38633,52.3,32.1,77.6,291.22,High,Rain,26.3,High Risk,High,622.7
TRK-114,DRV-814,Pradeep Mohanty,Steel & Mineral Hauler (Ashok Leyland Boss 1415),2026-09-11T16:35:54.206321,22.20208,87.33467,59.6,27.56,77.3,270.42,Moderate,Rain,31.6,High Risk,High,415.9
TRK-114,DRV-814,Pradeep Mohanty,Steel & Mineral Hauler (Ashok Leyland Boss 1415),2026-09-11T16:39:54.206321,22.0207,87.31509,60.7,28.74,73.1,249.62,Moderate,Rain,36.8,High Risk,High,374.5
TRK-114,DRV-814,Pradeep Mohanty,Steel & Mineral Hauler (Ashok Leyland Boss 1415),2026-09-11T16:43:54.206321,21.84996,87.2311,48.0,35.14,70.0,228.82,High,Rain,42.1,High Risk,High,532.9
TRK-114,DRV-814,Pradeep Mohanty,Steel & Mineral Hauler (Ashok Leyland Boss 1415),2026-09-11T16:47:54.206321,21.70249,87.10875,38.1,34.71,65.8,208.02,Severe,Rain,47.4,Delayed,High,825.3
TRK-114,DRV-814,Pradeep Mohanty,Steel & Mineral Hauler (Ashok Leyland Boss 1415),2026-09-11T16:51:54.206321,21.56096,86.97659,76.8,26.81,60.2,187.21,Low,Rain,52.6,High Risk,High,181.4
TRK-114,DRV-814,Pradeep Mohanty,Steel & Mineral Hauler (Ashok Leyland Boss 1415),2026-09-11T16:55:54.206321,21.42449,86.83882,51.9,32.25,56.1,166.41,High,Rain,57.9,High Risk,High,362.0
TRK-114,DRV-814,Pradeep Mohanty,Steel & Mineral Hauler (Ashok Leyland Boss 1415),2026-09-11T16:59:54.206321,21.29263,86.69593,75.1,27.73,56.5,145.61,Low,Rain,63.2,High Risk,High,142.9
TRK-114,DRV-814,Pradeep Mohanty,Steel & Mineral Hauler (Ashok Leyland Boss 1415),2026-09-11T17:03:54.206321,21.14536,86.57171,73.4,25.75,44.9,124.81,Low,Rain,68.4,High Risk,High,129.5
TRK-114,DRV-814,Pradeep Mohanty,Steel & Mineral Hauler (Ashok Leyland Boss 1415),2026-09-11T17:07:54.206321,20.99765,86.44801,76.2,25.75,43.2,104.01,Low,Rain,73.7,In Transit,Moderate,99.2
TRK-114,DRV-814,Pradeep Mohanty,Steel & Mineral Hauler (Ashok Leyland Boss 1415),2026-09-11T17:11:54.206321,20.84991,86.32805,73.5,27.3,39.7,83.21,Low,Rain,78.9,In Transit,Moderate,83.5
TRK-114,DRV-814,Pradeep Mohanty,Steel & Mineral Hauler (Ashok Leyland Boss 1415),2026-09-11T17:15:54.206321,20.72308,86.18882,76.2,25.62,38.9,62.4,Low,Rain,84.2,In Transit,Moderate,62.4
TRK-114,DRV-814,Pradeep Mohanty,Steel & Mineral Hauler (Ashok Leyland Boss 1415),2026-09-11T17:19:54.206321,20.59703,86.04079,64.6,29.4,35.7,41.6,Moderate,Rain,89.5,In Transit,Moderate,57.3
TRK-114,DRV-814,Pradeep Mohanty,Steel & Mineral Hauler (Ashok Leyland Boss 1415),2026-09-11T17:23:54.206321,20.47098,85.89276,70.0,29.32,31.0,20.8,Moderate,Rain,94.7,In Transit,Low,26.7
TRK-114,DRV-814,Pradeep Mohanty,Steel & Mineral Hauler (Ashok Leyland Boss 1415),2026-09-11T17:27:54.206321,20.2961,85.8245,80.9,27.93,21.2,0.0,Low,Rain,100.0,Arrived,Low,0.5
TRK-114,DRV-814,Pradeep Mohanty,Steel & Mineral Hauler (Ashok Leyland Boss 1415),2026-09-12T06:11:54.206321,22.5726,88.3639,71.5,29.53,102.9,395.23,Moderate,Heatwave,0.0,High Risk,High,561.2
TRK-114,DRV-814,Pradeep Mohanty,Steel & Mineral Hauler (Ashok Leyland Boss 1415),2026-09-12T06:15:54.206321,22.51612,88.17109,47.7,35.11,97.4,374.43,High,Heatwave,5.3,High Risk,High,995.1
TRK-114,DRV-814,Pradeep Mohanty,Steel & Mineral Hauler (Ashok Leyland Boss 1415),2026-09-12T06:19:54.206321,22.45964,87.97829,44.3,31.5,92.3,353.63,High,Heatwave,10.5,High Risk,High,1006.8
TRK-114,DRV-814,Pradeep Mohanty,Steel & Mineral Hauler (Ashok Leyland Boss 1415),2026-09-12T06:23:54.206321,22.41254,87.783,57.3,31.63,86.3,332.82,Moderate,Heatwave,15.8,High Risk,High,585.3
TRK-114,DRV-814,Pradeep Mohanty,Steel & Mineral Hauler (Ashok Leyland Boss 1415),2026-09-12T06:27:54.206321,22.37699,87.58467,70.9,27.89,84.8,312.02,Low,Heatwave,21.1,High Risk,High,373.1
TRK-114,DRV-814,Pradeep Mohanty,Steel & Mineral Hauler (Ashok Leyland Boss 1415),2026-09-12T06:31:54.206321,22.34143,87.38633,75.1,25.66,81.4,291.22,Low,Heatwave,26.3,High Risk,High,323.9
TRK-114,DRV-814,Pradeep Mohanty,Steel & Mineral Hauler (Ashok Leyland Boss 1415),2026-09-12T06:35:54.206321,22.20208,87.33467,45.6,32.0,76.1,270.42,High,Heatwave,31.6,High Risk,High,754.0
TRK-114,DRV-814,Pradeep Mohanty,Steel & Mineral Hauler (Ashok Leyland Boss 1415),2026-09-12T06:39:54.206321,22.0207,87.31509,55.8,30.12,70.6,249.62,High,Heatwave,36.8,High Risk,High,565.9
TRK-114,DRV-814,Pradeep Mohanty,Steel & Mineral Hauler (Ashok Leyland Boss 1415),2026-09-12T06:43:54.206321,21.84996,87.2311,67.6,26.05,68.3,228.82,Low,Heatwave,42.1,High Risk,High,281.2
TRK-114,DRV-814,Pradeep Mohanty,Steel & Mineral Hauler (Ashok Leyland Boss 1415),2026-09-12T06:47:54.206321,21.70249,87.10875,71.8,25.83,62.1,208.02,Low,Heatwave,47.4,High Risk,High,243.8
TRK-114,DRV-814,Pradeep Mohanty,Steel & Mineral Hauler (Ashok Leyland Boss 1415),2026-09-12T06:51:54.206321,21.56096,86.97659,77.4,24.61,61.3,187.21,Low,Heatwave,52.6,High Risk,High,201.7
TRK-114,DRV-814,Pradeep Mohanty,Steel & Mineral Hauler (Ashok Leyland Boss 1415),2026-09-12T06:55:54.206321,21.42449,86.83882,76.7,28.26,57.3,166.41,Low,Heatwave,57.9,High Risk,High,183.7
TRK-114,DRV-814,Pradeep Mohanty,Steel & Mineral Hauler (Ashok Leyland Boss 1415),2026-09-12T06:59:54.206321,21.29263,86.69593,48.6,32.35,54.2,145.61,High,Heatwave,63.2,High Risk,High,375.9
TRK-114,DRV-814,Pradeep Mohanty,Steel & Mineral Hauler (Ashok Leyland Boss 1415),2026-09-12T07:03:54.206321,21.14536,86.57171,64.9,26.29,49.9,124.81,Low,Heatwave,68.4,High Risk,High,160.8
TRK-114,DRV-814,Pradeep Mohanty,Steel & Mineral Hauler (Ashok Leyland Boss 1415),2026-09-12T07:07:54.206321,20.99765,86.44801,26.3,36.74,45.4,104.01,Severe,Heatwave,73.7,Delayed,High,665.4
TRK-114,DRV-814,Pradeep Mohanty,Steel & Mineral Hauler (Ashok Leyland Boss 1415),2026-09-12T07:11:54.206321,20.84991,86.32805,49.6,32.16,42.8,83.21,High,Heatwave,78.9,High Risk,High,209.9
TRK-114,DRV-814,Pradeep Mohanty,Steel & Mineral Hauler (Ashok Leyland Boss 1415),2026-09-12T07:15:54.206321,20.72308,86.18882,76.0,26.14,33.7,62.4,Low,Heatwave,84.2,In Transit,Moderate,69.9
TRK-114,DRV-814,Pradeep Mohanty,Steel & Mineral Hauler (Ashok Leyland Boss 1415),2026-09-12T07:19:54.206321,20.59703,86.04079,65.1,28.75,34.0,41.6,Low,Heatwave,89.5,In Transit,Moderate,53.4
TRK-114,DRV-814,Pradeep Mohanty,Steel & Mineral Hauler (Ashok Leyland Boss 1415),2026-09-12T07:23:54.206321,20.47098,85.89276,44.1,34.99,28.1,20.8,High,Heatwave,94.7,High Risk,High,61.2
TRK-114,DRV-814,Pradeep Mohanty,Steel & Mineral Hauler (Ashok Leyland Boss 1415),2026-09-12T07:27:54.206321,20.2961,85.8245,68.2,23.82,24.3,0.0,Low,Heatwave,100.0,Arrived,Low,5.6
TRK-114,DRV-814,Pradeep Mohanty,Steel & Mineral Hauler (Ashok Leyland Boss 1415),2026-09-12T20:11:54.206321,22.5726,88.3639,85.7,23.89,100.8,395.23,Low,Clear,0.0,In Transit,Low,278.8
TRK-114,DRV-814,Pradeep Mohanty,Steel & Mineral Hauler (Ashok Leyland Boss 1415),2026-09-12T20:15:54.206321,22.51612,88.17109,56.3,30.0,93.3,374.43,High,Clear,5.3,High Risk,High,592.9
TRK-114,DRV-814,Pradeep Mohanty,Steel & Mineral Hauler (Ashok Leyland Boss 1415),2026-09-12T20:19:54.206321,22.45964,87.97829,65.7,28.2,91.0,353.63,Moderate,Clear,10.5,High Risk,High,392.5
TRK-114,DRV-814,Pradeep Mohanty,Steel & Mineral Hauler (Ashok Leyland Boss 1415),2026-09-12T20:23:54.206321,22.41254,87.783,77.0,23.59,85.1,332.82,Low,Clear,15.8,In Transit,Low,263.1
TRK-114,DRV-814,Pradeep Mohanty,Steel & Mineral Hauler (Ashok Leyland Boss 1415),2026-09-12T20:27:54.206321,22.37699,87.58467,62.7,28.18,84.3,312.02,Moderate,Clear,21.1,High Risk,High,360.6
TRK-114,DRV-814,Pradeep Mohanty,Steel & Mineral Hauler (Ashok Leyland Boss 1415),2026-09-12T20:31:54.206321,22.34143,87.38633,81.3,24.87,77.5,291.22,Low,Clear,26.3,In Transit,Low,219.1
TRK-114,DRV-814,Pradeep Mohanty,Steel & Mineral Hauler (Ashok Leyland Boss 1415),2026-09-12T20:35:54.206321,22.20208,87.33467,88.7,25.59,74.8,270.42,Low,Clear,31.6,In Transit,Low,185.5
TRK-114,DRV-814,Pradeep Mohanty,Steel & Mineral Hauler (Ashok Leyland Boss 1415),2026-09-12T20:39:54.206321,22.0207,87.31509,64.3,24.19,72.7,249.62,Moderate,Clear,36.8,High Risk,High,281.5
TRK-114,DRV-814,Pradeep Mohanty,Steel & Mineral Hauler (Ashok Leyland Boss 1415),2026-09-12T20:43:54.206321,21.84996,87.2311,56.7,30.8,67.7,228.82,High,Clear,42.1,High Risk,High,357.7
TRK-114,DRV-814,Pradeep Mohanty,Steel & Mineral Hauler (Ashok Leyland Boss 1415),2026-09-12T20:47:54.206321,21.70249,87.10875,70.9,23.07,63.8,208.02,Moderate,Clear,47.4,High Risk,High,211.9
TRK-114,DRV-814,Pradeep Mohanty,Steel & Mineral Hauler (Ashok Leyland Boss 1415),2026-09-12T20:51:54.206321,21.56096,86.97659,69.9,25.73,60.6,187.21,Moderate,Clear,52.6,High Risk,High,191.7
TRK-114,DRV-814,Pradeep Mohanty,Steel & Mineral Hauler (Ashok Leyland Boss 1415),2026-09-12T20:55:54.206321,21.42449,86.83882,71.6,24.74,59.2,166.41,Moderate,Clear,57.9,High Risk,High,168.6
TRK-114,DRV-814,Pradeep Mohanty,Steel & Mineral Hauler (Ashok Leyland Boss 1415),2026-09-12T20:59:54.206321,21.29263,86.69593,51.3,32.17,49.2,145.61,High,Clear,63.2,High Risk,High,249.8
TRK-114,DRV-814,Pradeep Mohanty,Steel & Mineral Hauler (Ashok Leyland Boss 1415),2026-09-12T21:03:54.206321,21.14536,86.57171,55.7,30.36,47.3,124.81,High,Clear,68.4,High Risk,High,198.1
TRK-114,DRV-814,Pradeep Mohanty,Steel & Mineral Hauler (Ashok Leyland Boss 1415),2026-09-12T21:07:54.206321,20.99765,86.44801,65.3,27.56,43.9,104.01,Moderate,Clear,73.7,In Transit,Moderate,112.0
TRK-114,DRV-814,Pradeep Mohanty,Steel & Mineral Hauler (Ashok Leyland Boss 1415),2026-09-12T21:11:54.206321,20.84991,86.32805,76.0,27.62,39.9,83.21,Moderate,Clear,78.9,In Transit,Low,75.0
TRK-114,DRV-814,Pradeep Mohanty,Steel & Mineral Hauler (Ashok Leyland Boss 1415),2026-09-12T21:15:54.206321,20.72308,86.18882,51.9,32.45,41.5,62.4,High,Clear,84.2,High Risk,High,100.9
TRK-114,DRV-814,Pradeep Mohanty,Steel & Mineral Hauler (Ashok Leyland Boss 1415),2026-09-12T21:19:54.206321,20.59703,86.04079,54.3,31.84,34.2,41.6,High,Clear,89.5,High Risk,High,74.5
TRK-114,DRV-814,Pradeep Mohanty,Steel & Mineral Hauler (Ashok Leyland Boss 1415),2026-09-12T21:23:54.206321,20.47098,85.89276,79.9,25.17,25.9,20.8,Low,Clear,94.7,In Transit,Low,22.5
TRK-114,DRV-814,Pradeep Mohanty,Steel & Mineral Hauler (Ashok Leyland Boss 1415),2026-09-12T21:27:54.206321,20.2961,85.8245,57.4,31.6,26.4,0.0,High,Clear,100.0,In Transit,Moderate,0.5
TRK-114,DRV-814,Pradeep Mohanty,Steel & Mineral Hauler (Ashok Leyland Boss 1415),2026-09-13T10:11:54.206321,22.5726,88.3639,69.5,26.02,99.6,395.23,Moderate,Clear,0.0,High Risk,High,415.7
TRK-114,DRV-814,Pradeep Mohanty,Steel & Mineral Hauler (Ashok Leyland Boss 1415),2026-09-13T10:15:54.206321,22.51612,88.17109,74.5,27.42,97.1,374.43,Moderate,Clear,5.3,High Risk,High,361.8
TRK-114,DRV-814,Pradeep Mohanty,Steel & Mineral Hauler (Ashok Leyland Boss 1415),2026-09-13T10:19:54.206321,22.45964,87.97829,87.7,23.97,90.8,353.63,Low,Clear,10.5,In Transit,Low,242.6
TRK-114,DRV-814,Pradeep Mohanty,Steel & Mineral Hauler (Ashok Leyland Boss 1415),2026-09-13T10:23:54.206321,22.41254,87.783,90.8,23.48,89.4,332.82,Low,Clear,15.8,In Transit,Low,221.7
TRK-114,DRV-814,Pradeep Mohanty,Steel & Mineral Hauler (Ashok Leyland Boss 1415),2026-09-13T10:27:54.206321,22.37699,87.58467,43.6,37.77,84.2,312.02,Severe,Clear,21.1,High Risk,High,855.9
TRK-114,DRV-814,Pradeep Mohanty,Steel & Mineral Hauler (Ashok Leyland Boss 1415),2026-09-13T10:31:54.206321,22.34143,87.38633,57.3,31.11,78.3,291.22,High,Clear,26.3,High Risk,High,449.7
TRK-114,DRV-814,Pradeep Mohanty,Steel & Mineral Hauler (Ashok Leyland Boss 1415),2026-09-13T10:35:54.206321,22.20208,87.33467,58.6,33.97,75.1,270.42,High,Clear,31.6,High Risk,High,414.5
TRK-114,DRV-814,Pradeep Mohanty,Steel & Mineral Hauler (Ashok Leyland Boss 1415),2026-09-13T10:39:54.206321,22.0207,87.31509,83.2,26.65,72.7,249.62,Moderate,Clear,36.8,High Risk,High,222.0
TRK-114,DRV-814,Pradeep Mohanty,Steel & Mineral Hauler (Ashok Leyland Boss 1415),2026-09-13T10:43:54.206321,21.84996,87.2311,64.1,26.43,68.7,228.82,Moderate,Clear,42.1,High Risk,High,257.1
TRK-114,DRV-814,Pradeep Mohanty,Steel & Mineral Hauler (Ashok Leyland Boss 1415),2026-09-13T10:47:54.206321,21.70249,87.10875,67.7,31.94,65.4,208.02,High,Clear,47.4,High Risk,High,271.4
TRK-114,DRV-814,Pradeep Mohanty,Steel & Mineral Hauler (Ashok Leyland Boss 1415),2026-09-13T10:51:54.206321,21.56096,86.97659,29.6,39.25,61.3,187.21,Severe,Clear,52.6,Delayed,High,757.7
TRK-114,DRV-814,Pradeep Mohanty,Steel & Mineral Hauler (Ashok Leyland Boss 1415),2026-09-13T10:55:54.206321,21.42449,86.83882,34.6,37.92,59.2,166.41,Severe,Clear,57.9,Delayed,High,573.4
TRK-114,DRV-814,Pradeep Mohanty,Steel & Mineral Hauler (Ashok Leyland Boss 1415),2026-09-13T10:59:54.206321,21.29263,86.69593,47.5,36.13,49.2,145.61,Severe,Clear,63.2,High Risk,High,369.8
TRK-114,DRV-814,Pradeep Mohanty,Steel & Mineral Hauler (Ashok Leyland Boss 1415),2026-09-13T11:03:54.206321,21.14536,86.57171,80.5,24.45,46.3,124.81,Low,Clear,68.4,In Transit,Low,92.6
TRK-114,DRV-814,Pradeep Mohanty,Steel & Mineral Hauler (Ashok Leyland Boss 1415),2026-09-13T11:07:54.206321,20.99765,86.44801,44.9,37.62,45.6,104.01,Severe,Clear,73.7,High Risk,High,277.9
TRK-114,DRV-814,Pradeep Mohanty,Steel & Mineral Hauler (Ashok Leyland Boss 1415),2026-09-13T11:11:54.206321,20.84991,86.32805,56.0,31.67,39.9,83.21,High,Clear,78.9,High Risk,High,133.5
TRK-114,DRV-814,Pradeep Mohanty,Steel & Mineral Hauler (Ashok Leyland Boss 1415),2026-09-13T11:15:54.206321,20.72308,86.18882,78.0,28.19,38.6,62.4,Moderate,Clear,84.2,In Transit,Moderate,59.5
TRK-114,DRV-814,Pradeep Mohanty,Steel & Mineral Hauler (Ashok Leyland Boss 1415),2026-09-13T11:19:54.206321,20.59703,86.04079,75.5,26.42,31.5,41.6,Low,Clear,89.5,In Transit,Low,28.2
TRK-114,DRV-814,Pradeep Mohanty,Steel & Mineral Hauler (Ashok Leyland Boss 1415),2026-09-13T11:23:54.206321,20.47098,85.89276,91.3,28.01,29.1,20.8,Low,Clear,94.7,In Transit,Moderate,24.5
TRK-114,DRV-814,Pradeep Mohanty,Steel & Mineral Hauler (Ashok Leyland Boss 1415),2026-09-13T11:27:54.206321,20.2961,85.8245,77.3,29.12,22.9,0.0,Moderate,Clear,100.0,Arrived,Low,0.8
TRK-114,DRV-814,Pradeep Mohanty,Steel & Mineral Hauler (Ashok Leyland Boss 1415),2026-09-14T00:11:54.206321,22.5726,88.3639,69.9,27.93,101.0,395.23,Moderate,Clear,0.0,High Risk,High,405.6
TRK-114,DRV-814,Pradeep Mohanty,Steel & Mineral Hauler (Ashok Leyland Boss 1415),2026-09-14T00:15:54.206321,22.51612,88.17109,86.4,23.17,91.9,374.43,Low,Clear,5.3,In Transit,Low,258.6
TRK-114,DRV-814,Pradeep Mohanty,Steel & Mineral Hauler (Ashok Leyland Boss 1415),2026-09-14T00:19:54.206321,22.45964,87.97829,62.3,27.56,96.3,353.63,High,Clear,10.5,High Risk,High,511.2
TRK-114,DRV-814,Pradeep Mohanty,Steel & Mineral Hauler (Ashok Leyland Boss 1415),2026-09-14T00:23:54.206321,22.41254,87.783,38.0,35.4,87.0,332.82,Severe,Clear,15.8,Delayed,High,1040.6
TRK-114,DRV-814,Pradeep Mohanty,Steel & Mineral Hauler (Ashok Leyland Boss 1415),2026-09-14T00:27:54.206321,22.37699,87.58467,54.7,32.56,84.6,312.02,High,Clear,21.1,High Risk,High,518.6
TRK-114,DRV-814,Pradeep Mohanty,Steel & Mineral Hauler (Ashok Leyland Boss 1415),2026-09-14T00:31:54.206321,22.34143,87.38633,57.1,29.17,83.5,291.22,High,Clear,26.3,High Risk,High,464.3
TRK-114,DRV-814,Pradeep Mohanty,Steel & Mineral Hauler (Ashok Leyland Boss 1415),2026-09-14T00:35:54.206321,22.20208,87.33467,53.8,33.27,76.0,270.42,High,Clear,31.6,High Risk,High,455.6
TRK-114,DRV-814,Pradeep Mohanty,Steel & Mineral Hauler (Ashok Leyland Boss 1415),2026-09-14T00:39:54.206321,22.0207,87.31509,69.3,28.02,73.2,249.62,Moderate,Clear,36.8,High Risk,High,255.9
TRK-114,DRV-814,Pradeep Mohanty,Steel & Mineral Hauler (Ashok Leyland Boss 1415),2026-09-14T00:43:54.206321,21.84996,87.2311,89.1,24.08,68.5,228.82,Low,Clear,42.1,In Transit,Low,153.9
TRK-114,DRV-814,Pradeep Mohanty,Steel & Mineral Hauler (Ashok Leyland Boss 1415),2026-09-14T00:47:54.206321,21.70249,87.10875,76.6,24.93,65.6,208.02,Low,Clear,47.4,In Transit,Low,159.8
TRK-114,DRV-814,Pradeep Mohanty,Steel & Mineral Hauler (Ashok Leyland Boss 1415),2026-09-14T00:51:54.206321,21.56096,86.97659,88.3,24.14,60.8,187.21,Low,Clear,52.6,In Transit,Low,121.0
TRK-114,DRV-814,Pradeep Mohanty,Steel & Mineral Hauler (Ashok Leyland Boss 1415),2026-09-14T00:55:54.206321,21.42449,86.83882,84.3,25.75,54.5,166.41,Low,Clear,57.9,In Transit,Low,118.3
TRK-114,DRV-814,Pradeep Mohanty,Steel & Mineral Hauler (Ashok Leyland Boss 1415),2026-09-14T00:59:54.206321,21.29263,86.69593,67.1,29.96,52.5,145.61,Moderate,Clear,63.2,High Risk,High,160.3
TRK-114,DRV-814,Pradeep Mohanty,Steel & Mineral Hauler (Ashok Leyland Boss 1415),2026-09-14T01:03:54.206321,21.14536,86.57171,73.0,28.73,48.8,124.81,Moderate,Clear,68.4,High Risk,High,128.1
TRK-114,DRV-814,Pradeep Mohanty,Steel & Mineral Hauler (Ashok Leyland Boss 1415),2026-09-14T01:07:54.206321,20.99765,86.44801,88.2,23.64,45.0,104.01,Low,Clear,73.7,In Transit,Low,68.3
TRK-114,DRV-814,Pradeep Mohanty,Steel & Mineral Hauler (Ashok Leyland Boss 1415),2026-09-14T01:11:54.206321,20.84991,86.32805,89.8,22.68,41.9,83.21,Low,Clear,78.9,In Transit,Low,54.3
TRK-114,DRV-814,Pradeep Mohanty,Steel & Mineral Hauler (Ashok Leyland Boss 1415),2026-09-14T01:15:54.206321,20.72308,86.18882,35.3,33.88,36.3,62.4,Severe,Clear,84.2,Delayed,High,213.3
TRK-114,DRV-814,Pradeep Mohanty,Steel & Mineral Hauler (Ashok Leyland Boss 1415),2026-09-14T01:19:54.206321,20.59703,86.04079,93.3,23.75,30.5,41.6,Low,Clear,89.5,In Transit,Low,22.4
TRK-114,DRV-814,Pradeep Mohanty,Steel & Mineral Hauler (Ashok Leyland Boss 1415),2026-09-14T01:23:54.206321,20.47098,85.89276,66.8,29.21,31.2,20.8,High,Clear,94.7,In Transit,Moderate,29.7
TRK-114,DRV-814,Pradeep Mohanty,Steel & Mineral Hauler (Ashok Leyland Boss 1415),2026-09-14T01:27:54.206321,20.2961,85.8245,40.3,32.53,25.9,0.0,Severe,Clear,100.0,Arrived,Low,0.5
